policy_id,policyholder_name,property_address,zone_id,coastal_zone_flag,construction_type,year_built,coverage_type,total_insured_value,policy_start_date,annual_premium
GC-000001,Allison Hill,"18196 Anthony Forge, Marsh Point, Belmara County",Z2,Y,Superior (Reinforced Concrete),1999,Homeowners,534800.0,2022-04-12,2181.5
GC-000002,Lance Hoffman,"79402 Peterson Drives Apt. 511, Port Alden, Belmara County",Z1,Y,Masonry,1972,Homeowners,237300.0,2024-08-25,1270.23
GC-000003,Ian Cooper,"78161 Calderon River Suite 931, Millbrook, Belmara County",Z6,N,Masonry Veneer,1991,Homeowners,226300.0,2022-04-05,805.99
GC-000004,Darren Roberts,"16475 Mitchell Fords, Ridgeview, Belmara County",Z4,N,Frame,2000,Homeowners,235700.0,2025-02-08,888.19
GC-000005,Mia Sutton,"283 Steven Groves, Millbrook, Belmara County",Z6,N,Frame,2003,Homeowners,204300.0,2024-06-21,760.85
GC-000006,Margaret Hawkins DDS,"05641 Robin Port, Cape Verrin, Belmara County",Z3,Y,Frame,1967,Homeowners,330300.0,2022-01-23,2177.94
GC-000007,Emily Rios,"724 John Points Suite 969, Millbrook, Belmara County",Z6,N,Masonry,1997,Homeowners,278200.0,2021-04-02,876.17
GC-000008,Daniel Bright,"01226 Paul Ranch Suite 848, Cape Verrin, Belmara County",Z3,Y,Frame,1978,Commercial,1084600.0,2026-05-10,8814.3
GC-000009,Alexandra Le,"514 Moore Alley Suite 828, Port Alden, Belmara County",Z1,Y,Masonry Veneer,1963,Homeowners,243200.0,2025-02-09,1484.44
GC-000010,Sheila Evans,"52880 Burns Creek, Millbrook, Belmara County",Z6,N,Masonry Veneer,2011,Homeowners,303100.0,2025-10-17,1018.42
GC-000011,Sherry Decker,"03911 Cabrera Trace Apt. 278, Cape Verrin, Belmara County",Z3,Y,Superior (Reinforced Concrete),1996,Homeowners,372100.0,2023-03-03,1535.55
GC-000012,Joseph Obrien,"346 Kim Path, Marsh Point, Belmara County",Z2,Y,Frame,1967,Homeowners,298500.0,2021-03-06,1968.26
GC-000013,David Brown,"839 Adrian Station, Port Alden, Belmara County",Z1,Y,Frame,1959,Homeowners,202000.0,2025-03-03,1368.82
GC-000014,Crystal Whitehead,"83473 Jennifer Ports Suite 376, Ridgeview, Belmara County",Z4,N,Masonry,1987,Commercial,903900.0,2026-02-07,3788.26
GC-000015,Brent Jordan,"7010 Chandler Union Apt. 333, Cape Verrin, Belmara County",Z3,Y,Frame,2014,Homeowners,176000.0,2022-11-15,1003.9
GC-000016,Brenda White,"17810 Tanya Terrace Apt. 267, Ridgeview, Belmara County",Z4,N,Masonry Veneer,1984,Homeowners,273300.0,2025-11-28,999.1
GC-000017,Dr. Steven Martin,"4746 Moore Hill, Ridgeview, Belmara County",Z4,N,Frame,1990,Homeowners,324400.0,2025-09-11,1270.19
GC-000018,Anthony Fitzgerald,"500 Shaw Walk, Port Alden, Belmara County",Z1,Y,Masonry,1989,Commercial,330200.0,2024-12-01,2129.06
GC-000019,Amy Romero,"91361 Beth Canyon, Ridgeview, Belmara County",Z4,N,Masonry,2024,Commercial,1783800.0,2022-11-13,6947.9
GC-000020,Jennifer Silva,"3534 Anderson Rue Suite 751, Hollow Bay, Belmara County",Z5,N,Masonry,2003,Homeowners,321900.0,2025-12-27,990.32
GC-000021,Marc Hart,"83842 Ibarra Gardens, Millbrook, Belmara County",Z6,N,Frame,1995,Commercial,648900.0,2024-11-09,3194.18
GC-000022,Christopher Bass,"808 Huynh Cove Apt. 411, Marsh Point, Belmara County",Z2,Y,Frame,1993,Homeowners,314800.0,2025-01-19,1888.99
GC-000023,Brittney Campbell,"534 King Vista, Cape Verrin, Belmara County",Z3,Y,Masonry,1968,Homeowners,414300.0,2026-01-25,2248.91
GC-000024,Mark Calderon,"52427 Hoffman Creek, Marsh Point, Belmara County",Z2,Y,Masonry,1971,Commercial,2526600.0,2022-07-18,17389.24
GC-000025,Stephen Mckee,"9826 Bobby Lakes, Marsh Point, Belmara County",Z2,Y,Masonry,1974,Commercial,1431800.0,2022-11-30,9750.58
GC-000026,Rebecca Valencia,"31586 Sara Freeway Apt. 260, Ridgeview, Belmara County",Z4,N,Masonry,1997,Homeowners,320200.0,2025-09-04,1008.45
GC-000027,Tim Patton,"342 Patrick Camp Suite 337, Cape Verrin, Belmara County",Z3,Y,Masonry,1974,Homeowners,302800.0,2022-02-05,1609.42
GC-000028,Robert Savage,"36541 Bell Pass, Ridgeview, Belmara County",Z4,N,Frame,2021,Homeowners,506200.0,2023-01-22,1862.82
GC-000029,William Herrera,"42940 Candace Key, Hollow Bay, Belmara County",Z5,N,Frame,2024,Commercial,1142300.0,2023-02-03,5385.94
GC-000030,Emily Obrien,"9340 Smith Valley, Ridgeview, Belmara County",Z4,N,Frame,1976,Homeowners,290300.0,2026-01-18,1196.5
GC-000031,Michelle Harmon,"6159 Alvarado Crossing, Millbrook, Belmara County",Z6,N,Frame,2018,Homeowners,290000.0,2026-05-31,1067.2
GC-000032,Elizabeth Parker,"6482 Robert Light Apt. 994, Port Alden, Belmara County",Z1,Y,Superior (Reinforced Concrete),1981,Homeowners,356300.0,2021-12-12,1555.18
GC-000033,Roy Torres,"9957 Ramos Forest, Millbrook, Belmara County",Z6,N,Masonry,2000,Commercial,1470300.0,2023-10-12,5864.26
GC-000034,Rebecca Moyer,"148 Davis Terrace, Marsh Point, Belmara County",Z2,Y,Frame,1997,Commercial,1300400.0,2024-02-18,9845.78
GC-000035,Eric Drake,"03791 Perry Roads, Millbrook, Belmara County",Z6,N,Masonry Veneer,2012,Homeowners,597900.0,2025-02-05,2008.94
GC-000036,Michelle Cruz,"20163 Linda Square Suite 083, Ridgeview, Belmara County",Z4,N,Frame,2002,Homeowners,169200.0,2025-10-10,632.62
GC-000037,Barbara Anderson,"889 Dodson Mills Suite 872, Millbrook, Belmara County",Z6,N,Frame,1999,Homeowners,240100.0,2025-03-08,908.31
GC-000038,Karen Green,"487 Joshua Club, Ridgeview, Belmara County",Z4,N,Masonry Veneer,2012,Homeowners,625700.0,2026-03-22,2102.35
GC-000039,Cynthia Rogers,"23623 Robert Isle, Ridgeview, Belmara County",Z4,N,Frame,2004,Homeowners,289200.0,2025-12-05,1072.77
GC-000040,Jennifer Clark,"9096 Smith Knoll Suite 668, Ridgeview, Belmara County",Z4,N,Masonry Veneer,2024,Homeowners,293400.0,2022-03-29,985.82
GC-000041,Kimberly Morrison,"3467 Paul Skyway, Marsh Point, Belmara County",Z2,Y,Masonry,2014,Homeowners,333200.0,2024-04-10,1570.04
GC-000042,Jennifer Martin,"98069 Christopher Meadow Apt. 720, Millbrook, Belmara County",Z6,N,Superior (Reinforced Concrete),1996,Homeowners,380700.0,2021-10-07,1013.58
GC-000043,Garrett Gibson,"4641 Smith Plains Apt. 531, Marsh Point, Belmara County",Z2,Y,Masonry,1994,Homeowners,288200.0,2021-09-10,1423.18
GC-000044,Marissa Webster,"09232 Caldwell Port, Marsh Point, Belmara County",Z2,Y,Masonry Veneer,1971,Homeowners,227400.0,2025-10-25,1350.1
GC-000045,Julie Scott,"99124 Beth Inlet Suite 631, Hollow Bay, Belmara County",Z5,N,Superior (Reinforced Concrete),1982,Homeowners,505700.0,2022-05-05,1418.87
GC-000046,Sandra Sanchez,"919 Michael Meadow Suite 185, Millbrook, Belmara County",Z6,N,Masonry,2016,Homeowners,439200.0,2025-02-09,1335.17
GC-000047,Jason Henry,"7262 Gilbert Plain Suite 769, Marsh Point, Belmara County",Z2,Y,Frame,1999,Homeowners,154300.0,2023-06-22,904.77
GC-000048,Samuel Rivas,"7379 Rogers Park, Cape Verrin, Belmara County",Z3,Y,Masonry Veneer,2011,Homeowners,427200.0,2023-08-30,2224.86
GC-000049,Catherine Lewis,"4948 Zachary Field Apt. 367, Millbrook, Belmara County",Z6,N,Frame,1976,Homeowners,653500.0,2021-02-20,2693.47
GC-000050,Cynthia Alvarez,"0143 Holt Inlet Suite 788, Cape Verrin, Belmara County",Z3,Y,Masonry,2000,Homeowners,143300.0,2025-09-12,691.44
GC-000051,Zachary Pierce,"744 Hall Stravenue Apt. 518, Port Alden, Belmara County",Z1,Y,Frame,1952,Commercial,1405100.0,2025-05-15,12486.89
GC-000052,Melissa Lee,"9894 Marissa Hill Apt. 524, Port Alden, Belmara County",Z1,Y,Masonry,2024,Homeowners,611800.0,2026-01-18,2882.8
GC-000053,Joseph Hill,"427 Monique Ports, Port Alden, Belmara County",Z1,Y,Superior (Reinforced Concrete),1964,Homeowners,122300.0,2024-10-01,566.81
GC-000054,John Peterson,"7116 Jones Roads, Port Alden, Belmara County",Z1,Y,Superior (Reinforced Concrete),1997,Homeowners,405800.0,2023-12-18,1668.18
GC-000055,Brittany Shepherd,"31869 Kimberly Light Suite 749, Millbrook, Belmara County",Z6,N,Frame,1995,Homeowners,258900.0,2024-06-14,994.67
GC-000056,Elizabeth Oliver DDS,"34123 Andrea Estate, Marsh Point, Belmara County",Z2,Y,Superior (Reinforced Concrete),1994,Homeowners,564400.0,2021-09-04,2347.04
GC-000057,Jerry Wheeler,"34471 Sandra Turnpike Apt. 618, Port Alden, Belmara County",Z1,Y,Masonry,1975,Homeowners,252600.0,2021-04-04,1337.84
GC-000058,Chase Baker,"02499 Gonzales Mountain, Hollow Bay, Belmara County",Z5,N,Masonry,1986,Homeowners,275100.0,2022-07-05,903.21
GC-000059,Melissa Bender,"1906 Munoz Burg Apt. 399, Marsh Point, Belmara County",Z2,Y,Masonry,1980,Commercial,1183000.0,2024-01-29,7884.84
GC-000060,Yvonne Chambers,"027 Moon Falls Suite 717, Port Alden, Belmara County",Z1,Y,Frame,1989,Commercial,4451700.0,2024-09-10,34746.46
GC-000061,Gary Santiago,"6746 Shawn Island, Ridgeview, Belmara County",Z4,N,Masonry,2005,Homeowners,416200.0,2026-04-16,1270.31
GC-000062,Brian Barton,"876 Jacob Lake, Marsh Point, Belmara County",Z2,Y,Masonry,2024,Commercial,337300.0,2026-02-02,2036.36
GC-000063,Kathleen Ramos,"48247 Martinez Roads, Hollow Bay, Belmara County",Z5,N,Masonry,1989,Homeowners,195900.0,2024-08-18,636.03
GC-000064,Cynthia Moore,"613 Steven Crest, Port Alden, Belmara County",Z1,Y,Frame,1979,Homeowners,307800.0,2026-04-30,1945.31
GC-000065,Brittany Cantu,"467 Sanchez Plaza Apt. 639, Ridgeview, Belmara County",Z4,N,Frame,1999,Homeowners,137200.0,2025-07-08,519.03
GC-000066,Sherry Shields,"5840 Barber Villages Suite 278, Ridgeview, Belmara County",Z4,N,Masonry Veneer,2012,Homeowners,367500.0,2024-11-18,1234.8
GC-000067,Mr. Phillip Bennett,"39636 Louis Mountains Suite 627, Cape Verrin, Belmara County",Z3,Y,Masonry,2016,Homeowners,352100.0,2023-10-06,1659.1
GC-000068,Beth Sanford,"71870 Robert Shoal Apt. 174, Hollow Bay, Belmara County",Z5,N,Frame,2023,Homeowners,234500.0,2023-05-23,862.96
GC-000069,Michael Santos,"865 Brennan Camp Apt. 343, Marsh Point, Belmara County",Z2,Y,Masonry,1950,Homeowners,273200.0,2023-11-09,1575.68
GC-000070,Jessica Garcia,"2400 Flynn Hill, Marsh Point, Belmara County",Z2,Y,Frame,1993,Commercial,1006400.0,2023-05-01,7737.48
GC-000071,Jeffrey Sanchez,"222 Chelsea Light Apt. 792, Cape Verrin, Belmara County",Z3,Y,Frame,1991,Homeowners,201200.0,2025-02-01,1216.5
GC-000072,Mark Stevens,"4821 Landry Radial, Hollow Bay, Belmara County",Z5,N,Masonry Veneer,1989,Homeowners,281100.0,2024-03-02,1008.72
GC-000073,Victor Vaughn,"3671 Patrick Knolls Suite 406, Ridgeview, Belmara County",Z4,N,Masonry,2013,Commercial,1465400.0,2024-06-07,5707.73
GC-000074,Keith Jennings,"743 Robinson Field, Port Alden, Belmara County",Z1,Y,Masonry,1979,Homeowners,311000.0,2021-12-05,1623.7
GC-000075,Megan Le,"104 Johnson Lakes, Cape Verrin, Belmara County",Z3,Y,Masonry Veneer,1982,Commercial,1432700.0,2024-08-17,10477.81
GC-000076,Ann Phillips,"32858 Rivas Glens Suite 451, Hollow Bay, Belmara County",Z5,N,Frame,1969,Commercial,2791300.0,2021-02-08,15108.8
GC-000077,Bernard Webster,"685 Krystal Bridge, Cape Verrin, Belmara County",Z3,Y,Frame,2013,Homeowners,126200.0,2022-04-01,719.84
GC-000078,Caleb Richardson,"651 Thomas River Suite 931, Port Alden, Belmara County",Z1,Y,Masonry,1997,Commercial,2729500.0,2024-04-29,17071.91
GC-000079,Julie Haynes,"20047 Colton Plain Apt. 675, Cape Verrin, Belmara County",Z3,Y,Frame,1950,Homeowners,455900.0,2022-11-16,3182.96
GC-000080,Natalie Bautista,"261 Gilbert Harbors Apt. 537, Millbrook, Belmara County",Z6,N,Frame,2001,Commercial,1963200.0,2024-06-06,9441.62
GC-000081,David Cox,"506 Lopez Crossing Suite 139, Marsh Point, Belmara County",Z2,Y,Masonry,1975,Commercial,609100.0,2025-05-09,4133.27
GC-000082,Amber Cook,"318 Brenda Via, Cape Verrin, Belmara County",Z3,Y,Superior (Reinforced Concrete),2024,Homeowners,200900.0,2024-10-03,797.17
GC-000083,Erin Hernandez,"2284 Daniel Way, Ridgeview, Belmara County",Z4,N,Frame,1988,Homeowners,195300.0,2023-01-10,770.45
GC-000084,Adrian Tyler,"502 Williams Streets, Millbrook, Belmara County",Z6,N,Masonry,1971,Homeowners,328500.0,2023-01-02,1138.45
GC-000085,Brian Brown,"8917 Sonia Cape Suite 700, Marsh Point, Belmara County",Z2,Y,Frame,2018,Commercial,385300.0,2021-01-10,2815.87
GC-000086,Dr. Jessica Rodriguez DDS,"15921 Joshua Roads Suite 698, Millbrook, Belmara County",Z6,N,Masonry Veneer,2017,Commercial,821200.0,2021-06-26,3535.27
GC-000087,Jonathan Jordan,"836 Beasley Loop, Marsh Point, Belmara County",Z2,Y,Masonry,2008,Homeowners,241000.0,2026-05-07,1135.59
GC-000088,Jesse Perry,"6545 Gloria Mountains, Cape Verrin, Belmara County",Z3,Y,Frame,1986,Commercial,1052500.0,2022-12-10,8307.29
GC-000089,Ronald Davis,"528 Brenda Points, Millbrook, Belmara County",Z6,N,Superior (Reinforced Concrete),2022,Commercial,1312500.0,2025-01-21,4305.0
GC-000090,Meagan Jenkins,"049 Bell Ports Apt. 273, Marsh Point, Belmara County",Z2,Y,Frame,1976,Homeowners,203400.0,2025-12-01,1299.42
GC-000091,Hayley Hawkins,"9368 Chelsea Shoals, Marsh Point, Belmara County",Z2,Y,Masonry,1960,Homeowners,482400.0,2021-06-03,2691.31
GC-000092,Debra White,"5022 Jones Streets Apt. 183, Cape Verrin, Belmara County",Z3,Y,Masonry,1978,Homeowners,410400.0,2021-08-24,2150.39
GC-000093,Jesse Moore,"599 Nicole Drives Apt. 901, Cape Verrin, Belmara County",Z3,Y,Masonry Veneer,1969,Homeowners,251900.0,2024-05-15,1506.06
GC-000094,Matthew Tucker,"4381 Jordan Haven Suite 840, Hollow Bay, Belmara County",Z5,N,Masonry,2003,Homeowners,288000.0,2026-02-17,886.03
GC-000095,William Brown,"3244 Wilson Parks, Marsh Point, Belmara County",Z2,Y,Frame,1983,Homeowners,381300.0,2023-09-11,2375.03
GC-000096,Casey James,"851 Hensley Canyon, Millbrook, Belmara County",Z6,N,Frame,2024,Homeowners,310400.0,2021-05-18,1142.27
GC-000097,Joe Miller,"696 Roberts Lodge Apt. 529, Millbrook, Belmara County",Z6,N,Masonry,1995,Commercial,400800.0,2021-02-22,1629.81
GC-000098,Michael Cox,"36968 Randy Inlet Suite 352, Marsh Point, Belmara County",Z2,Y,Frame,1955,Homeowners,414200.0,2025-08-14,2844.57
GC-000099,Mark Schmidt,"5231 Jonathan Extensions, Port Alden, Belmara County",Z1,Y,Frame,1994,Homeowners,190100.0,2025-09-16,1136.38
GC-000100,Paige Rios,"779 Maldonado Port, Marsh Point, Belmara County",Z2,Y,Masonry Veneer,1996,Homeowners,283900.0,2023-12-11,1537.69
GC-000101,Victoria Morris,"71774 Vargas Knoll Apt. 477, Port Alden, Belmara County",Z1,Y,Frame,1973,Homeowners,223100.0,2025-03-17,1440.54
GC-000102,Jacob Mitchell,"986 Carpenter Turnpike, Cape Verrin, Belmara County",Z3,Y,Frame,1966,Homeowners,173300.0,2021-02-16,1146.66
GC-000103,Amanda Stout,"9782 Shannon Valleys, Ridgeview, Belmara County",Z4,N,Frame,1998,Homeowners,257100.0,2022-09-17,976.4
GC-000104,Gwendolyn Klein,"37788 Michael Haven, Cape Verrin, Belmara County",Z3,Y,Superior (Reinforced Concrete),2002,Homeowners,290400.0,2021-01-28,1170.74
GC-000105,Raymond Shelton,"515 Angela Lights, Marsh Point, Belmara County",Z2,Y,Masonry,2003,Commercial,601500.0,2023-01-20,3674.98
GC-000106,Nathaniel Douglas,"1925 Ponce Square, Hollow Bay, Belmara County",Z5,N,Frame,1994,Homeowners,412000.0,2024-04-30,1588.94
GC-000107,Betty Fletcher,"8652 Debbie Manors, Marsh Point, Belmara County",Z2,Y,Frame,1976,Homeowners,179100.0,2021-05-25,1144.18
GC-000108,Alicia Parker,"7332 Chris Vista, Marsh Point, Belmara County",Z2,Y,Masonry,2012,Homeowners,162900.0,2021-08-16,767.58
GC-000109,Katie Fernandez,"592 Moore Falls, Cape Verrin, Belmara County",Z3,Y,Masonry,1980,Homeowners,548200.0,2022-03-01,2851.76
GC-000110,Patricia Lamb,"706 Rhodes Freeway, Marsh Point, Belmara County",Z2,Y,Masonry Veneer,1962,Homeowners,362200.0,2026-06-13,2218.33
GC-000111,Lisa Goodwin,"83473 Gregory Ports Suite 746, Ridgeview, Belmara County",Z4,N,Frame,1990,Homeowners,229900.0,2026-01-28,900.18
GC-000112,Jennifer Martin,"240 Sawyer Plaza, Hollow Bay, Belmara County",Z5,N,Frame,2011,Homeowners,299800.0,2021-04-28,1103.26
GC-000113,Michelle Black,"1247 Mariah Course, Marsh Point, Belmara County",Z2,Y,Frame,1997,Homeowners,307800.0,2024-11-16,1818.9
GC-000114,Courtney Hayes,"60685 Paul Common Suite 305, Cape Verrin, Belmara County",Z3,Y,Masonry Veneer,1971,Homeowners,368900.0,2021-05-20,2190.2
GC-000115,Sara Santos,"04727 Gilbert Common, Port Alden, Belmara County",Z1,Y,Masonry,1999,Homeowners,140400.0,2026-03-07,680.09
GC-000116,Daniel Hernandez,"43410 Robert Underpass Suite 117, Marsh Point, Belmara County",Z2,Y,Masonry,1974,Homeowners,114900.0,2025-08-01,610.71
GC-000117,Alexis Robertson,"246 Christina Garden, Millbrook, Belmara County",Z6,N,Frame,1990,Homeowners,388200.0,2023-02-24,1520.0
GC-000118,Chelsea Barnett,"88888 Peter Mountains Apt. 654, Port Alden, Belmara County",Z1,Y,Masonry,2011,Homeowners,342900.0,2025-05-24,1615.74
GC-000119,Heather Jones,"195 Bradley Plains, Hollow Bay, Belmara County",Z5,N,Superior (Reinforced Concrete),2005,Commercial,757400.0,2022-08-11,2494.21
GC-000120,Marvin Greer,"722 Jennifer Mount Apt. 430, Marsh Point, Belmara County",Z2,Y,Superior (Reinforced Concrete),1998,Homeowners,347600.0,2026-01-26,1423.41
GC-000121,Stacey Stewart,"687 Johnson Rue Apt. 450, Port Alden, Belmara County",Z1,Y,Frame,1997,Homeowners,435700.0,2021-05-12,2574.7
GC-000122,Evelyn Martinez,"6765 Tyler Parks Suite 841, Marsh Point, Belmara County",Z2,Y,Masonry,1978,Homeowners,628400.0,2023-03-11,3292.66
GC-000123,Angela Morrison,"451 Mark Hill, Cape Verrin, Belmara County",Z3,Y,Frame,1988,Homeowners,570400.0,2024-06-02,3487.82
GC-000124,Lance Simmons,"7059 Hill Turnpike Apt. 165, Marsh Point, Belmara County",Z2,Y,Masonry,1950,Homeowners,514900.0,2024-04-17,2969.68
GC-000125,Nicole Moore,"97021 Kimberly Lakes, Marsh Point, Belmara County",Z2,Y,Frame,1997,Homeowners,476300.0,2024-06-08,2814.62
GC-000126,Travis Johnson,"755 Hines Ports, Cape Verrin, Belmara County",Z3,Y,Superior (Reinforced Concrete),2002,Homeowners,431100.0,2021-10-16,1737.97
GC-000127,Jacob Edwards,"10278 Mcintyre Crest Suite 473, Port Alden, Belmara County",Z1,Y,Masonry,1996,Homeowners,324500.0,2023-03-17,1590.21
GC-000128,Donna Hendricks DDS,"17271 Contreras Station, Cape Verrin, Belmara County",Z3,Y,Frame,2024,Homeowners,190600.0,2025-07-30,1087.18
GC-000129,Joshua Vance,"258 David Flats, Port Alden, Belmara County",Z1,Y,Frame,2005,Homeowners,424600.0,2023-01-25,2431.61
GC-000130,Cynthia Snyder,"957 Cheryl Corners Apt. 467, Cape Verrin, Belmara County",Z3,Y,Masonry,2009,Commercial,1349000.0,2023-05-22,8144.25
GC-000131,Patricia Morrow,"51778 Anderson Village, Cape Verrin, Belmara County",Z3,Y,Frame,1999,Homeowners,275600.0,2021-05-21,1616.04
GC-000132,Margaret White,"8018 Kevin Estates, Port Alden, Belmara County",Z1,Y,Frame,2003,Homeowners,190400.0,2023-10-01,1099.07
GC-000133,Michael Reed,"43842 Mendez Course Apt. 992, Cape Verrin, Belmara County",Z3,Y,Masonry,1991,Homeowners,339700.0,2022-08-27,1696.71
GC-000134,Marcus Winters,"001 Stacy Trail Suite 396, Marsh Point, Belmara County",Z2,Y,Frame,1982,Homeowners,231500.0,2022-02-24,1447.24
GC-000135,Amanda Small,"473 Evans Cliffs Apt. 276, Port Alden, Belmara County",Z1,Y,Superior (Reinforced Concrete),1989,Homeowners,446700.0,2022-10-23,1893.04
GC-000136,Mr. Lawrence Edwards,"562 Robertson Coves Suite 371, Marsh Point, Belmara County",Z2,Y,Masonry,1999,Homeowners,216500.0,2026-01-01,1048.71
GC-000137,David Davis,"9632 Peck Stravenue Suite 327, Marsh Point, Belmara County",Z2,Y,Masonry,1983,Homeowners,367300.0,2022-02-22,1889.94
GC-000138,Julie Koch DDS,"8733 Williams Haven, Millbrook, Belmara County",Z6,N,Masonry,2007,Homeowners,148400.0,2025-03-05,451.14
GC-000139,Stephen Pena MD,"62456 Williams Center, Millbrook, Belmara County",Z6,N,Frame,2024,Homeowners,452800.0,2025-02-01,1666.3
GC-000140,Chloe Tran,"8784 David Court, Cape Verrin, Belmara County",Z3,Y,Superior (Reinforced Concrete),2024,Commercial,409400.0,2023-12-23,2081.39
GC-000141,Robert Morgan,"39868 Brandon Dam Suite 787, Millbrook, Belmara County",Z6,N,Masonry,1989,Homeowners,300300.0,2026-03-30,974.99
GC-000142,Steven Taylor,"69495 Erickson Hills Suite 055, Hollow Bay, Belmara County",Z5,N,Frame,2024,Homeowners,221700.0,2024-03-13,815.86
GC-000143,Veronica Silva,"749 Jennifer Prairie, Cape Verrin, Belmara County",Z3,Y,Frame,1983,Homeowners,530600.0,2023-09-15,3304.98
GC-000144,Mr. Nathan Hampton,"30913 Scott Manor Apt. 636, Cape Verrin, Belmara County",Z3,Y,Masonry,1981,Homeowners,311800.0,2021-02-24,1616.12
GC-000145,Lisa Ruiz,"283 Bolton Neck, Millbrook, Belmara County",Z6,N,Frame,2012,Homeowners,161600.0,2021-03-28,594.69
GC-000146,Emily Thompson,"549 Lee Gateway Suite 843, Millbrook, Belmara County",Z6,N,Masonry Veneer,1996,Homeowners,433700.0,2026-02-02,1515.52
GC-000147,Vickie Wise,"757 Castro Underpass, Marsh Point, Belmara County",Z2,Y,Masonry,1978,Homeowners,346500.0,2023-10-04,1815.57
GC-000148,Donna Berry,"5240 Moses Common Suite 747, Ridgeview, Belmara County",Z4,N,Masonry Veneer,2000,Homeowners,289500.0,2026-04-20,996.07
GC-000149,Ronald Nelson,"19933 Elizabeth Pines Apt. 301, Marsh Point, Belmara County",Z2,Y,Masonry,1976,Commercial,620100.0,2021-01-07,4192.94
GC-000150,Mitchell Garcia,"82677 Katelyn Heights, Ridgeview, Belmara County",Z4,N,Masonry,2004,Homeowners,406500.0,2026-04-05,1245.65
GC-000151,Matthew Velez,"938 Robin Extensions, Hollow Bay, Belmara County",Z5,N,Frame,1989,Homeowners,156100.0,2022-01-31,613.51
GC-000152,Ryan Peck,"7240 Kenneth Rapids, Hollow Bay, Belmara County",Z5,N,Frame,1990,Commercial,2305900.0,2026-03-06,11568.15
GC-000153,William Mitchell,"87431 Martin Mount Suite 205, Millbrook, Belmara County",Z6,N,Masonry Veneer,2014,Homeowners,278500.0,2022-12-22,935.76
GC-000154,Laura Todd,"668 Miller Skyway, Cape Verrin, Belmara County",Z3,Y,Masonry,2003,Homeowners,439800.0,2024-05-09,2097.21
GC-000155,William Woods,"46374 Turner Stream, Port Alden, Belmara County",Z1,Y,Masonry Veneer,1988,Homeowners,326400.0,2025-10-17,1822.28
GC-000156,Deborah Ward,"17426 Vaughn Route, Ridgeview, Belmara County",Z4,N,Masonry Veneer,2020,Homeowners,297500.0,2021-02-03,999.6
GC-000157,Elizabeth Mendez,"72795 Miles Mountains, Cape Verrin, Belmara County",Z3,Y,Masonry,1979,Homeowners,352000.0,2021-01-27,1837.76
GC-000158,Rebecca Petersen,"918 Rice Lake, Millbrook, Belmara County",Z6,N,Masonry Veneer,2024,Homeowners,545600.0,2022-03-31,1833.22
GC-000159,Justin Brown,"822 Bond Mills, Cape Verrin, Belmara County",Z3,Y,Masonry Veneer,2013,Homeowners,229100.0,2021-05-10,1193.15
GC-000160,Daniel Aguilar,"707 William Motorway, Port Alden, Belmara County",Z1,Y,Masonry,1991,Homeowners,205400.0,2021-05-29,1025.92
GC-000161,Kristin Chambers,"064 Julie Prairie Apt. 065, Hollow Bay, Belmara County",Z5,N,Frame,2003,Homeowners,338300.0,2024-08-26,1259.88
GC-000162,Kimberly Brown,"0462 Katie Stream, Cape Verrin, Belmara County",Z3,Y,Masonry,1989,Homeowners,304100.0,2025-04-21,1530.36
GC-000163,Jennifer Haney,"6618 Desiree Keys Apt. 286, Cape Verrin, Belmara County",Z3,Y,Frame,1992,Commercial,1251200.0,2022-04-27,9656.15
GC-000164,Monica Walker,"47868 Morrow Gateway, Ridgeview, Belmara County",Z4,N,Masonry,1980,Homeowners,161400.0,2021-03-02,541.68
GC-000165,Christopher Lopez,"69033 Craig Bypass, Ridgeview, Belmara County",Z4,N,Frame,2010,Homeowners,222700.0,2021-06-21,819.54
GC-000166,Michael Brennan,"067 Amber Throughway, Millbrook, Belmara County",Z6,N,Frame,1995,Homeowners,213900.0,2023-03-28,821.79
GC-000167,Amy Gordon,"95995 Kevin Divide Apt. 644, Port Alden, Belmara County",Z1,Y,Superior (Reinforced Concrete),1964,Homeowners,256500.0,2021-08-04,1188.78
GC-000168,Travis Hobbs,"687 Teresa Row, Hollow Bay, Belmara County",Z5,N,Masonry,2012,Homeowners,416900.0,2024-05-08,1267.38
GC-000169,Rachel Flores,"2462 Allen Fork Suite 270, Marsh Point, Belmara County",Z2,Y,Masonry,1995,Homeowners,307800.0,2023-09-08,1514.17
GC-000170,Tracy Grant,"3435 Sandra Vista, Cape Verrin, Belmara County",Z3,Y,Frame,1994,Homeowners,220400.0,2026-02-07,1317.51
GC-000171,Joseph Calderon,"6990 Jacob Trace, Millbrook, Belmara County",Z6,N,Superior (Reinforced Concrete),2016,Commercial,1036900.0,2022-02-06,3401.03
GC-000172,Megan Robinson,"4033 Julie Throughway, Cape Verrin, Belmara County",Z3,Y,Masonry,1965,Homeowners,510900.0,2026-01-11,2802.17
GC-000173,David Munoz,"3854 Owens Run, Port Alden, Belmara County",Z1,Y,Masonry,2010,Homeowners,193700.0,2025-03-31,912.71
GC-000174,Dennis Hunt,"1753 Edwards Cape Apt. 204, Hollow Bay, Belmara County",Z5,N,Masonry,2018,Homeowners,400800.0,2022-05-08,1218.43
GC-000175,Lauren Cortez,"35369 Victor Shoal Suite 477, Ridgeview, Belmara County",Z4,N,Frame,2010,Homeowners,287700.0,2023-11-29,1058.74
GC-000176,Nicholas Bell,"872 Alexandria Villages, Port Alden, Belmara County",Z1,Y,Frame,2024,Homeowners,214700.0,2022-01-12,1224.65
GC-000177,Theresa Barnett,"2312 Jeffery Motorway, Hollow Bay, Belmara County",Z5,N,Frame,2023,Homeowners,226500.0,2021-01-03,833.52
GC-000178,Luke Estrada,"700 Smith Pines Suite 840, Cape Verrin, Belmara County",Z3,Y,Frame,1996,Homeowners,385600.0,2022-03-08,2287.44
GC-000179,Melissa Jordan,"18233 Ochoa Grove, Port Alden, Belmara County",Z1,Y,Superior (Reinforced Concrete),1953,Homeowners,169900.0,2024-03-09,817.09
GC-000180,Angela Chung,"334 Desiree Walks Apt. 166, Millbrook, Belmara County",Z6,N,Masonry Veneer,2008,Commercial,433900.0,2024-09-04,1867.94
GC-000181,John Walsh,"76591 Jerry Ways, Millbrook, Belmara County",Z6,N,Masonry,1983,Commercial,1368800.0,2025-05-14,5821.97
GC-000182,Lacey Nelson,"489 Harry Vista, Marsh Point, Belmara County",Z2,Y,Masonry Veneer,1999,Homeowners,228300.0,2024-02-05,1222.28
GC-000183,Tyrone Matthews,"42939 Rhodes Plains Suite 621, Port Alden, Belmara County",Z1,Y,Frame,1997,Homeowners,217200.0,2025-12-02,1283.51
GC-000184,Valerie Brown,"15999 Novak Islands Apt. 477, Ridgeview, Belmara County",Z4,N,Frame,2024,Homeowners,343600.0,2026-03-30,1264.45
GC-000185,Juan Bennett,"961 Yates Station, Marsh Point, Belmara County",Z2,Y,Masonry Veneer,1973,Homeowners,343900.0,2023-02-20,2027.45
GC-000186,Derrick James,"655 Christopher Inlet, Marsh Point, Belmara County",Z2,Y,Masonry,2015,Homeowners,599800.0,2025-06-29,2826.26
GC-000187,Philip Garcia,"67888 Garcia Corners, Marsh Point, Belmara County",Z2,Y,Frame,1977,Commercial,1068100.0,2021-06-19,8711.43
GC-000188,Brandon George,"0466 Jenny Points Apt. 982, Hollow Bay, Belmara County",Z5,N,Masonry,1987,Homeowners,294800.0,2023-09-02,964.3
GC-000189,Caroline Adams,"2126 Fisher Orchard Apt. 543, Port Alden, Belmara County",Z1,Y,Masonry,1988,Commercial,745200.0,2025-09-08,4822.88
GC-000190,Kathleen Jensen,"24065 Brock Isle Suite 569, Ridgeview, Belmara County",Z4,N,Frame,1999,Homeowners,464700.0,2021-12-15,1757.98
GC-000191,Frank Valentine,"5265 Navarro Roads, Millbrook, Belmara County",Z6,N,Masonry,2008,Commercial,3649600.0,2024-08-05,14215.19
GC-000192,Kenneth Sanchez MD,"1939 Erin Plaza Apt. 737, Millbrook, Belmara County",Z6,N,Masonry Veneer,2013,Commercial,1401400.0,2025-09-01,6033.03
GC-000193,Sandra Jones,"724 Johnny Drives Suite 617, Marsh Point, Belmara County",Z2,Y,Frame,1971,Commercial,1554400.0,2022-07-11,12950.34
GC-000194,Karen Morales DDS,"058 Daniel Gateway Suite 290, Millbrook, Belmara County",Z6,N,Frame,1997,Homeowners,300000.0,2025-08-21,1143.74
GC-000195,Maria Lucas,"1014 William Path Apt. 756, Millbrook, Belmara County",Z6,N,Frame,2023,Homeowners,325800.0,2026-06-09,1198.94
GC-000196,Michael Vaughn,"0714 Knapp Corner, Marsh Point, Belmara County",Z2,Y,Masonry,1988,Homeowners,293000.0,2022-12-01,1480.02
GC-000197,Todd Thomas,"7387 Alvarez Mill Suite 514, Port Alden, Belmara County",Z1,Y,Masonry Veneer,1980,Homeowners,212900.0,2024-06-10,1224.1
GC-000198,Michael Johnson,"123 Andrea Isle Suite 736, Millbrook, Belmara County",Z6,N,Frame,2009,Homeowners,305100.0,2024-05-04,1122.77
GC-000199,Charlotte Sandoval,"93796 Smith Forest Apt. 419, Port Alden, Belmara County",Z1,Y,Masonry Veneer,2001,Homeowners,425200.0,2021-01-22,2258.73
GC-000200,Shane Lopez,"71478 Harper Ridge Suite 915, Ridgeview, Belmara County",Z4,N,Frame,2005,Homeowners,226200.0,2023-06-26,835.75
GC-000201,Jimmy Thompson,"912 Wilson Inlet Apt. 252, Hollow Bay, Belmara County",Z5,N,Frame,1991,Homeowners,383500.0,2025-02-14,1495.96
GC-000202,Jennifer Taylor,"2782 Tracy Dam Apt. 579, Marsh Point, Belmara County",Z2,Y,Superior (Reinforced Concrete),1961,Homeowners,112000.0,2023-06-06,524.41
GC-000203,Ian Smith,"68876 Perry Ville, Hollow Bay, Belmara County",Z5,N,Frame,2006,Homeowners,359600.0,2025-01-22,1323.33
GC-000204,Christopher Cunningham,"0438 Jackson Mount, Marsh Point, Belmara County",Z2,Y,Superior (Reinforced Concrete),1983,Commercial,546800.0,2023-05-19,3035.68
GC-000205,Patricia Simpson,"148 Weaver Throughway, Ridgeview, Belmara County",Z4,N,Frame,2013,Homeowners,258700.0,2026-06-04,952.02
GC-000206,Nathan Payne,"34074 Atkins Corners Suite 133, Port Alden, Belmara County",Z1,Y,Masonry Veneer,1997,Homeowners,581100.0,2025-04-12,3135.32
GC-000207,Leah Bell,"92330 Patel Ranch Apt. 544, Millbrook, Belmara County",Z6,N,Frame,2005,Homeowners,341800.0,2025-09-06,1262.86
GC-000208,Tiffany Robertson,"60422 Dustin Islands, Cape Verrin, Belmara County",Z3,Y,Frame,1976,Commercial,1909500.0,2022-01-13,15629.72
GC-000209,Pam Lowe,"94667 Cynthia Trafficway Apt. 684, Ridgeview, Belmara County",Z4,N,Masonry Veneer,1984,Homeowners,276300.0,2024-06-13,1010.06
GC-000210,Sherry Gibson,"9017 Horn Underpass Suite 363, Marsh Point, Belmara County",Z2,Y,Masonry,1977,Homeowners,232100.0,2022-05-16,1220.52
GC-000211,Frank Campbell MD,"750 Cory Tunnel, Marsh Point, Belmara County",Z2,Y,Masonry Veneer,1979,Homeowners,127600.0,2021-10-01,736.31
GC-000212,Alexis Noble,"7063 Nicole Hollow, Ridgeview, Belmara County",Z4,N,Frame,2018,Commercial,1698500.0,2024-12-19,8008.43
GC-000213,Timothy Hill,"1520 Garrett Stream Apt. 611, Port Alden, Belmara County",Z1,Y,Masonry,1983,Commercial,854300.0,2025-08-23,5632.12
GC-000214,John Anderson,"700 Montoya Wall, Port Alden, Belmara County",Z1,Y,Masonry,1977,Homeowners,174300.0,2021-08-30,916.57
GC-000215,Carlos Jones,"11554 Patrick Via Apt. 218, Marsh Point, Belmara County",Z2,Y,Masonry,1983,Homeowners,211800.0,2021-04-26,1089.82
GC-000216,Lisa Martin,"326 Heath Corners Apt. 219, Marsh Point, Belmara County",Z2,Y,Frame,2004,Homeowners,355800.0,2022-03-04,2045.72
GC-000217,Heather Jordan,"41389 Maxwell Spurs, Port Alden, Belmara County",Z1,Y,Masonry,2020,Commercial,1348800.0,2025-09-10,8143.04
GC-000218,Ryan Liu,"983 Phillips Center, Ridgeview, Belmara County",Z4,N,Masonry Veneer,1994,Homeowners,777300.0,2021-07-27,2737.09
GC-000219,Rebecca Allen,"37918 Valerie Island Apt. 696, Cape Verrin, Belmara County",Z3,Y,Masonry Veneer,2024,Homeowners,211200.0,2023-05-24,1099.93
GC-000220,Michael Farmer,"91043 Sandra Turnpike, Cape Verrin, Belmara County",Z3,Y,Masonry,2019,Homeowners,443100.0,2024-06-20,2087.89
GC-000221,Dustin Marquez,"6188 Joshua Inlet Apt. 832, Port Alden, Belmara County",Z1,Y,Superior (Reinforced Concrete),1969,Homeowners,225900.0,2022-11-26,1029.03
GC-000222,Jeanette Walters,"6303 Sandy Crescent, Port Alden, Belmara County",Z1,Y,Frame,1997,Homeowners,121900.0,2023-07-13,720.35
GC-000223,Lee Parker,"02027 Mills Tunnel, Port Alden, Belmara County",Z1,Y,Masonry,1983,Commercial,399900.0,2021-06-08,2636.41
GC-000224,Deanna Watson,"105 Nelson Circles Suite 917, Marsh Point, Belmara County",Z2,Y,Masonry Veneer,2012,Homeowners,387800.0,2023-08-14,2019.66
GC-000225,Ian Porter,"2419 Jeremy Pass, Port Alden, Belmara County",Z1,Y,Masonry Veneer,1959,Homeowners,653900.0,2025-03-16,4045.75
GC-000226,Scott Smith,"5622 Angela Station, Ridgeview, Belmara County",Z4,N,Masonry,2008,Commercial,2148200.0,2021-07-05,8367.24
GC-000227,Jennifer Morris,"541 Wilson Spring Apt. 238, Millbrook, Belmara County",Z6,N,Frame,2022,Homeowners,503700.0,2023-05-17,1853.62
GC-000228,Dr. Andrea Marshall,"5187 Miguel Highway Suite 937, Hollow Bay, Belmara County",Z5,N,Frame,2024,Homeowners,482000.0,2021-01-02,1773.76
GC-000229,Wesley Cuevas,"832 Sarah Burg, Port Alden, Belmara County",Z1,Y,Masonry Veneer,1958,Commercial,1055700.0,2025-07-05,8396.95
GC-000230,Gregory Franco,"0641 Alyssa Freeway, Cape Verrin, Belmara County",Z3,Y,Masonry,1975,Homeowners,316700.0,2026-02-24,1677.33
GC-000231,Tyrone Kaufman,"410 Phyllis Pike, Millbrook, Belmara County",Z6,N,Frame,1980,Homeowners,459300.0,2026-05-30,1866.01
GC-000232,Steven Ellis,"182 Jones Port, Marsh Point, Belmara County",Z2,Y,Frame,1995,Homeowners,248800.0,2022-08-15,1481.6
GC-000233,Matthew Anderson,"5655 Nelson Club Apt. 291, Cape Verrin, Belmara County",Z3,Y,Frame,1983,Homeowners,473600.0,2025-09-03,2949.94
GC-000234,Christopher Owens,"85374 Baker Crest Apt. 249, Millbrook, Belmara County",Z6,N,Frame,1980,Homeowners,149400.0,2022-11-18,606.97
GC-000235,Russell Murphy,"356 Erica Green, Ridgeview, Belmara County",Z4,N,Masonry,2005,Homeowners,337900.0,2025-10-09,1031.32
GC-000236,Carrie Crane,"831 Garcia Underpass Apt. 100, Cape Verrin, Belmara County",Z3,Y,Masonry,1982,Homeowners,233400.0,2023-10-22,1205.36
GC-000237,Vickie Anderson,"1994 Andrew Circles Apt. 721, Port Alden, Belmara County",Z1,Y,Masonry,1984,Homeowners,340600.0,2024-05-14,1746.14
GC-000238,Sandra Rivera,"0296 Crawford Light, Ridgeview, Belmara County",Z4,N,Frame,2024,Homeowners,257900.0,2021-08-05,949.07
GC-000239,Carrie Lewis,"4720 Deborah Parks, Ridgeview, Belmara County",Z4,N,Masonry Veneer,2014,Homeowners,90000.0,2024-12-22,302.4
GC-000240,Juan Brown,"2638 Crystal Unions Apt. 657, Cape Verrin, Belmara County",Z3,Y,Frame,1989,Homeowners,296800.0,2024-09-26,1808.07
GC-000241,Kari Durham,"4205 Anthony Valleys Suite 078, Port Alden, Belmara County",Z1,Y,Masonry,2007,Homeowners,263300.0,2025-12-31,1240.67
GC-000242,Kevin Hall,"33480 Barbara Union, Ridgeview, Belmara County",Z4,N,Superior (Reinforced Concrete),1998,Homeowners,278900.0,2025-04-11,736.83
GC-000243,Timothy Frey,"39559 Jade Knoll, Hollow Bay, Belmara County",Z5,N,Masonry,2016,Homeowners,464400.0,2025-08-05,1411.78
GC-000244,Kristy Hart,"8427 Christopher Fort, Marsh Point, Belmara County",Z2,Y,Masonry,1993,Commercial,692100.0,2026-06-13,4395.66
GC-000245,Alicia Woods,"325 Samantha Vista Suite 002, Marsh Point, Belmara County",Z2,Y,Masonry Veneer,1983,Homeowners,227900.0,2025-06-22,1296.1
GC-000246,Sylvia Schroeder,"56915 Morris Estate Suite 752, Marsh Point, Belmara County",Z2,Y,Frame,2006,Homeowners,358400.0,2023-09-28,2044.31
GC-000247,Kristina Preston,"92644 Gregory Alley Suite 902, Marsh Point, Belmara County",Z2,Y,Masonry Veneer,1961,Homeowners,193400.0,2022-12-26,1188.53
GC-000248,Tammy Ponce,"917 Mark Club, Marsh Point, Belmara County",Z2,Y,Frame,2016,Homeowners,197700.0,2025-02-05,1127.68
GC-000249,William Jackson,"570 Clark Square, Cape Verrin, Belmara County",Z3,Y,Masonry,1982,Homeowners,278000.0,2023-08-26,1435.69
GC-000250,David Rodriguez,"67626 Macias Keys, Ridgeview, Belmara County",Z4,N,Masonry,1966,Commercial,722300.0,2023-03-27,3263.5
GC-000251,Ashley Mendoza,"71040 Green Cove, Hollow Bay, Belmara County",Z5,N,Superior (Reinforced Concrete),2001,Homeowners,171800.0,2025-10-30,448.6
GC-000252,Christopher Bennett,"159 Bush Meadows, Ridgeview, Belmara County",Z4,N,Masonry Veneer,2008,Commercial,1815800.0,2023-10-02,7817.02
GC-000253,Carmen Preston,"15336 Guerrero Hills, Hollow Bay, Belmara County",Z5,N,Frame,2001,Homeowners,330900.0,2021-11-20,1242.07
GC-000254,Anthony Armstrong,"05061 Colon Road Suite 310, Millbrook, Belmara County",Z6,N,Frame,1999,Homeowners,189300.0,2025-05-07,716.13
GC-000255,Mark Rowland,"46774 Darlene Loaf Apt. 565, Ridgeview, Belmara County",Z4,N,Superior (Reinforced Concrete),2024,Homeowners,425500.0,2022-11-01,1089.28
GC-000256,Andrew Gonzales,"49021 Elizabeth Valley Suite 938, Ridgeview, Belmara County",Z4,N,Frame,1985,Homeowners,256700.0,2024-10-06,1024.01
GC-000257,James Mills,"374 Ralph Walk Apt. 898, Hollow Bay, Belmara County",Z5,N,Masonry Veneer,1991,Homeowners,193700.0,2022-03-21,689.88
GC-000258,Megan Oliver,"2233 Brad Common, Marsh Point, Belmara County",Z2,Y,Superior (Reinforced Concrete),2013,Homeowners,273300.0,2024-10-31,1084.45
GC-000259,Jessica Osborn DDS,"1168 Arnold Walks Suite 870, Cape Verrin, Belmara County",Z3,Y,Frame,2024,Homeowners,335500.0,2025-12-12,1913.69
GC-000260,Lisa Mills,"62299 Sara Port Apt. 485, Ridgeview, Belmara County",Z4,N,Frame,1981,Homeowners,210900.0,2021-02-19,853.72
GC-000261,Deborah Pena,"24629 Williams Isle Apt. 074, Ridgeview, Belmara County",Z4,N,Masonry Veneer,2015,Homeowners,358400.0,2023-09-20,1204.22
GC-000262,Alicia Roth,"4713 Kevin Summit Suite 546, Cape Verrin, Belmara County",Z3,Y,Frame,1997,Homeowners,242500.0,2022-10-23,1433.02
GC-000263,Ann Alexander,"785 Zachary Estate Apt. 486, Port Alden, Belmara County",Z1,Y,Frame,2010,Homeowners,557800.0,2022-10-12,3181.69
GC-000264,Samuel Suarez,"33030 Williams Lake, Marsh Point, Belmara County",Z2,Y,Masonry,2000,Homeowners,147100.0,2025-04-27,709.77
GC-000265,Denise Colon,"103 Burns Mission Apt. 798, Cape Verrin, Belmara County",Z3,Y,Masonry,1998,Homeowners,559000.0,2023-10-03,2718.3
GC-000266,Christopher Kline,"0602 Mercedes Rue, Marsh Point, Belmara County",Z2,Y,Masonry,1958,Homeowners,548000.0,2023-12-30,3077.95
GC-000267,Daniel Pearson,"072 Carolyn Branch, Marsh Point, Belmara County",Z2,Y,Frame,1974,Homeowners,286100.0,2025-04-12,1840.8
GC-000268,Lee Hahn,"6574 Steven Springs Suite 910, Ridgeview, Belmara County",Z4,N,Frame,2024,Homeowners,406600.0,2021-02-27,1496.29
GC-000269,Mary Bridges,"994 Cohen Orchard Apt. 545, Marsh Point, Belmara County",Z2,Y,Masonry,2018,Homeowners,336400.0,2024-07-11,1585.12
GC-000270,Debbie Dawson,"28309 Guerrero Springs Apt. 074, Cape Verrin, Belmara County",Z3,Y,Frame,1989,Homeowners,330600.0,2021-11-07,2013.97
GC-000271,Jason Price,"935 Gina Route, Cape Verrin, Belmara County",Z3,Y,Frame,2016,Homeowners,248000.0,2026-04-16,1414.59
GC-000272,Susan Powers,"82417 Joyce Stream Apt. 513, Millbrook, Belmara County",Z6,N,Masonry,1986,Commercial,918700.0,2022-09-22,3864.6
GC-000273,Patrick Parker,"4947 Thomas Way Apt. 738, Millbrook, Belmara County",Z6,N,Superior (Reinforced Concrete),2018,Homeowners,299400.0,2026-06-13,766.46
GC-000274,Michael Moreno,"22356 Thomas Wall Apt. 175, Marsh Point, Belmara County",Z2,Y,Masonry Veneer,1993,Homeowners,429700.0,2025-03-04,2354.25
GC-000275,Cassandra Walters,"4329 Tracy Track, Ridgeview, Belmara County",Z4,N,Frame,1983,Homeowners,194100.0,2021-12-07,780.0
GC-000276,Beverly Hamilton,"6760 Amanda Street Suite 058, Marsh Point, Belmara County",Z2,Y,Frame,2011,Homeowners,286800.0,2025-08-17,1635.91
GC-000277,Michael Sims,"54216 Jackson View, Ridgeview, Belmara County",Z4,N,Masonry,1999,Commercial,1799600.0,2024-01-30,7205.71
GC-000278,Travis Bryant,"2575 Frederick Valleys Suite 033, Marsh Point, Belmara County",Z2,Y,Masonry,2003,Homeowners,107600.0,2024-03-27,513.1
GC-000279,Bonnie Gross,"50648 Brittney Causeway, Millbrook, Belmara County",Z6,N,Masonry Veneer,2008,Homeowners,362900.0,2021-03-14,1219.34
GC-000280,Martha Smith,"7618 Wells Drives, Marsh Point, Belmara County",Z2,Y,Frame,1980,Commercial,785200.0,2025-11-27,6335.24
GC-000281,Michael Smith,"184 Robert Cove Apt. 411, Millbrook, Belmara County",Z6,N,Masonry,1970,Homeowners,257400.0,2023-04-13,895.18
GC-000282,Mr. Richard Decker DVM,"642 Amy Fords Suite 530, Ridgeview, Belmara County",Z4,N,Masonry Veneer,2000,Homeowners,162600.0,2023-11-15,559.45
GC-000283,Brandon Rodriguez,"18114 Stephen Hill Suite 701, Ridgeview, Belmara County",Z4,N,Frame,2014,Homeowners,90000.0,2024-04-11,331.2
GC-000284,Shelly Phelps,"561 Melissa Cape Apt. 225, Cape Verrin, Belmara County",Z3,Y,Superior (Reinforced Concrete),1955,Homeowners,215000.0,2025-08-09,1027.16
GC-000285,Jeffrey Howell,"5216 Rivers Groves, Marsh Point, Belmara County",Z2,Y,Masonry Veneer,1958,Homeowners,478200.0,2025-03-21,2968.63
GC-000286,Melissa Mendoza,"212 Tina Vista Apt. 169, Hollow Bay, Belmara County",Z5,N,Masonry,2002,Commercial,888900.0,2021-03-24,3517.66
GC-000287,Mr. Jeffrey Carr,"027 Rodriguez Loop Suite 014, Port Alden, Belmara County",Z1,Y,Frame,1975,Homeowners,403900.0,2022-02-04,2589.52
GC-000288,Alexandria Oneill,"588 Ryan Stream, Port Alden, Belmara County",Z1,Y,Masonry,1960,Homeowners,413800.0,2021-05-04,2308.59
GC-000289,Gregory Rhodes,"89002 Christian Ways Apt. 175, Hollow Bay, Belmara County",Z5,N,Masonry,1993,Homeowners,492600.0,2022-04-28,1575.37
GC-000290,Wayne Williams,"663 Stephen Unions, Marsh Point, Belmara County",Z2,Y,Frame,1997,Homeowners,388000.0,2022-05-25,2292.83
GC-000291,Anita Jimenez,"70166 Angela Alley Apt. 994, Marsh Point, Belmara County",Z2,Y,Frame,2012,Homeowners,240100.0,2025-02-03,1369.53
GC-000292,Kristina Pena,"5037 Castro River Suite 571, Port Alden, Belmara County",Z1,Y,Masonry,1970,Homeowners,278500.0,2022-12-04,1501.26
GC-000293,Matthew Smith,"488 Park Cape Apt. 726, Cape Verrin, Belmara County",Z3,Y,Frame,1980,Homeowners,356000.0,2024-06-04,2241.81
GC-000294,Levi Lopez,"73516 Sara Villages Apt. 779, Marsh Point, Belmara County",Z2,Y,Frame,2014,Commercial,959700.0,2021-04-15,7013.73
GC-000295,Brandy Porter,"697 Heather Extensions, Port Alden, Belmara County",Z1,Y,Masonry,1984,Commercial,866400.0,2026-06-03,5690.97
GC-000296,Betty Hughes,"669 Joshua Junctions Suite 722, Hollow Bay, Belmara County",Z5,N,Masonry Veneer,1963,Homeowners,270800.0,2023-08-03,1066.39
GC-000297,Michael Goodman,"858 James Road Suite 522, Ridgeview, Belmara County",Z4,N,Frame,1982,Homeowners,289600.0,2022-03-25,1168.04
GC-000298,Melissa Morris,"8799 Craig Ville, Cape Verrin, Belmara County",Z3,Y,Frame,2007,Homeowners,359200.0,2023-11-07,2048.88
GC-000299,Sherry Henderson,"106 Brian Centers, Millbrook, Belmara County",Z6,N,Masonry,1979,Homeowners,187600.0,2022-02-03,631.9
GC-000300,Paul Martin,"420 Harris Plains Apt. 571, Millbrook, Belmara County",Z6,N,Masonry Veneer,1983,Homeowners,133600.0,2024-10-07,490.19
GC-000301,Megan Hoffman,"863 Schwartz Causeway, Port Alden, Belmara County",Z1,Y,Frame,1988,Commercial,654200.0,2025-07-30,5125.29
GC-000302,Jasmine Frye,"004 Christine Tunnel Suite 359, Hollow Bay, Belmara County",Z5,N,Masonry,1981,Homeowners,228400.0,2024-11-06,763.77
GC-000303,Lindsey Parsons,"7212 Jill Crest, Marsh Point, Belmara County",Z2,Y,Frame,1987,Commercial,1535800.0,2025-12-07,12077.04
GC-000304,Jeffrey Hawkins,"94057 Bill Islands, Hollow Bay, Belmara County",Z5,N,Frame,2000,Homeowners,315800.0,2021-12-17,1190.04
GC-000305,Patricia Garrett,"9851 Fox Ferry Apt. 826, Cape Verrin, Belmara County",Z3,Y,Masonry,1992,Homeowners,192600.0,2022-05-03,958.35
GC-000306,Jennifer Bailey,"555 Robinson Terrace, Cape Verrin, Belmara County",Z3,Y,Frame,1998,Homeowners,300100.0,2025-10-15,1766.55
GC-000307,Karen Hoffman,"57399 Susan Springs, Ridgeview, Belmara County",Z4,N,Masonry,1981,Commercial,2150700.0,2023-02-19,9214.67
GC-000308,Jane Hogan,"4840 Robertson Pass, Millbrook, Belmara County",Z6,N,Frame,1996,Commercial,2854500.0,2024-10-15,13997.33
GC-000309,Andrew Villanueva,"8112 Courtney Fords, Cape Verrin, Belmara County",Z3,Y,Frame,1985,Homeowners,242100.0,2024-09-30,1496.94
GC-000310,Patricia Hancock,"38612 Stephen Isle Apt. 110, Millbrook, Belmara County",Z6,N,Frame,1998,Homeowners,272100.0,2021-10-10,1033.37
GC-000311,David Jones,"6676 Stewart Loaf, Millbrook, Belmara County",Z6,N,Masonry,1993,Homeowners,190100.0,2022-02-25,607.96
GC-000312,Kimberly May,"901 Reilly Coves, Cape Verrin, Belmara County",Z3,Y,Masonry,1998,Homeowners,134700.0,2026-01-05,655.02
GC-000313,Michael Obrien,"6607 Amanda Dale Suite 842, Cape Verrin, Belmara County",Z3,Y,Masonry Veneer,1966,Homeowners,255800.0,2025-05-27,1545.36
GC-000314,Stephen Sanford,"88210 Ashley Lock Apt. 435, Marsh Point, Belmara County",Z2,Y,Masonry,2011,Homeowners,236200.0,2023-10-31,1112.97
GC-000315,Taylor York,"23943 Howard Union, Hollow Bay, Belmara County",Z5,N,Masonry Veneer,2023,Homeowners,419600.0,2024-11-17,1409.86
GC-000316,Amy Potter,"814 John Flat Suite 552, Cape Verrin, Belmara County",Z3,Y,Frame,1973,Commercial,1605500.0,2024-11-01,13282.2
GC-000317,Cynthia Mitchell,"57759 Steele Drives, Ridgeview, Belmara County",Z4,N,Masonry Veneer,1998,Homeowners,471300.0,2022-11-29,1634.24
GC-000318,Holly Stewart,"05336 Larsen Dale Suite 777, Marsh Point, Belmara County",Z2,Y,Frame,1998,Homeowners,325200.0,2026-01-03,1914.3
GC-000319,Eric Arnold,"914 Patricia Flat, Ridgeview, Belmara County",Z4,N,Frame,1994,Homeowners,237300.0,2021-09-30,915.18
GC-000320,Stephen Jones,"80996 Rebecca Plaza, Cape Verrin, Belmara County",Z3,Y,Masonry,1977,Homeowners,304800.0,2023-12-15,1602.82
GC-000321,Steven Fernandez,"6394 Steven Pass, Ridgeview, Belmara County",Z4,N,Frame,2024,Homeowners,244700.0,2024-04-26,900.5
GC-000322,Jack Smith,"282 Moore Port, Hollow Bay, Belmara County",Z5,N,Masonry,2016,Homeowners,214800.0,2023-07-16,652.99
GC-000323,Mary Faulkner,"0373 Joseph Fort Apt. 385, Hollow Bay, Belmara County",Z5,N,Masonry,1986,Homeowners,248400.0,2022-04-26,815.55
GC-000324,Thomas Keith,"518 Davenport Greens, Port Alden, Belmara County",Z1,Y,Frame,2015,Commercial,1588800.0,2023-10-17,11611.35
GC-000325,Laura Bennett,"9184 Kaufman Fork Suite 557, Marsh Point, Belmara County",Z2,Y,Frame,1986,Homeowners,732200.0,2022-02-03,4510.59
GC-000326,Stacy Smith,"2318 Lewis Ferry, Marsh Point, Belmara County",Z2,Y,Masonry Veneer,2009,Homeowners,125000.0,2025-03-09,651.0
GC-000327,Lance Montoya,"5177 Clark Estates, Cape Verrin, Belmara County",Z3,Y,Superior (Reinforced Concrete),1997,Homeowners,197000.0,2025-07-12,809.84
GC-000328,Jennifer Sanchez,"922 Patricia Drive, Marsh Point, Belmara County",Z2,Y,Masonry,1993,Homeowners,265100.0,2024-08-18,1314.11
GC-000329,David White,"904 Jay Rest Suite 723, Marsh Point, Belmara County",Z2,Y,Frame,1962,Homeowners,90000.0,2022-12-05,603.71
GC-000330,Lindsay Norton,"842 Nielsen Ranch, Cape Verrin, Belmara County",Z3,Y,Frame,1991,Homeowners,240600.0,2022-10-03,1454.73
GC-000331,Crystal Cruz,"38862 Gregory Ridges, Hollow Bay, Belmara County",Z5,N,Frame,1995,Commercial,597400.0,2023-09-12,2940.68
GC-000332,Sherry Schmidt,"72980 Boyd Land, Millbrook, Belmara County",Z6,N,Frame,1998,Homeowners,259000.0,2021-06-12,983.62
GC-000333,Melissa Patterson,"5991 Anderson Neck Apt. 149, Marsh Point, Belmara County",Z2,Y,Masonry Veneer,1986,Homeowners,312700.0,2025-10-19,1758.82
GC-000334,Jennifer Lopez,"818 Nicholas Ford, Hollow Bay, Belmara County",Z5,N,Frame,1992,Homeowners,280400.0,2021-09-07,1089.66
GC-000335,Emily Cox,"9448 Cunningham Ridge, Cape Verrin, Belmara County",Z3,Y,Frame,2007,Homeowners,207800.0,2024-11-23,1185.29
GC-000336,Michael Fischer,"872 Hansen Orchard Suite 495, Port Alden, Belmara County",Z1,Y,Masonry,1989,Commercial,1483000.0,2024-12-20,9562.06
GC-000337,Jennifer Taylor,"372 Jason Locks, Hollow Bay, Belmara County",Z5,N,Masonry Veneer,1998,Commercial,4472000.0,2025-05-24,19868.02
GC-000338,Rebecca Mendez,"60127 Davis Greens, Ridgeview, Belmara County",Z4,N,Frame,1980,Commercial,4633700.0,2022-01-19,24120.08
GC-000339,Bobby Johnson,"9849 Sonya Viaduct Apt. 770, Millbrook, Belmara County",Z6,N,Frame,1987,Homeowners,263300.0,2021-10-16,1042.58
GC-000340,Matthew Lara,"09883 Emily Lake Apt. 021, Cape Verrin, Belmara County",Z3,Y,Frame,1995,Homeowners,377400.0,2025-06-10,2247.41
GC-000341,Penny Gomez MD,"011 Barber Points, Cape Verrin, Belmara County",Z3,Y,Masonry,1997,Homeowners,235000.0,2025-03-21,1147.18
GC-000342,Hannah Richmond,"93769 Jose Lodge Apt. 818, Millbrook, Belmara County",Z6,N,Masonry Veneer,1993,Homeowners,656200.0,2022-09-29,2319.48
GC-000343,Travis Pratt,"947 Hart Trail Apt. 577, Hollow Bay, Belmara County",Z5,N,Frame,1995,Homeowners,309900.0,2022-09-03,1190.61
GC-000344,Shannon Olson,"63356 Black Branch Suite 341, Port Alden, Belmara County",Z1,Y,Masonry Veneer,1976,Homeowners,201700.0,2022-01-18,1176.51
GC-000345,Paul Peterson,"5539 White Summit, Hollow Bay, Belmara County",Z5,N,Masonry Veneer,1985,Homeowners,342100.0,2024-11-05,1246.01
GC-000346,Susan Porter,"34333 Mary Knolls, Cape Verrin, Belmara County",Z3,Y,Superior (Reinforced Concrete),1986,Commercial,699800.0,2024-01-26,3842.41
GC-000347,Brian Mora,"080 Watson Island Suite 947, Marsh Point, Belmara County",Z2,Y,Masonry Veneer,1973,Homeowners,115300.0,2024-12-21,679.75
GC-000348,Phillip Dixon,"92086 Ayers Bypass Suite 627, Hollow Bay, Belmara County",Z5,N,Superior (Reinforced Concrete),2001,Homeowners,154200.0,2022-04-21,402.65
GC-000349,Melissa Stevens,"36915 Salazar Green, Hollow Bay, Belmara County",Z5,N,Frame,2015,Homeowners,158000.0,2021-08-26,581.44
GC-000350,Dennis Adams,"2763 Haynes Landing Suite 647, Cape Verrin, Belmara County",Z3,Y,Frame,2005,Homeowners,371600.0,2022-01-22,2128.08
GC-000351,Carlos Johnston,"43866 Dustin Streets, Marsh Point, Belmara County",Z2,Y,Masonry Veneer,1988,Homeowners,164600.0,2023-10-12,918.96
GC-000352,Robert Thompson,"88574 Hart Port Apt. 612, Port Alden, Belmara County",Z1,Y,Masonry Veneer,1970,Homeowners,337000.0,2023-08-24,2007.83
GC-000353,Robert Woods,"5455 Cooper Loop, Millbrook, Belmara County",Z6,N,Masonry Veneer,2005,Homeowners,224600.0,2024-02-27,757.67
GC-000354,Sean Mccarty,"982 Kelly Spring, Marsh Point, Belmara County",Z2,Y,Superior (Reinforced Concrete),2008,Homeowners,514800.0,2024-01-31,2042.73
GC-000355,Patricia Griffin,"9472 Danielle Junction, Millbrook, Belmara County",Z6,N,Masonry,2005,Homeowners,203900.0,2021-07-15,622.34
GC-000356,Logan Sullivan,"25355 Page Rapids, Ridgeview, Belmara County",Z4,N,Masonry Veneer,2002,Homeowners,243200.0,2025-02-09,830.23
GC-000357,Denise Wallace,"987 Jackson Walk Apt. 234, Marsh Point, Belmara County",Z2,Y,Superior (Reinforced Concrete),1993,Commercial,841300.0,2025-01-13,4499.58
GC-000358,Mercedes Miller,"1117 Anthony Locks, Hollow Bay, Belmara County",Z5,N,Masonry,1998,Commercial,283800.0,2022-04-21,1140.77
GC-000359,Whitney Garcia,"64334 Sims Curve, Cape Verrin, Belmara County",Z3,Y,Frame,1977,Commercial,2912800.0,2021-11-03,23756.82
GC-000360,Carolyn Johnson,"7784 Taylor Square Apt. 997, Cape Verrin, Belmara County",Z3,Y,Masonry,2009,Homeowners,534400.0,2023-04-17,2518.09
GC-000361,Madison Elliott,"7831 Parker Loop Suite 240, Hollow Bay, Belmara County",Z5,N,Masonry Veneer,1992,Homeowners,319600.0,2021-09-05,1133.99
GC-000362,Robert Charles,"7807 Evans Trafficway Suite 493, Port Alden, Belmara County",Z1,Y,Frame,1980,Commercial,1490400.0,2023-05-05,12025.01
GC-000363,Kimberly Lopez,"3266 Jose Manors Apt. 894, Port Alden, Belmara County",Z1,Y,Frame,1981,Homeowners,338300.0,2022-06-17,2122.63
GC-000364,Patrick Lamb,"12241 Williamson Groves Suite 350, Port Alden, Belmara County",Z1,Y,Frame,1997,Commercial,1212000.0,2022-07-05,9176.47
GC-000365,Wayne Johnson,"4270 Christopher Bridge, Hollow Bay, Belmara County",Z5,N,Frame,2004,Commercial,1703100.0,2021-08-07,8094.36
GC-000366,Glenn Collins DDS,"0512 Joseph Lock Apt. 872, Cape Verrin, Belmara County",Z3,Y,Frame,1957,Commercial,277600.0,2023-04-20,2426.41
GC-000367,Ryan Roth,"36730 Steven Trail, Port Alden, Belmara County",Z1,Y,Frame,1986,Homeowners,510400.0,2022-02-28,3144.23
GC-000368,Maxwell Clark,"452 Julie Plaza Apt. 474, Ridgeview, Belmara County",Z4,N,Superior (Reinforced Concrete),2010,Homeowners,234900.0,2023-08-05,601.34
GC-000369,Stephen Boyer,"36502 Richards Locks, Hollow Bay, Belmara County",Z5,N,Masonry,2015,Homeowners,669200.0,2022-09-25,2034.37
GC-000370,Alexa Williams,"925 John Parks Apt. 950, Marsh Point, Belmara County",Z2,Y,Masonry Veneer,1994,Homeowners,215100.0,2023-07-25,1174.01
GC-000371,Matthew Miles,"73585 Quinn Brooks, Marsh Point, Belmara County",Z2,Y,Frame,1957,Commercial,1494000.0,2023-04-01,13058.56
GC-000372,Heather Taylor,"7848 Lopez Ferry, Marsh Point, Belmara County",Z2,Y,Frame,2005,Commercial,3037000.0,2024-02-25,22283.94
GC-000373,Erica Mcdonald,"82744 Gibson Trail, Ridgeview, Belmara County",Z4,N,Masonry,1992,Homeowners,393900.0,2023-02-18,1264.51
GC-000374,Jamie Lopez,"593 Le Shoals, Millbrook, Belmara County",Z6,N,Masonry Veneer,1988,Commercial,1112000.0,2026-06-10,5131.84
GC-000375,Sabrina Lee,"294 Ortiz Islands Apt. 181, Cape Verrin, Belmara County",Z3,Y,Masonry,1978,Commercial,1106400.0,2022-04-27,7427.73
GC-000376,Todd White,"17310 Barrett Pine, Millbrook, Belmara County",Z6,N,Masonry,1959,Homeowners,375000.0,2025-05-31,1354.32
GC-000377,Leslie Williams,"103 Hebert Village, Cape Verrin, Belmara County",Z3,Y,Frame,1970,Homeowners,231700.0,2022-06-17,1511.93
GC-000378,Robert Brown,"0948 Jessica Village Suite 138, Ridgeview, Belmara County",Z4,N,Masonry,1984,Homeowners,391900.0,2022-06-24,1296.22
GC-000379,Neil Schmidt,"83928 Reese Trafficway, Marsh Point, Belmara County",Z2,Y,Masonry Veneer,1984,Commercial,380800.0,2025-05-27,2764.59
GC-000380,Heather Ellis,"22868 Sandoval Place Suite 558, Ridgeview, Belmara County",Z4,N,Frame,1988,Homeowners,162000.0,2022-12-31,639.08
GC-000381,Erika Watson PhD,"593 Nicholas Plaza Suite 577, Millbrook, Belmara County",Z6,N,Frame,1962,Homeowners,148200.0,2023-05-17,641.36
GC-000382,April Johnson,"082 Smith Forges Apt. 504, Port Alden, Belmara County",Z1,Y,Masonry,1971,Homeowners,213000.0,2023-09-25,1144.17
GC-000383,Kayla Duncan,"07522 Richardson Prairie, Hollow Bay, Belmara County",Z5,N,Frame,2004,Homeowners,318500.0,2026-01-05,1181.46
GC-000384,David Evans,"315 Thompson Views Apt. 940, Hollow Bay, Belmara County",Z5,N,Masonry,1971,Commercial,1165900.0,2025-12-06,5176.95
GC-000385,Laura Miller,"5661 Julie Vista, Hollow Bay, Belmara County",Z5,N,Frame,2001,Commercial,2417800.0,2021-07-02,11627.93
GC-000386,Alexandra Waters,"48058 Mark Square Apt. 206, Millbrook, Belmara County",Z6,N,Masonry,1994,Homeowners,214400.0,2025-07-02,683.06
GC-000387,Nicole Johnston,"64622 Miller Ports, Ridgeview, Belmara County",Z4,N,Masonry Veneer,1982,Homeowners,400700.0,2026-05-07,1475.6
GC-000388,Kimberly Baker,"622 Hansen Oval Suite 938, Hollow Bay, Belmara County",Z5,N,Superior (Reinforced Concrete),1992,Homeowners,300000.0,2022-12-28,811.01
GC-000389,Nancy Sanchez,"6591 Emily Manors, Port Alden, Belmara County",Z1,Y,Masonry Veneer,2002,Homeowners,170100.0,2022-02-24,900.05
GC-000390,Connor Cooper,"2597 Scott Viaduct, Marsh Point, Belmara County",Z2,Y,Frame,2015,Homeowners,229500.0,2024-11-02,1309.07
GC-000391,Michael Moore,"03924 Matthew Unions, Marsh Point, Belmara County",Z2,Y,Masonry,2020,Homeowners,180300.0,2026-01-17,849.57
GC-000392,Jerry Johnson,"833 Dunn Road, Cape Verrin, Belmara County",Z3,Y,Frame,2000,Homeowners,311100.0,2025-04-13,1817.1
GC-000393,Brenda Hale,"9804 Brian Flats, Port Alden, Belmara County",Z1,Y,Masonry,1991,Commercial,2993600.0,2024-10-05,19157.5
GC-000394,Lisa Brown,"64510 Dillon Run, Port Alden, Belmara County",Z1,Y,Frame,1957,Homeowners,215100.0,2026-01-11,1467.41
GC-000395,William Romero,"7981 James Mount, Marsh Point, Belmara County",Z2,Y,Superior (Reinforced Concrete),1977,Homeowners,365800.0,2024-12-02,1619.87
GC-000396,Michelle Williams,"7620 Sutton Knoll Suite 384, Ridgeview, Belmara County",Z4,N,Masonry Veneer,1990,Homeowners,594600.0,2022-01-10,2125.72
GC-000397,Lori Johns,"432 Prince Shoals, Cape Verrin, Belmara County",Z3,Y,Masonry Veneer,1962,Homeowners,342900.0,2021-07-14,2100.13
GC-000398,Nicholas Meyer,"3926 Browning Isle, Hollow Bay, Belmara County",Z5,N,Superior (Reinforced Concrete),1972,Homeowners,210800.0,2026-01-23,613.04
GC-000399,Carlos Delgado,"48262 Lonnie Point, Port Alden, Belmara County",Z1,Y,Frame,2013,Homeowners,1031600.0,2021-01-07,5884.25
GC-000400,Michelle White,"056 Turner Summit, Port Alden, Belmara County",Z1,Y,Masonry Veneer,1970,Homeowners,235500.0,2025-01-07,1403.1
GC-000401,Stephanie Mahoney,"31220 Obrien Ridge Apt. 933, Marsh Point, Belmara County",Z2,Y,Frame,2010,Homeowners,228800.0,2023-05-31,1305.08
GC-000402,Heather Watts,"89752 Henry Dam Apt. 330, Ridgeview, Belmara County",Z4,N,Masonry,1981,Commercial,762600.0,2023-04-13,3267.36
GC-000403,Wayne Schaefer,"33127 Watts Way Suite 366, Port Alden, Belmara County",Z1,Y,Frame,1988,Homeowners,336300.0,2025-08-17,2056.37
GC-000404,Lisa Holloway,"9998 Abigail Mission Suite 038, Port Alden, Belmara County",Z1,Y,Frame,1968,Homeowners,242300.0,2026-01-25,1592.16
GC-000405,Victoria Williams,"034 Sanders Hollow Suite 726, Port Alden, Belmara County",Z1,Y,Masonry,1988,Homeowners,276100.0,2021-05-04,1394.65
GC-000406,Thomas Vaughn,"7181 Kimberly Square, Marsh Point, Belmara County",Z2,Y,Masonry Veneer,2009,Commercial,1358400.0,2021-03-18,9064.26
GC-000407,Jenna Morris,"79371 Nguyen Run, Ridgeview, Belmara County",Z4,N,Frame,2024,Homeowners,132100.0,2023-04-01,486.13
GC-000408,Rebecca Higgins,"17518 Acosta Pass, Hollow Bay, Belmara County",Z5,N,Frame,1984,Homeowners,195500.0,2025-03-01,782.75
GC-000409,Caitlin Pierce,"59222 Kayla Center, Cape Verrin, Belmara County",Z3,Y,Masonry,1999,Homeowners,227800.0,2024-11-09,1103.45
GC-000410,Eric Mack,"2123 Cindy Glen Apt. 777, Cape Verrin, Belmara County",Z3,Y,Frame,2024,Homeowners,191700.0,2022-03-11,1093.46
GC-000411,Abigail Andrade,"97767 Carolyn Avenue, Hollow Bay, Belmara County",Z5,N,Masonry,1984,Homeowners,170300.0,2023-02-26,563.27
GC-000412,Joshua Harvey,"22050 Melissa Shores, Port Alden, Belmara County",Z1,Y,Frame,1987,Homeowners,222300.0,2025-08-10,1364.37
GC-000413,Lindsey Rivera,"16224 Tammy Summit, Port Alden, Belmara County",Z1,Y,Masonry,1957,Homeowners,455800.0,2021-09-03,2568.68
GC-000414,Tara Davis,"5616 Kelly Dale Apt. 458, Port Alden, Belmara County",Z1,Y,Masonry Veneer,1992,Homeowners,244200.0,2022-07-12,1343.01
GC-000415,Daniel Clark,"98179 Simmons Vista, Port Alden, Belmara County",Z1,Y,Superior (Reinforced Concrete),1988,Homeowners,371200.0,2023-03-31,1578.97
GC-000416,Joseph Carney,"99787 Morton Ridge Apt. 430, Hollow Bay, Belmara County",Z5,N,Masonry,1978,Homeowners,198000.0,2024-05-24,669.34
GC-000417,John Robles,"660 Bailey Valley, Cape Verrin, Belmara County",Z3,Y,Masonry,1984,Homeowners,374500.0,2026-05-27,1919.93
GC-000418,Alexandra Harris,"1448 Wang Crescent Suite 569, Millbrook, Belmara County",Z6,N,Frame,2007,Homeowners,369900.0,2021-12-31,1361.23
GC-000419,Alyssa Thompson,"7702 Moore Mount Suite 760, Cape Verrin, Belmara County",Z3,Y,Superior (Reinforced Concrete),1963,Homeowners,422700.0,2025-05-18,1965.76
GC-000420,Elizabeth Hardy,"803 Marsh Underpass Suite 124, Millbrook, Belmara County",Z6,N,Frame,2024,Commercial,1221200.0,2022-12-21,5757.96
GC-000421,Gina Brooks,"962 Michelle Terrace, Hollow Bay, Belmara County",Z5,N,Superior (Reinforced Concrete),2024,Homeowners,342200.0,2024-05-12,876.03
GC-000422,Scott Mckinney,"1735 Gallegos Hollow Apt. 842, Hollow Bay, Belmara County",Z5,N,Frame,2014,Homeowners,349900.0,2022-10-09,1287.63
GC-000423,Richard Strickland,"8078 James Orchard, Port Alden, Belmara County",Z1,Y,Frame,1976,Homeowners,305400.0,2022-10-10,1951.04
GC-000424,Kelly Rowe,"82307 Reeves Pike, Hollow Bay, Belmara County",Z5,N,Masonry,2008,Homeowners,340700.0,2024-02-02,1035.73
GC-000425,Eric Williams,"7018 Johnson Trace, Marsh Point, Belmara County",Z2,Y,Masonry,2005,Homeowners,175700.0,2024-01-04,831.21
GC-000426,Steven Flores,"4857 Joseph Estate, Marsh Point, Belmara County",Z2,Y,Frame,1953,Homeowners,308500.0,2022-01-10,2132.74
GC-000427,Adrian Dean,"85854 Sherry Unions, Hollow Bay, Belmara County",Z5,N,Frame,1982,Homeowners,273800.0,2021-07-03,1104.31
GC-000428,David Jones,"702 Thomas Spring Apt. 160, Marsh Point, Belmara County",Z2,Y,Frame,2003,Commercial,745700.0,2026-04-02,5515.16
GC-000429,James Bush,"545 Jennifer Skyway Apt. 792, Marsh Point, Belmara County",Z2,Y,Frame,2008,Homeowners,317300.0,2025-08-21,1809.88
GC-000430,Robert Hale,"4773 Douglas Ridges, Millbrook, Belmara County",Z6,N,Masonry,2020,Homeowners,162800.0,2021-12-03,494.91
GC-000431,Jack White,"7701 Rodriguez Neck Suite 245, Ridgeview, Belmara County",Z4,N,Masonry Veneer,2019,Homeowners,260900.0,2022-10-22,876.62
GC-000432,Bethany Garcia,"8148 Morales Loop, Ridgeview, Belmara County",Z4,N,Frame,2012,Homeowners,356800.0,2023-11-12,1313.02
GC-000433,David Moore,"1539 Mueller Mews Suite 832, Cape Verrin, Belmara County",Z3,Y,Frame,1992,Homeowners,337600.0,2026-05-05,2033.51
GC-000434,Angela Galvan,"99758 Lynn Fall Suite 619, Marsh Point, Belmara County",Z2,Y,Frame,1978,Homeowners,300700.0,2025-06-03,1907.29
GC-000435,Robert Wise,"7013 Paige Throughway Apt. 227, Port Alden, Belmara County",Z1,Y,Frame,2000,Homeowners,416900.0,2021-07-28,2435.07
GC-000436,Jean Lane,"54946 Mooney Prairie, Port Alden, Belmara County",Z1,Y,Masonry Veneer,1972,Homeowners,452600.0,2022-07-31,2677.71
GC-000437,William Powell,"0580 Jacqueline View, Port Alden, Belmara County",Z1,Y,Masonry,1991,Commercial,2055400.0,2023-03-30,13153.5
GC-000438,Ashley Campbell,"69656 James Plains, Cape Verrin, Belmara County",Z3,Y,Superior (Reinforced Concrete),1995,Homeowners,270100.0,2025-09-18,1118.91
GC-000439,Christopher Taylor,"6242 Alexander Rue Apt. 276, Port Alden, Belmara County",Z1,Y,Masonry,1972,Homeowners,335200.0,2021-08-23,1794.27
GC-000440,Brandy Taylor,"9692 Hicks Plaza Suite 653, Ridgeview, Belmara County",Z4,N,Superior (Reinforced Concrete),1984,Homeowners,440000.0,2023-09-06,1225.52
GC-000441,Larry Lane,"846 Johnson Camp, Ridgeview, Belmara County",Z4,N,Superior (Reinforced Concrete),1999,Homeowners,187700.0,2023-10-21,493.97
GC-000442,Michele Wilson,"128 Marshall Common Apt. 371, Cape Verrin, Belmara County",Z3,Y,Masonry,1978,Homeowners,168900.0,2023-06-11,884.99
GC-000443,Kimberly Riley,"8077 Berry Isle, Hollow Bay, Belmara County",Z5,N,Frame,1967,Homeowners,495000.0,2022-10-11,2105.77
GC-000444,Tyler Yates,"09494 Crystal Prairie Apt. 904, Ridgeview, Belmara County",Z4,N,Masonry,1995,Homeowners,328800.0,2024-04-11,1043.53
GC-000445,Lori Mitchell,"81442 Hill Glens, Port Alden, Belmara County",Z1,Y,Frame,1990,Homeowners,244600.0,2023-12-25,1484.49
GC-000446,Brian Thompson,"752 Patton Freeway, Millbrook, Belmara County",Z6,N,Frame,1991,Homeowners,263500.0,2025-08-01,1027.86
GC-000447,Dr. Scott Cooper,"92766 Donna Stream, Cape Verrin, Belmara County",Z3,Y,Frame,1968,Commercial,1746500.0,2025-11-29,14703.97
GC-000448,Christine Navarro,"41027 Alvarez Mountains Apt. 667, Port Alden, Belmara County",Z1,Y,Frame,1984,Homeowners,93100.0,2021-01-17,577.77
GC-000449,Joseph Graham,"6580 Samantha Route Suite 694, Millbrook, Belmara County",Z6,N,Frame,2009,Homeowners,329200.0,2023-05-08,1211.46
GC-000450,Derek Garcia,"3938 Byrd Falls Suite 800, Ridgeview, Belmara County",Z4,N,Frame,2010,Homeowners,381400.0,2022-11-29,1403.55
GC-000451,Alexandra Davis,"753 King Bypass, Hollow Bay, Belmara County",Z5,N,Masonry,1997,Homeowners,211000.0,2024-12-15,664.53
GC-000452,Brandon Mays,"111 Nicholas Track, Marsh Point, Belmara County",Z2,Y,Frame,2005,Homeowners,206500.0,2023-01-26,1182.59
GC-000453,Kylie Coffey,"244 Guerrero Club, Ridgeview, Belmara County",Z4,N,Masonry,2024,Homeowners,392500.0,2024-06-05,1193.2
GC-000454,Tammy Hill,"542 Joshua Circle Suite 650, Hollow Bay, Belmara County",Z5,N,Frame,2002,Homeowners,312500.0,2025-01-19,1168.4
GC-000455,Robert Thompson,"3962 Rodriguez Plains, Port Alden, Belmara County",Z1,Y,Frame,1993,Commercial,1528500.0,2024-06-03,11751.53
GC-000456,Colleen Schneider,"410 Chad Stream Suite 707, Cape Verrin, Belmara County",Z3,Y,Masonry,1975,Commercial,1061600.0,2022-01-28,7203.88
GC-000457,Martin Fitzpatrick,"2569 Zachary Trail Suite 766, Marsh Point, Belmara County",Z2,Y,Masonry,2011,Homeowners,497100.0,2021-10-05,2342.34
GC-000458,Priscilla Floyd,"67198 Cook Hollow, Marsh Point, Belmara County",Z2,Y,Frame,1981,Homeowners,246900.0,2024-11-18,1549.15
GC-000459,Mark Benjamin,"8517 Holland Fall, Marsh Point, Belmara County",Z2,Y,Frame,1988,Commercial,1365000.0,2023-05-13,10694.02
GC-000460,Tracy Guerrero,"615 Miller Roads Suite 320, Ridgeview, Belmara County",Z4,N,Frame,2009,Homeowners,255400.0,2025-09-20,939.87
GC-000461,Nathan Watkins,"1847 Levy Brook Apt. 505, Cape Verrin, Belmara County",Z3,Y,Frame,2008,Commercial,2123100.0,2025-06-08,15516.15
GC-000462,Amanda Wilson,"829 Sandy Camp Apt. 707, Ridgeview, Belmara County",Z4,N,Frame,1975,Homeowners,304900.0,2021-10-04,1261.16
GC-000463,Lisa Sanchez,"20417 Mary Circles, Millbrook, Belmara County",Z6,N,Masonry,1980,Homeowners,305700.0,2021-01-03,1025.98
GC-000464,Ashley Crawford,"36565 Theresa Ports, Port Alden, Belmara County",Z1,Y,Frame,1996,Homeowners,329700.0,2025-05-25,1955.83
GC-000465,Erica Oconnell,"92511 Thomas Mall, Port Alden, Belmara County",Z1,Y,Masonry,1950,Commercial,1056700.0,2022-03-22,7808.58
GC-000466,Jacob Martin,"021 Strickland Brook, Cape Verrin, Belmara County",Z3,Y,Frame,2024,Homeowners,159100.0,2023-06-05,907.51
GC-000467,Angela Smith,"946 Schwartz Ford, Port Alden, Belmara County",Z1,Y,Frame,1997,Homeowners,388100.0,2024-07-20,2293.42
GC-000468,Devin Cole,"90927 Courtney Tunnel, Millbrook, Belmara County",Z6,N,Masonry,1998,Homeowners,167300.0,2022-05-10,524.87
GC-000469,Jason Grant,"81958 Steven Road, Marsh Point, Belmara County",Z2,Y,Masonry,1998,Homeowners,336100.0,2022-02-25,1634.38
GC-000470,Destiny Lee,"772 Elizabeth Cape, Port Alden, Belmara County",Z1,Y,Frame,1965,Homeowners,363600.0,2021-11-18,2414.11
GC-000471,Jackson Clark,"9701 Sara Fall Apt. 078, Cape Verrin, Belmara County",Z3,Y,Masonry Veneer,1972,Homeowners,200100.0,2026-03-15,1183.85
GC-000472,Steven Griffith,"3531 Perez Freeway Suite 363, Ridgeview, Belmara County",Z4,N,Frame,1988,Commercial,425100.0,2025-03-03,2148.66
GC-000473,Kevin Brown,"39726 Taylor Stravenue Apt. 543, Cape Verrin, Belmara County",Z3,Y,Masonry,2024,Homeowners,247900.0,2025-06-18,1168.1
GC-000474,Andrew Carroll,"17762 Robinson Hill Apt. 929, Millbrook, Belmara County",Z6,N,Superior (Reinforced Concrete),1972,Homeowners,430700.0,2021-04-26,1252.54
GC-000475,Sarah Miller,"97740 Fitzgerald Gateway Apt. 569, Marsh Point, Belmara County",Z2,Y,Masonry,2008,Commercial,923400.0,2021-06-03,5574.8
GC-000476,Timothy Shah,"0078 Ronald Lock, Millbrook, Belmara County",Z6,N,Frame,1977,Homeowners,286000.0,2026-03-29,1174.57
GC-000477,Robert Nicholson,"3180 Dodson Curve Suite 431, Millbrook, Belmara County",Z6,N,Frame,1983,Homeowners,379900.0,2024-07-03,1526.65
GC-000478,Michael Martin,"907 Ingram Well Suite 257, Cape Verrin, Belmara County",Z3,Y,Masonry,2017,Homeowners,294700.0,2022-12-01,1388.63
GC-000479,April Burton,"580 Simmons Groves Apt. 195, Cape Verrin, Belmara County",Z3,Y,Superior (Reinforced Concrete),1982,Homeowners,448300.0,2023-03-02,1949.62
GC-000480,Amy Dougherty,"16579 Michael Extensions Apt. 832, Cape Verrin, Belmara County",Z3,Y,Masonry,1995,Homeowners,161700.0,2024-03-16,795.46
GC-000481,Mrs. Ashley Mendoza,"355 Gordon Manors, Cape Verrin, Belmara County",Z3,Y,Frame,1963,Homeowners,504700.0,2022-02-25,3373.96
GC-000482,Arthur Reed,"817 Hayes Land Apt. 371, Cape Verrin, Belmara County",Z3,Y,Frame,2004,Homeowners,385700.0,2023-10-25,2217.63
GC-000483,Steven Roberts,"24127 Nancy Pike, Port Alden, Belmara County",Z1,Y,Masonry Veneer,1955,Homeowners,322600.0,2022-08-04,2022.84
GC-000484,Alison Butler,"5670 Lopez Brooks, Marsh Point, Belmara County",Z2,Y,Masonry,2024,Homeowners,404400.0,2024-09-11,1905.53
GC-000485,Crystal Meza,"9557 Ellis Port Apt. 424, Port Alden, Belmara County",Z1,Y,Superior (Reinforced Concrete),1974,Homeowners,183600.0,2025-03-19,821.78
GC-000486,Jacob Roberts,"54729 Jennifer Heights, Millbrook, Belmara County",Z6,N,Frame,1991,Homeowners,188000.0,2022-02-24,733.35
GC-000487,Christopher Erickson,"31059 Scott Land, Hollow Bay, Belmara County",Z5,N,Masonry Veneer,1974,Homeowners,212200.0,2022-06-21,804.25
GC-000488,Justin Johnson,"2578 Amanda Crossing Apt. 672, Marsh Point, Belmara County",Z2,Y,Frame,1981,Commercial,663700.0,2025-10-30,5335.53
GC-000489,Tanya Moore,"474 Lauren Stream Suite 517, Millbrook, Belmara County",Z6,N,Masonry Veneer,2021,Homeowners,137000.0,2025-05-14,460.32
GC-000490,Brenda Pierce,"69375 Mark Rest Apt. 983, Marsh Point, Belmara County",Z2,Y,Masonry Veneer,1956,Homeowners,298300.0,2022-12-27,1864.26
GC-000491,Pamela Gonzalez,"718 Lee Island, Marsh Point, Belmara County",Z2,Y,Masonry,2006,Homeowners,185500.0,2024-01-31,874.08
GC-000492,Kayla Brown,"2656 Smith Key Suite 478, Hollow Bay, Belmara County",Z5,N,Masonry,1981,Homeowners,261400.0,2024-12-17,874.12
GC-000493,Nicholas Wallace,"4266 Mary Rapid Apt. 234, Cape Verrin, Belmara County",Z3,Y,Superior (Reinforced Concrete),2007,Commercial,1894600.0,2025-06-05,9632.15
GC-000494,Sean Hatfield,"610 Fowler Groves, Port Alden, Belmara County",Z1,Y,Frame,1981,Homeowners,232600.0,2021-09-02,1459.43
GC-000495,Justin Page,"26487 Mackenzie Hollow, Hollow Bay, Belmara County",Z5,N,Masonry,2006,Commercial,2971900.0,2021-03-06,11575.55
GC-000496,Elizabeth Hansen,"00244 Martinez Shores Suite 627, Marsh Point, Belmara County",Z2,Y,Masonry,1950,Commercial,1186400.0,2022-01-04,8767.01
GC-000497,Maria Johnson,"1959 Cunningham Ways Suite 715, Port Alden, Belmara County",Z1,Y,Masonry Veneer,1986,Homeowners,341500.0,2024-08-31,1920.81
GC-000498,Laura Bruce,"025 Johns Dale, Cape Verrin, Belmara County",Z3,Y,Masonry,2024,Homeowners,633900.0,2025-01-16,2986.94
GC-000499,Anthony Ward,"44818 Katie Falls Apt. 928, Ridgeview, Belmara County",Z4,N,Masonry Veneer,2007,Homeowners,226200.0,2022-12-17,760.03
GC-000500,Eugene Kirk,"5189 Morrow Bridge Apt. 845, Marsh Point, Belmara County",Z2,Y,Masonry Veneer,1998,Homeowners,431300.0,2025-03-18,2318.09
GC-000501,Jennifer Mccall,"32833 Robert Club, Millbrook, Belmara County",Z6,N,Masonry,1990,Homeowners,390100.0,2022-03-27,1261.8
GC-000502,Carlos Smith,"5279 Jackson Hollow Apt. 132, Hollow Bay, Belmara County",Z5,N,Superior (Reinforced Concrete),1979,Homeowners,375700.0,2021-04-23,1065.67
GC-000503,Brenda Perez,"21611 Kim Throughway, Port Alden, Belmara County",Z1,Y,Frame,1981,Commercial,504800.0,2022-06-01,4058.13
GC-000504,Craig Johnson,"1401 Contreras Throughway, Ridgeview, Belmara County",Z4,N,Frame,1991,Homeowners,137700.0,2021-07-16,537.14
GC-000505,Caleb Guzman,"50124 Bell Walk, Port Alden, Belmara County",Z1,Y,Frame,1990,Homeowners,277300.0,2022-01-26,1682.95
GC-000506,Monica Allen,"90833 Jackson Throughway, Ridgeview, Belmara County",Z4,N,Frame,2022,Homeowners,229200.0,2023-11-19,843.46
GC-000507,Valerie Garcia,"759 Scott Coves, Marsh Point, Belmara County",Z2,Y,Superior (Reinforced Concrete),1995,Homeowners,277100.0,2025-05-13,1147.91
GC-000508,Henry Gray,"361 Martinez Creek, Port Alden, Belmara County",Z1,Y,Frame,2004,Homeowners,435700.0,2025-10-21,2505.11
GC-000509,Kathleen Ward,"015 Wilson Haven Suite 947, Cape Verrin, Belmara County",Z3,Y,Frame,1995,Homeowners,790700.0,2025-03-18,4708.6
GC-000510,Jason Mercer,"17520 Powers Locks Suite 811, Marsh Point, Belmara County",Z2,Y,Masonry,1989,Homeowners,333100.0,2022-10-31,1676.3
GC-000511,James Garza,"215 Matthew Ranch, Millbrook, Belmara County",Z6,N,Frame,2024,Homeowners,216700.0,2025-02-15,797.46
GC-000512,Jennifer Hall,"749 Avila Unions Suite 579, Ridgeview, Belmara County",Z4,N,Frame,2012,Homeowners,174200.0,2022-07-14,641.06
GC-000513,Victoria Dixon,"1147 Hall Dale, Cape Verrin, Belmara County",Z3,Y,Masonry,2024,Homeowners,187100.0,2023-08-05,881.62
GC-000514,Oscar Greer,"026 Hernandez Road Apt. 187, Millbrook, Belmara County",Z6,N,Frame,2024,Homeowners,382500.0,2021-10-11,1407.6
GC-000515,Christina Bates,"485 Stephanie Bypass Suite 167, Ridgeview, Belmara County",Z4,N,Frame,2001,Commercial,1678700.0,2025-08-01,8073.37
GC-000516,James Stevens,"84276 Larry Loaf, Marsh Point, Belmara County",Z2,Y,Masonry Veneer,1998,Commercial,590200.0,2022-10-19,4064.28
GC-000517,Mr. Michael Keller,"8280 Baker Ramp Suite 954, Cape Verrin, Belmara County",Z3,Y,Masonry,2001,Homeowners,246300.0,2024-12-03,1183.78
GC-000518,Alfred Williams,"9056 Ronnie Knolls Suite 503, Cape Verrin, Belmara County",Z3,Y,Frame,2018,Homeowners,229400.0,2024-06-25,1308.5
GC-000519,Matthew Watkins,"1520 Johnson Shoals, Marsh Point, Belmara County",Z2,Y,Masonry,2009,Homeowners,435900.0,2021-02-08,2053.96
GC-000520,Laura Valenzuela,"79056 Morris Courts Suite 135, Port Alden, Belmara County",Z1,Y,Masonry Veneer,1973,Homeowners,211100.0,2023-08-02,1244.53
GC-000521,Robert Contreras Jr.,"6371 Karl Causeway Suite 963, Millbrook, Belmara County",Z6,N,Frame,1978,Homeowners,241300.0,2025-04-01,987.44
GC-000522,Tina Robbins,"541 Simmons Key, Port Alden, Belmara County",Z1,Y,Superior (Reinforced Concrete),1995,Commercial,1427600.0,2025-01-06,7577.27
GC-000523,Marisa Turner,"8536 King Passage Suite 820, Marsh Point, Belmara County",Z2,Y,Masonry Veneer,1993,Homeowners,99200.0,2022-08-26,543.5
GC-000524,Kelli Lopez,"74896 Alexa Lakes Suite 232, Cape Verrin, Belmara County",Z3,Y,Frame,2000,Homeowners,258400.0,2026-02-24,1509.29
GC-000525,Pamela Richard,"1364 Lucas Glens Apt. 631, Marsh Point, Belmara County",Z2,Y,Masonry Veneer,2005,Homeowners,255400.0,2023-01-12,1335.44
GC-000526,Alexis Robles,"7866 James Groves Apt. 044, Cape Verrin, Belmara County",Z3,Y,Frame,1997,Homeowners,304800.0,2026-03-05,1801.17
GC-000527,Casey Phelps,"01594 Rachel Lodge Suite 162, Cape Verrin, Belmara County",Z3,Y,Masonry Veneer,1964,Homeowners,337500.0,2021-05-15,2052.99
GC-000528,Kenneth Mason,"984 Wilkerson Freeway, Port Alden, Belmara County",Z1,Y,Masonry,1979,Homeowners,517300.0,2024-11-09,2700.77
GC-000529,Patricia Edwards,"363 Daniel Forest Suite 764, Millbrook, Belmara County",Z6,N,Frame,2022,Commercial,1145300.0,2021-08-30,5400.09
GC-000530,Amy Ferguson,"8673 Suarez Drive, Millbrook, Belmara County",Z6,N,Masonry Veneer,1989,Homeowners,324000.0,2021-07-15,1162.67
GC-000531,Mike Underwood,"900 Johnny Lights, Millbrook, Belmara County",Z6,N,Frame,1975,Homeowners,327200.0,2026-03-29,1353.4
GC-000532,Tyler Cox,"376 Renee Lock, Hollow Bay, Belmara County",Z5,N,Masonry Veneer,2008,Commercial,933800.0,2025-04-21,4020.01
GC-000533,Tabitha Turner,"3275 Mccormick Harbor, Ridgeview, Belmara County",Z4,N,Frame,1986,Homeowners,204400.0,2023-04-09,812.37
GC-000534,Samantha Shepard,"656 Madison Square Suite 815, Marsh Point, Belmara County",Z2,Y,Masonry,1962,Commercial,1097600.0,2024-12-20,7792.75
GC-000535,Nicholas Kelley,"0027 Aaron Flats Suite 591, Millbrook, Belmara County",Z6,N,Frame,1964,Homeowners,181100.0,2022-04-02,778.41
GC-000536,David Reeves,"657 Russo Dale, Port Alden, Belmara County",Z1,Y,Masonry,1997,Homeowners,191800.0,2026-04-27,936.3
GC-000537,Michael Serrano,"16526 Duffy Ports Apt. 008, Cape Verrin, Belmara County",Z3,Y,Masonry,1989,Homeowners,451700.0,2025-06-18,2273.14
GC-000538,Lori Meadows,"42069 Burke Drive Apt. 529, Port Alden, Belmara County",Z1,Y,Frame,1982,Homeowners,337200.0,2023-10-17,2108.03
GC-000539,Nathan Graham,"713 James Wall Suite 476, Cape Verrin, Belmara County",Z3,Y,Frame,1975,Homeowners,183800.0,2025-05-02,1178.4
GC-000540,Scott Greene,"362 Sparks Burgs Suite 439, Marsh Point, Belmara County",Z2,Y,Frame,2006,Homeowners,678200.0,2023-08-16,3868.45
GC-000541,David Aguilar,"07256 Jennifer Station Suite 941, Millbrook, Belmara County",Z6,N,Masonry,2022,Homeowners,227000.0,2024-10-09,690.08
GC-000542,Anthony Cook,"5990 Jon River, Marsh Point, Belmara County",Z2,Y,Masonry Veneer,1997,Homeowners,716500.0,2024-12-27,3865.87
GC-000543,William Lambert,"092 Jackson Park, Cape Verrin, Belmara County",Z3,Y,Superior (Reinforced Concrete),1994,Homeowners,276800.0,2024-07-16,1151.06
GC-000544,Sherry Anderson,"862 Wilson Cape Apt. 745, Marsh Point, Belmara County",Z2,Y,Masonry Veneer,1988,Homeowners,153500.0,2025-11-12,856.99
GC-000545,Diane Mcdowell,"562 Doyle Overpass Apt. 870, Ridgeview, Belmara County",Z4,N,Masonry Veneer,1986,Commercial,3034700.0,2022-02-20,14109.53
GC-000546,Anthony White,"2761 Williams Knolls Suite 771, Ridgeview, Belmara County",Z4,N,Masonry Veneer,2013,Homeowners,442800.0,2024-01-22,1487.81
GC-000547,Sharon Martinez,"42284 Brandy Avenue, Hollow Bay, Belmara County",Z5,N,Masonry Veneer,1968,Homeowners,260800.0,2022-12-19,1009.48
GC-000548,Laura Butler,"71504 Phillip Ramp, Cape Verrin, Belmara County",Z3,Y,Masonry Veneer,1980,Homeowners,97500.0,2023-07-31,560.59
GC-000549,Ashley Morris,"77749 Mark Cape, Marsh Point, Belmara County",Z2,Y,Masonry Veneer,1987,Homeowners,289100.0,2022-06-18,1620.06
GC-000550,Tiffany Nguyen,"04501 Davis Glens, Cape Verrin, Belmara County",Z3,Y,Frame,1999,Homeowners,342700.0,2023-12-09,2009.49
GC-000551,Vincent Glenn,"32664 David Overpass, Port Alden, Belmara County",Z1,Y,Frame,1982,Commercial,2440500.0,2022-09-27,19548.02
GC-000552,Nancy Dorsey,"1583 Griffin Loaf, Port Alden, Belmara County",Z1,Y,Frame,1990,Homeowners,250500.0,2023-08-09,1520.3
GC-000553,Justin Henderson,"9266 Billy Junctions Suite 327, Marsh Point, Belmara County",Z2,Y,Masonry,2004,Homeowners,481900.0,2026-02-26,2288.88
GC-000554,Maria Miller,"1742 Gabrielle Hills Apt. 864, Marsh Point, Belmara County",Z2,Y,Masonry Veneer,1980,Homeowners,438800.0,2025-02-14,2522.94
GC-000555,Kristen Lowery,"661 Guerrero Port, Hollow Bay, Belmara County",Z5,N,Masonry,2020,Homeowners,335800.0,2023-03-18,1020.83
GC-000556,Heather Richards,"72260 Robert Squares, Ridgeview, Belmara County",Z4,N,Masonry Veneer,1987,Homeowners,531100.0,2023-06-14,1920.12
GC-000557,Kevin Gibson,"452 Jacob Summit Suite 168, Millbrook, Belmara County",Z6,N,Masonry,2002,Homeowners,321500.0,2025-05-19,993.0
GC-000558,James Smith,"6974 Vazquez Spurs Suite 412, Hollow Bay, Belmara County",Z5,N,Masonry Veneer,2023,Homeowners,314200.0,2025-01-08,1055.71
GC-000559,Connor Cabrera,"37236 Christopher Trail, Ridgeview, Belmara County",Z4,N,Frame,1990,Homeowners,184700.0,2023-08-13,723.2
GC-000560,John Johnson,"77707 James Port, Hollow Bay, Belmara County",Z5,N,Masonry Veneer,2014,Homeowners,404900.0,2025-10-20,1360.46
GC-000561,Jenna Cook,"667 Johnson Locks, Ridgeview, Belmara County",Z4,N,Frame,2007,Homeowners,434900.0,2022-01-19,1600.43
GC-000562,Mr. Logan Gregory,"08069 Tran Grove Suite 717, Cape Verrin, Belmara County",Z3,Y,Masonry,2011,Homeowners,382900.0,2023-09-17,1804.22
GC-000563,Maria West,"24375 Hall Forges Suite 972, Marsh Point, Belmara County",Z2,Y,Frame,1969,Homeowners,378700.0,2025-12-19,2479.8
GC-000564,Miranda Myers,"572 Justin Summit Apt. 722, Port Alden, Belmara County",Z1,Y,Masonry Veneer,1985,Commercial,2385700.0,2024-09-25,17256.39
GC-000565,Larry Garcia,"4338 Yvette Knolls Suite 522, Hollow Bay, Belmara County",Z5,N,Masonry,1993,Homeowners,228000.0,2022-06-18,729.16
GC-000566,Stephanie Johnson,"6193 Anna Oval, Port Alden, Belmara County",Z1,Y,Masonry Veneer,1994,Homeowners,146200.0,2022-11-21,797.96
GC-000567,Gerald Kelly,"428 Jasmine Mill, Hollow Bay, Belmara County",Z5,N,Frame,2001,Homeowners,154600.0,2022-03-31,580.31
GC-000568,Tonya Campos,"918 William Expressway, Millbrook, Belmara County",Z6,N,Masonry Veneer,1992,Homeowners,369800.0,2025-11-27,1312.11
GC-000569,Shelby Bartlett,"478 Oconnor Courts, Millbrook, Belmara County",Z6,N,Masonry Veneer,2009,Homeowners,437000.0,2023-05-09,1468.32
GC-000570,Jack Fuentes,"76037 Mitchell Extension, Marsh Point, Belmara County",Z2,Y,Frame,1969,Homeowners,254600.0,2025-09-19,1667.17
GC-000571,Jaime Fischer,"328 Cobb Dam Suite 667, Hollow Bay, Belmara County",Z5,N,Frame,1984,Homeowners,450300.0,2025-11-27,1802.93
GC-000572,Kelli Fleming,"2081 Matthew Locks, Ridgeview, Belmara County",Z4,N,Masonry,2014,Homeowners,324100.0,2022-06-21,985.26
GC-000573,Mrs. Amy Malone,"084 Morales Springs, Port Alden, Belmara County",Z1,Y,Masonry,2003,Homeowners,461100.0,2025-08-16,2198.78
GC-000574,Shelley Griffith,"0489 Isabella Mission Apt. 899, Marsh Point, Belmara County",Z2,Y,Masonry,1994,Homeowners,116800.0,2025-05-06,576.78
GC-000575,Melissa Barron,"41085 Hardy Streets Apt. 884, Cape Verrin, Belmara County",Z3,Y,Masonry,1985,Commercial,2136700.0,2023-11-04,13983.37
GC-000576,Jorge Collins,"200 Allen Trail Suite 681, Port Alden, Belmara County",Z1,Y,Masonry,2009,Homeowners,461300.0,2022-04-16,2173.65
GC-000577,Sarah Green,"01749 Shawn Freeway Apt. 544, Millbrook, Belmara County",Z6,N,Masonry,2002,Commercial,812800.0,2024-04-20,3216.51
GC-000578,Robin Armstrong,"683 Mark Prairie, Marsh Point, Belmara County",Z2,Y,Frame,2010,Homeowners,572500.0,2022-02-10,3265.54
GC-000579,Richard Gibson,"661 Bryan Curve, Cape Verrin, Belmara County",Z3,Y,Masonry,1981,Homeowners,325700.0,2024-02-10,1688.17
GC-000580,Jeremy Wood,"886 Silva Roads Suite 776, Port Alden, Belmara County",Z1,Y,Frame,1952,Homeowners,119200.0,2021-06-15,826.78
GC-000581,Brianna Martinez,"88137 Johnson Estate Suite 196, Cape Verrin, Belmara County",Z3,Y,Masonry,1968,Homeowners,247400.0,2023-01-12,1342.94
GC-000582,Jacob Roberts,"54544 Johnson Divide, Ridgeview, Belmara County",Z4,N,Frame,1993,Homeowners,313200.0,2022-10-22,1212.51
GC-000583,Kevin Williams,"3270 Amy Cliff Apt. 679, Port Alden, Belmara County",Z1,Y,Frame,1991,Commercial,690400.0,2024-03-13,5348.35
GC-000584,Jesse Morgan,"9228 Gill Shores Suite 251, Ridgeview, Belmara County",Z4,N,Masonry,2006,Homeowners,282300.0,2021-06-04,858.19
GC-000585,Mary Ortiz,"5807 Brewer Way, Ridgeview, Belmara County",Z4,N,Frame,2004,Homeowners,291100.0,2022-08-30,1079.82
GC-000586,Alexander Mccoy,"181 Stephanie Plains Apt. 983, Hollow Bay, Belmara County",Z5,N,Frame,1987,Homeowners,125100.0,2025-12-14,495.36
GC-000587,Kathryn Smith,"43397 Lindsay Rest, Hollow Bay, Belmara County",Z5,N,Superior (Reinforced Concrete),1996,Homeowners,206200.0,2021-12-30,548.99
GC-000588,Kevin Henry,"6260 Reyes Course, Port Alden, Belmara County",Z1,Y,Masonry,1985,Homeowners,204100.0,2026-01-03,1042.5
GC-000589,Brett Jackson,"41246 Brian Islands, Hollow Bay, Belmara County",Z5,N,Superior (Reinforced Concrete),1974,Homeowners,232300.0,2021-04-20,670.81
GC-000590,Micheal Evans,"2654 David Crest, Ridgeview, Belmara County",Z4,N,Frame,1978,Homeowners,163400.0,2021-02-05,668.66
GC-000591,David Harper,"8861 Brown Mountain, Port Alden, Belmara County",Z1,Y,Masonry Veneer,1980,Commercial,624000.0,2026-04-03,4596.83
GC-000592,Ana Johnson,"48913 Kevin Lodge, Marsh Point, Belmara County",Z2,Y,Frame,1997,Homeowners,403100.0,2024-04-28,2382.06
GC-000593,Ryan Mason,"8238 Ali Point, Port Alden, Belmara County",Z1,Y,Masonry,1967,Homeowners,284200.0,2024-02-10,1548.06
GC-000594,Aaron Marshall,"200 Nelson Glen Suite 539, Port Alden, Belmara County",Z1,Y,Masonry Veneer,1993,Homeowners,277700.0,2025-01-02,1521.47
GC-000595,Diana Martin,"1612 Johns Fords, Port Alden, Belmara County",Z1,Y,Frame,2019,Homeowners,246500.0,2024-10-26,1406.04
GC-000596,Tina Flores,"474 Eileen Islands Suite 379, Millbrook, Belmara County",Z6,N,Masonry,2002,Homeowners,182300.0,2021-02-09,563.06
GC-000597,Thomas Anderson,"700 Robert Square, Marsh Point, Belmara County",Z2,Y,Frame,2018,Homeowners,273400.0,2024-12-22,1559.47
GC-000598,Pamela Medina,"071 Stanton Lane, Ridgeview, Belmara County",Z4,N,Masonry,2003,Homeowners,252700.0,2026-01-05,777.43
GC-000599,Heather Thompson,"75370 Julia Trace, Cape Verrin, Belmara County",Z3,Y,Masonry Veneer,1983,Commercial,909000.0,2024-06-06,6623.56
GC-000600,Thomas Howard,"433 Coffey Camp, Cape Verrin, Belmara County",Z3,Y,Masonry,2007,Homeowners,286700.0,2025-04-24,1350.93
GC-000601,Tanner Mann,"36149 Jackson Fields, Millbrook, Belmara County",Z6,N,Masonry,1989,Commercial,855400.0,2021-02-22,3558.34
GC-000602,Krystal Fleming,"92124 Nicole Stream, Marsh Point, Belmara County",Z2,Y,Frame,1995,Homeowners,235400.0,2023-10-18,1401.8
GC-000603,Cheryl Gregory,"870 Davidson Run Apt. 566, Cape Verrin, Belmara County",Z3,Y,Masonry,2010,Homeowners,222800.0,2023-06-25,1049.83
GC-000604,Michael Owens,"030 Hull Place Suite 506, Marsh Point, Belmara County",Z2,Y,Frame,2009,Homeowners,306100.0,2025-09-22,1745.99
GC-000605,Brad Armstrong,"361 James Isle, Millbrook, Belmara County",Z6,N,Frame,2002,Homeowners,140000.0,2022-01-18,523.44
GC-000606,Mark Davis,"0954 Daniel Garden Suite 058, Marsh Point, Belmara County",Z2,Y,Frame,1993,Homeowners,330200.0,2022-12-18,1981.4
GC-000607,Terri Parsons,"79110 Nicholas Vista Apt. 207, Marsh Point, Belmara County",Z2,Y,Frame,1963,Homeowners,313300.0,2024-09-13,2094.44
GC-000608,Leslie Reynolds,"080 Horn Locks, Millbrook, Belmara County",Z6,N,Frame,1985,Homeowners,213100.0,2022-11-30,850.08
GC-000609,Paul Hall,"6769 Matthew Spring, Cape Verrin, Belmara County",Z3,Y,Frame,2001,Homeowners,429100.0,2023-01-28,2496.54
GC-000610,Jordan Murphy,"10919 Rebecca Crossroad, Cape Verrin, Belmara County",Z3,Y,Masonry,2009,Homeowners,242000.0,2022-08-29,1140.3
GC-000611,Dawn Fisher,"32002 Silva Passage Suite 498, Port Alden, Belmara County",Z1,Y,Frame,2024,Commercial,1242800.0,2022-12-15,9082.69
GC-000612,Brittany Parker,"5089 Brian Parkways Apt. 653, Hollow Bay, Belmara County",Z5,N,Frame,1978,Commercial,1772200.0,2022-10-11,9291.79
GC-000613,Margaret Harris,"3779 Christian Port, Hollow Bay, Belmara County",Z5,N,Frame,1999,Homeowners,236100.0,2025-12-12,893.18
GC-000614,Lisa Barnes,"70730 Heather Mountain, Cape Verrin, Belmara County",Z3,Y,Masonry Veneer,1992,Homeowners,345900.0,2023-12-02,1902.33
GC-000615,Cynthia Navarro,"636 Margaret Avenue Suite 015, Marsh Point, Belmara County",Z2,Y,Masonry Veneer,1993,Homeowners,233900.0,2023-01-03,1281.5
GC-000616,Brian Roberts,"950 James Haven, Hollow Bay, Belmara County",Z5,N,Masonry Veneer,1997,Homeowners,368000.0,2022-05-08,1280.99
GC-000617,Stephen Higgins,"323 Gregory Greens Apt. 026, Hollow Bay, Belmara County",Z5,N,Masonry,1989,Homeowners,385700.0,2023-03-28,1252.26
GC-000618,Stacey Morgan,"7355 Shelley Union, Marsh Point, Belmara County",Z2,Y,Frame,1990,Homeowners,238400.0,2023-10-27,1446.86
GC-000619,Dr. Sherry Jones MD,"38655 Rowland Gardens, Ridgeview, Belmara County",Z4,N,Frame,2004,Homeowners,352900.0,2024-08-15,1309.06
GC-000620,Pamela Matthews,"53042 Clark Common Suite 912, Marsh Point, Belmara County",Z2,Y,Masonry,1996,Homeowners,639300.0,2022-12-01,3132.88
GC-000621,Nicole Newman,"8725 Fox Orchard Suite 749, Millbrook, Belmara County",Z6,N,Frame,1990,Homeowners,256200.0,2023-06-16,1003.16
GC-000622,Thomas Silva,"33736 Kevin Lane, Port Alden, Belmara County",Z1,Y,Superior (Reinforced Concrete),1993,Commercial,1106500.0,2022-01-05,5917.97
GC-000623,Taylor Brooks,"14785 Brandy Mountain, Millbrook, Belmara County",Z6,N,Frame,1983,Commercial,1301500.0,2022-06-21,6701.14
GC-000624,Gabrielle Hayes,"5754 Johnson Mills Apt. 415, Millbrook, Belmara County",Z6,N,Frame,2003,Homeowners,382500.0,2024-05-19,1424.49
GC-000625,Elizabeth Shaw,"3111 Johnson Flats, Millbrook, Belmara County",Z6,N,Masonry Veneer,1985,Homeowners,587700.0,2021-12-17,2140.54
GC-000626,Michael Wright,"92840 Campbell Key Suite 690, Marsh Point, Belmara County",Z2,Y,Masonry Veneer,1969,Homeowners,180500.0,2024-06-23,1079.17
GC-000627,Jose Juarez,"3337 Zachary Turnpike, Port Alden, Belmara County",Z1,Y,Frame,1972,Commercial,351200.0,2025-10-16,2915.72
GC-000628,Julie Olsen,"53663 Cole Point Apt. 529, Port Alden, Belmara County",Z1,Y,Masonry,1994,Commercial,701200.0,2023-05-28,4436.52
GC-000629,Elizabeth Rojas,"553 Simmons Terrace Suite 845, Cape Verrin, Belmara County",Z3,Y,Frame,2004,Homeowners,294900.0,2024-08-19,1695.57
GC-000630,Latoya Johnson,"59999 Baird Ford, Port Alden, Belmara County",Z1,Y,Masonry,2022,Homeowners,309400.0,2021-05-18,1457.89
GC-000631,Amy Hughes,"59741 Damon Plaza Apt. 097, Marsh Point, Belmara County",Z2,Y,Frame,1996,Homeowners,348900.0,2024-06-14,2069.73
GC-000632,Cristian Pruitt,"3348 Shawn Land Apt. 256, Port Alden, Belmara County",Z1,Y,Frame,1991,Homeowners,198500.0,2025-05-14,1200.18
GC-000633,William Anderson,"1632 Kyle Viaduct Suite 299, Cape Verrin, Belmara County",Z3,Y,Masonry,1989,Homeowners,258000.0,2023-04-24,1298.36
GC-000634,Laurie Shaw,"3027 Makayla Rapids Apt. 859, Millbrook, Belmara County",Z6,N,Masonry Veneer,2005,Homeowners,550200.0,2023-01-02,1856.07
GC-000635,Julia Johnston,"7546 Robert Fall, Millbrook, Belmara County",Z6,N,Frame,1999,Homeowners,340900.0,2024-06-24,1289.64
GC-000636,Morgan Ellis,"916 John Ways, Port Alden, Belmara County",Z1,Y,Frame,1960,Commercial,1173600.0,2022-01-20,10155.12
GC-000637,Stephen Medina,"376 Wanda Club, Marsh Point, Belmara County",Z2,Y,Masonry,2007,Commercial,820200.0,2022-11-09,4951.75
GC-000638,Kathy Chan,"2438 Steven Cliffs Suite 656, Millbrook, Belmara County",Z6,N,Masonry Veneer,1982,Commercial,1224900.0,2022-05-11,5779.42
GC-000639,Jennifer Smith,"257 Murray Corner, Cape Verrin, Belmara County",Z3,Y,Masonry Veneer,1977,Homeowners,163300.0,2026-01-20,949.12
GC-000640,Dana Dodson,"4220 Gregory Crossing, Hollow Bay, Belmara County",Z5,N,Masonry Veneer,1986,Homeowners,213800.0,2025-09-29,775.84
GC-000641,Jeanne Jones,"427 Thompson Station, Millbrook, Belmara County",Z6,N,Masonry,1992,Homeowners,286200.0,2025-04-05,918.77
GC-000642,Michael Robinson,"816 Wallace Rapid, Marsh Point, Belmara County",Z2,Y,Masonry,1960,Commercial,2093700.0,2025-01-25,14965.99
GC-000643,Raymond Wang,"3310 Johnson Bridge, Port Alden, Belmara County",Z1,Y,Frame,1992,Commercial,631500.0,2023-10-01,4873.61
GC-000644,Corey Caldwell,"22068 Lisa Islands, Ridgeview, Belmara County",Z4,N,Masonry,2011,Commercial,565300.0,2021-02-13,2201.84
GC-000645,Chelsey Clark,"1331 Morris Bridge Suite 506, Hollow Bay, Belmara County",Z5,N,Masonry,1979,Homeowners,209400.0,2023-03-11,705.33
GC-000646,Daniel Barrett,"950 Nicole Loop Suite 971, Hollow Bay, Belmara County",Z5,N,Masonry,1973,Homeowners,320000.0,2026-02-03,1101.21
GC-000647,Raven Nielsen,"1956 Martin Roads, Cape Verrin, Belmara County",Z3,Y,Frame,1989,Homeowners,149200.0,2023-02-10,908.91
GC-000648,Melissa Spence,"50997 Dixon Streets Apt. 890, Marsh Point, Belmara County",Z2,Y,Masonry,1994,Commercial,933300.0,2022-01-06,5905.02
GC-000649,Luis Mosley,"63910 Nicholas Hill Apt. 263, Marsh Point, Belmara County",Z2,Y,Frame,1978,Homeowners,252600.0,2023-06-01,1602.2
GC-000650,Cynthia Swanson,"524 Schneider Trace Apt. 864, Ridgeview, Belmara County",Z4,N,Frame,2011,Homeowners,355900.0,2022-03-29,1309.71
GC-000651,Crystal Quinn,"38033 Boyd Falls Suite 017, Port Alden, Belmara County",Z1,Y,Superior (Reinforced Concrete),1980,Homeowners,252300.0,2021-01-06,1105.24
GC-000652,Corey Walters,"21298 Joel Common, Marsh Point, Belmara County",Z2,Y,Masonry Veneer,2024,Homeowners,92100.0,2024-05-20,479.66
GC-000653,John Martin,"62934 Ray Roads, Port Alden, Belmara County",Z1,Y,Masonry Veneer,2010,Homeowners,310200.0,2024-01-25,1615.52
GC-000654,Scott Olson,"6277 Wagner Street Suite 270, Millbrook, Belmara County",Z6,N,Frame,1987,Homeowners,482800.0,2022-03-30,1911.73
GC-000655,Jessica Miller,"828 Jonathan Mountain Suite 746, Cape Verrin, Belmara County",Z3,Y,Frame,2014,Homeowners,152300.0,2023-09-29,868.72
GC-000656,Karen Cook,"23008 Henry Mall Suite 567, Port Alden, Belmara County",Z1,Y,Masonry,2011,Homeowners,445500.0,2024-06-10,2099.2
GC-000657,William Jones,"69236 Wise Terrace, Port Alden, Belmara County",Z1,Y,Frame,1984,Homeowners,420300.0,2025-10-17,2608.36
GC-000658,Katrina Burns,"066 John Bypass Suite 024, Marsh Point, Belmara County",Z2,Y,Frame,1982,Homeowners,169700.0,2022-12-19,1060.89
GC-000659,Terry Hernandez,"920 Kelli Row, Ridgeview, Belmara County",Z4,N,Masonry,2016,Homeowners,222400.0,2024-10-10,676.1
GC-000660,Janice Mccarthy,"362 King Hollow, Ridgeview, Belmara County",Z4,N,Frame,1994,Commercial,802600.0,2023-04-24,3965.9
GC-000661,Kim Tanner,"611 Olsen Grove Apt. 640, Port Alden, Belmara County",Z1,Y,Superior (Reinforced Concrete),1981,Homeowners,157400.0,2022-04-28,687.02
GC-000662,Dr. April Jones,"646 Gregory Ferry Apt. 372, Port Alden, Belmara County",Z1,Y,Masonry,1986,Homeowners,277700.0,2024-09-18,1413.2
GC-000663,Ashley Bradley,"30234 Alexander Road, Cape Verrin, Belmara County",Z3,Y,Frame,1989,Homeowners,208900.0,2021-03-13,1272.59
GC-000664,Mark Miller,"1415 Brenda Neck, Millbrook, Belmara County",Z6,N,Frame,1990,Homeowners,290500.0,2025-11-25,1137.46
GC-000665,Dr. Adam Adams,"901 Alexa Avenue, Port Alden, Belmara County",Z1,Y,Frame,1967,Homeowners,196700.0,2021-03-31,1297.01
GC-000666,Joseph Hayden,"7596 Wood Junctions Suite 356, Port Alden, Belmara County",Z1,Y,Masonry,2003,Homeowners,241600.0,2022-02-04,1152.08
GC-000667,Anthony Kelly,"07620 Misty Harbors Apt. 579, Marsh Point, Belmara County",Z2,Y,Masonry,1994,Homeowners,350900.0,2026-04-19,1732.81
GC-000668,Sheila Robertson,"50505 Hall Oval, Marsh Point, Belmara County",Z2,Y,Masonry,1992,Homeowners,171400.0,2021-01-27,852.86
GC-000669,Lonnie Miller,"1649 Jennifer Ways Apt. 271, Millbrook, Belmara County",Z6,N,Masonry,1987,Homeowners,481800.0,2021-08-12,1575.99
GC-000670,Michael Dunn,"71783 Jason Terrace Apt. 160, Ridgeview, Belmara County",Z4,N,Frame,1998,Homeowners,236900.0,2022-10-15,899.69
GC-000671,Timothy Orr,"47128 Davis Square Suite 399, Marsh Point, Belmara County",Z2,Y,Superior (Reinforced Concrete),1964,Homeowners,168000.0,2023-04-21,778.62
GC-000672,Greg Kent,"863 Jonathon Highway Apt. 115, Marsh Point, Belmara County",Z2,Y,Frame,2001,Commercial,547100.0,2023-10-30,4078.31
GC-000673,Teresa Garner,"525 Ray Alley, Cape Verrin, Belmara County",Z3,Y,Frame,1990,Homeowners,241100.0,2021-10-05,1463.25
GC-000674,Kevin Lee,"5528 Daniel Branch Suite 524, Ridgeview, Belmara County",Z4,N,Frame,2013,Commercial,3261700.0,2024-09-24,15378.92
GC-000675,Kathryn Bryant,"09548 Joshua Vista Suite 374, Millbrook, Belmara County",Z6,N,Masonry Veneer,1974,Homeowners,118500.0,2025-12-14,449.12
GC-000676,Jamie Zavala,"33027 Evans Via Apt. 086, Cape Verrin, Belmara County",Z3,Y,Masonry,1986,Homeowners,240200.0,2023-06-26,1222.37
GC-000677,Michael Mooney,"1844 Jacqueline Plaza Suite 125, Cape Verrin, Belmara County",Z3,Y,Masonry Veneer,1999,Homeowners,208100.0,2025-12-21,1114.13
GC-000678,Lauren Trujillo,"2927 Carter Drive Apt. 330, Cape Verrin, Belmara County",Z3,Y,Frame,1978,Commercial,924600.0,2024-05-03,7514.02
GC-000679,Scott Garcia,"6201 Mccann Fall, Marsh Point, Belmara County",Z2,Y,Masonry,2018,Homeowners,534900.0,2024-09-01,2520.45
GC-000680,Autumn Robertson,"626 Austin Garden Suite 749, Port Alden, Belmara County",Z1,Y,Frame,2000,Homeowners,275600.0,2023-10-13,1609.75
GC-000681,Marissa Bennett,"6475 David Corner, Hollow Bay, Belmara County",Z5,N,Frame,2016,Homeowners,323400.0,2025-04-26,1190.11
GC-000682,Martin Kerr,"99974 Laura Falls, Millbrook, Belmara County",Z6,N,Frame,1976,Homeowners,574500.0,2026-02-25,2367.86
GC-000683,Zachary Park,"215 Jennifer Wall Apt. 606, Port Alden, Belmara County",Z1,Y,Frame,1968,Homeowners,629600.0,2024-12-02,4137.11
GC-000684,Kimberly Burnett,"89813 Henry Rapid Apt. 087, Cape Verrin, Belmara County",Z3,Y,Masonry,1980,Homeowners,478400.0,2022-09-05,2488.66
GC-000685,Barbara Anderson,"218 York Bypass, Cape Verrin, Belmara County",Z3,Y,Masonry,1974,Homeowners,282200.0,2025-08-09,1499.93
GC-000686,Caleb Evans,"0340 Hopkins Mills, Port Alden, Belmara County",Z1,Y,Masonry Veneer,2003,Commercial,1658000.0,2022-03-16,11196.18
GC-000687,John Edwards,"883 Elaine Cape Apt. 032, Hollow Bay, Belmara County",Z5,N,Masonry,2005,Homeowners,300200.0,2022-04-25,916.26
GC-000688,Ronnie Bernard,"542 Jones Glens, Hollow Bay, Belmara County",Z5,N,Frame,1996,Homeowners,354400.0,2025-11-02,1356.36
GC-000689,Matthew Martin,"46283 Crystal Grove Apt. 598, Port Alden, Belmara County",Z1,Y,Masonry,2008,Homeowners,167200.0,2025-10-01,787.85
GC-000690,Jennifer Hernandez,"0931 Martinez Creek Suite 151, Port Alden, Belmara County",Z1,Y,Masonry Veneer,1986,Homeowners,394200.0,2025-12-02,2217.23
GC-000691,Gavin Nelson,"0163 Lynn Tunnel, Port Alden, Belmara County",Z1,Y,Frame,2003,Homeowners,381900.0,2023-05-15,2204.5
GC-000692,Casey Chandler,"718 Graves Way Suite 849, Port Alden, Belmara County",Z1,Y,Frame,1967,Homeowners,304000.0,2023-03-11,2004.52
GC-000693,Anthony Stewart,"58896 Vargas Green Apt. 822, Hollow Bay, Belmara County",Z5,N,Superior (Reinforced Concrete),2009,Homeowners,901400.0,2024-12-03,2307.58
GC-000694,Keith Adams,"396 White Knoll Suite 844, Marsh Point, Belmara County",Z2,Y,Masonry,1980,Homeowners,102600.0,2022-08-31,533.73
GC-000695,Kelly Higgins,"1465 Cynthia Club, Port Alden, Belmara County",Z1,Y,Superior (Reinforced Concrete),2013,Commercial,250000.0,2022-09-03,1271.0
GC-000696,Theresa Martin,"48706 Timothy Passage, Millbrook, Belmara County",Z6,N,Masonry,1996,Homeowners,122000.0,2022-12-07,385.72
GC-000697,Megan Patel,"0930 Park Summit, Ridgeview, Belmara County",Z4,N,Masonry,1988,Homeowners,238600.0,2025-08-26,777.57
GC-000698,Zachary Guerrero,"728 Gregory Lakes, Ridgeview, Belmara County",Z4,N,Frame,1976,Homeowners,343800.0,2021-08-31,1417.01
GC-000699,Kayla Farley,"6251 Sloan Gateway Apt. 447, Cape Verrin, Belmara County",Z3,Y,Masonry,1966,Homeowners,340700.0,2024-01-15,1862.24
GC-000700,Daniel Rojas,"48079 Brown Avenue Suite 545, Marsh Point, Belmara County",Z2,Y,Masonry,1976,Homeowners,379200.0,2024-05-08,2001.21
GC-000701,Gregory Bowen,"0167 Christopher Passage Apt. 617, Millbrook, Belmara County",Z6,N,Frame,2024,Homeowners,215400.0,2023-11-10,792.67
GC-000702,Randy Wright,"5456 Amanda Grove Apt. 772, Ridgeview, Belmara County",Z4,N,Masonry Veneer,1999,Homeowners,339500.0,2025-12-08,1172.66
GC-000703,Paul Smith,"34026 Manning Bypass, Ridgeview, Belmara County",Z4,N,Masonry Veneer,1999,Homeowners,220200.0,2023-07-31,760.59
GC-000704,Cristian Mendoza,"67872 Potter Tunnel Suite 862, Cape Verrin, Belmara County",Z3,Y,Masonry,1968,Commercial,1180400.0,2021-09-20,8209.58
GC-000705,Brian Smith,"8030 Jordan Ranch, Ridgeview, Belmara County",Z4,N,Masonry,2008,Homeowners,191700.0,2026-05-17,582.77
GC-000706,Jessica Roberts,"63928 John Trafficway Apt. 436, Millbrook, Belmara County",Z6,N,Masonry,2004,Commercial,1209000.0,2022-01-16,4746.73
GC-000707,Michael Patrick,"92312 Johnson Fields, Ridgeview, Belmara County",Z4,N,Frame,1985,Homeowners,559000.0,2022-01-01,2229.92
GC-000708,Jessica Jensen,"66843 Matthew Neck, Marsh Point, Belmara County",Z2,Y,Frame,2013,Homeowners,313300.0,2023-01-17,1787.06
GC-000709,Jeffery Williams,"5456 Luis Causeway, Millbrook, Belmara County",Z6,N,Frame,1997,Homeowners,229200.0,2021-11-30,873.82
GC-000710,Aaron Guerrero,"47491 Lopez Overpass Suite 541, Port Alden, Belmara County",Z1,Y,Masonry,1993,Homeowners,278500.0,2022-05-22,1380.53
GC-000711,Adam Arnold,"5598 Allen Harbor, Ridgeview, Belmara County",Z4,N,Frame,1992,Homeowners,304000.0,2025-02-22,1181.37
GC-000712,James Eaton,"910 James Mission, Ridgeview, Belmara County",Z4,N,Frame,1992,Homeowners,229400.0,2025-02-28,891.47
GC-000713,Angela Payne,"7382 David Manor Suite 855, Cape Verrin, Belmara County",Z3,Y,Frame,1972,Homeowners,242300.0,2023-07-19,1570.04
GC-000714,Mitchell Bartlett,"6880 Carol Square, Port Alden, Belmara County",Z1,Y,Masonry,1970,Homeowners,376800.0,2024-04-16,2031.15
GC-000715,Donna Sosa,"367 Gabriel Terrace, Millbrook, Belmara County",Z6,N,Masonry,2016,Homeowners,222600.0,2025-07-17,676.7
GC-000716,Kristina Myers,"20293 Natasha Turnpike Suite 884, Ridgeview, Belmara County",Z4,N,Masonry,1995,Commercial,914700.0,2024-10-10,3719.52
GC-000717,Daniel Erickson,"30834 Danielle Harbors, Port Alden, Belmara County",Z1,Y,Frame,1974,Commercial,1206900.0,2026-05-22,9949.33
GC-000718,Debra Gibbs,"81059 Nguyen Squares, Cape Verrin, Belmara County",Z3,Y,Masonry Veneer,1987,Homeowners,199000.0,2021-08-10,1115.16
GC-000719,Deborah Anderson,"0053 Thompson Brook Apt. 649, Marsh Point, Belmara County",Z2,Y,Frame,1998,Homeowners,184000.0,2026-02-25,1083.12
GC-000720,Ruth Walker,"96273 Richardson Neck Apt. 727, Millbrook, Belmara County",Z6,N,Frame,2006,Homeowners,97400.0,2024-10-12,358.43
GC-000721,Scott Lopez,"240 Martin Fall Suite 931, Port Alden, Belmara County",Z1,Y,Masonry Veneer,1995,Homeowners,229700.0,2024-12-17,1248.91
GC-000722,Jeffery Gibson,"82091 Cruz Creek Apt. 023, Millbrook, Belmara County",Z6,N,Frame,1991,Homeowners,402200.0,2021-09-28,1568.9
GC-000723,Debra Mays,"18513 Timothy Port, Ridgeview, Belmara County",Z4,N,Frame,1997,Homeowners,159600.0,2024-04-24,608.47
GC-000724,Robin Parker,"30848 Andrew Cape Apt. 841, Cape Verrin, Belmara County",Z3,Y,Frame,1995,Homeowners,336300.0,2023-05-31,2002.66
GC-000725,Sara Thomas,"36625 Perez Spur, Cape Verrin, Belmara County",Z3,Y,Frame,1950,Homeowners,149600.0,2025-11-22,1044.46
GC-000726,Stephen Carson,"2131 Howard Ridges, Millbrook, Belmara County",Z6,N,Masonry,1979,Homeowners,348800.0,2021-09-22,1174.87
GC-000727,Isaac Middleton,"92268 Greene Springs, Port Alden, Belmara County",Z1,Y,Masonry Veneer,1996,Homeowners,357400.0,2025-01-06,1935.79
GC-000728,Steven Mcdaniel,"1475 Cochran Station Apt. 022, Marsh Point, Belmara County",Z2,Y,Masonry,1985,Homeowners,201200.0,2024-09-24,1027.69
GC-000729,James Griffith,"19642 Marcus Crossroad Apt. 655, Hollow Bay, Belmara County",Z5,N,Frame,1975,Commercial,2551300.0,2024-10-04,13521.02
GC-000730,John Dudley DDS,"36687 Patel View Apt. 619, Cape Verrin, Belmara County",Z3,Y,Frame,1984,Homeowners,305400.0,2022-08-20,1895.3
GC-000731,Kelsey Frank,"135 James Vista, Port Alden, Belmara County",Z1,Y,Masonry,1991,Homeowners,283100.0,2021-11-30,1414.01
GC-000732,Justin Rosario,"55247 Mary Plaza, Millbrook, Belmara County",Z6,N,Frame,2002,Homeowners,160900.0,2021-01-01,601.59
GC-000733,Susan Sanchez,"21260 Watson Squares, Marsh Point, Belmara County",Z2,Y,Masonry,1950,Commercial,337900.0,2024-09-30,2496.94
GC-000734,Kevin Woods,"25213 Alexander Village, Port Alden, Belmara County",Z1,Y,Frame,1958,Homeowners,296600.0,2021-06-20,2016.63
GC-000735,Brittany White,"847 Sharp Mills, Ridgeview, Belmara County",Z4,N,Masonry,1996,Homeowners,228500.0,2024-09-04,722.43
GC-000736,Melissa Mitchell,"09282 Randy Manors, Ridgeview, Belmara County",Z4,N,Masonry,1995,Homeowners,94500.0,2022-04-13,299.92
GC-000737,Sherri Spencer,"843 Huynh Groves Apt. 862, Cape Verrin, Belmara County",Z3,Y,Frame,1988,Commercial,1460800.0,2025-02-19,11444.56
GC-000738,Jennifer Brown,"89177 Delgado Lodge Suite 205, Marsh Point, Belmara County",Z2,Y,Frame,1999,Homeowners,436600.0,2024-10-25,2560.1
GC-000739,Chloe Rodriguez,"9503 Martin Coves, Marsh Point, Belmara County",Z2,Y,Masonry Veneer,2024,Homeowners,186100.0,2024-03-16,969.21
GC-000740,Kyle Avila,"83034 Tiffany Port Apt. 970, Millbrook, Belmara County",Z6,N,Frame,2000,Homeowners,288200.0,2021-08-21,1086.03
GC-000741,Brandon Parker,"6835 Swanson Curve Apt. 568, Ridgeview, Belmara County",Z4,N,Masonry,1997,Homeowners,286800.0,2021-03-17,903.26
GC-000742,Robert Hernandez,"9042 Faith Common Apt. 332, Ridgeview, Belmara County",Z4,N,Frame,2018,Homeowners,317700.0,2021-09-10,1169.14
GC-000743,Candace Stuart,"2545 Williams Station Suite 339, Port Alden, Belmara County",Z1,Y,Superior (Reinforced Concrete),1993,Homeowners,392200.0,2021-10-21,1637.17
GC-000744,Tina Bradley,"02481 Davis Island Apt. 421, Marsh Point, Belmara County",Z2,Y,Masonry,1970,Homeowners,559200.0,2021-08-24,3014.38
GC-000745,Jack Davis,"747 Hines Mills, Ridgeview, Belmara County",Z4,N,Masonry,1984,Homeowners,261100.0,2025-07-28,863.59
GC-000746,Brenda Martinez,"54669 Scott Passage Suite 516, Marsh Point, Belmara County",Z2,Y,Masonry,1950,Homeowners,226600.0,2022-05-06,1306.91
GC-000747,Deborah Hutchinson,"038 Eric Cove, Marsh Point, Belmara County",Z2,Y,Frame,1968,Homeowners,358800.0,2023-07-29,2357.68
GC-000748,Christopher Ross,"67157 Day Viaduct, Port Alden, Belmara County",Z1,Y,Masonry,1987,Homeowners,263700.0,2021-12-06,1336.99
GC-000749,Brady Dennis,"3651 Peterson Rapids Suite 371, Ridgeview, Belmara County",Z4,N,Frame,1991,Homeowners,534800.0,2021-10-23,2086.15
GC-000750,Andrew Moore,"35909 Brown Valley Suite 673, Ridgeview, Belmara County",Z4,N,Masonry,1994,Homeowners,218200.0,2024-11-25,695.17
GC-000751,Sean Cisneros,"4212 Joshua Common Suite 768, Ridgeview, Belmara County",Z4,N,Frame,1987,Commercial,384000.0,2023-10-18,1948.16
GC-000752,Steven White,"65423 Mcmahon Orchard, Ridgeview, Belmara County",Z4,N,Frame,2009,Homeowners,297100.0,2024-10-10,1093.33
GC-000753,Michael Martin,"9608 Christian Shores Apt. 550, Port Alden, Belmara County",Z1,Y,Frame,1971,Homeowners,503300.0,2023-11-25,3272.74
GC-000754,Jimmy Hernandez,"64807 Cynthia Route Apt. 033, Millbrook, Belmara County",Z6,N,Frame,2014,Homeowners,304900.0,2026-04-23,1122.03
GC-000755,Joshua Martin,"53390 Cervantes Brook Suite 481, Hollow Bay, Belmara County",Z5,N,Masonry,1984,Homeowners,196400.0,2022-04-26,649.6
GC-000756,Mariah Bryant,"5868 Wilson Fall Suite 652, Marsh Point, Belmara County",Z2,Y,Frame,1973,Homeowners,180300.0,2025-07-28,1164.18
GC-000757,Carla Graham,"649 Wanda Valley Apt. 109, Cape Verrin, Belmara County",Z3,Y,Frame,1981,Homeowners,333600.0,2023-10-31,2093.14
GC-000758,Ashley Brady,"789 Elizabeth Walk, Cape Verrin, Belmara County",Z3,Y,Frame,1975,Homeowners,146300.0,2021-01-15,937.97
GC-000759,Daniel Gibson,"37157 Odonnell Rue Suite 053, Marsh Point, Belmara County",Z2,Y,Masonry Veneer,1967,Homeowners,183000.0,2021-05-23,1101.74
GC-000760,Debra Hopkins,"3060 Anthony Turnpike Suite 895, Port Alden, Belmara County",Z1,Y,Masonry Veneer,2024,Homeowners,151500.0,2025-11-29,789.01
GC-000761,Tyler Haney,"639 Poole Unions, Hollow Bay, Belmara County",Z5,N,Frame,1987,Homeowners,374500.0,2021-03-08,1482.9
GC-000762,Jessica Ayers,"265 Samuel Courts Apt. 819, Port Alden, Belmara County",Z1,Y,Frame,1983,Homeowners,340900.0,2025-03-13,2123.39
GC-000763,Sarah Burton,"253 Christopher Mews Apt. 920, Port Alden, Belmara County",Z1,Y,Frame,1955,Commercial,576600.0,2021-03-14,5073.58
GC-000764,Kimberly Compton,"27523 Kenneth Plain Apt. 640, Hollow Bay, Belmara County",Z5,N,Frame,1979,Commercial,848200.0,2025-02-19,4431.18
GC-000765,Timothy Burton,"79112 Green Falls, Port Alden, Belmara County",Z1,Y,Frame,2003,Homeowners,250500.0,2023-03-10,1446.0
GC-000766,Johnny Ward,"1706 Tommy Road, Millbrook, Belmara County",Z6,N,Frame,2005,Homeowners,199800.0,2023-05-21,738.21
GC-000767,Michael Brooks,"722 Smith Fall Apt. 155, Ridgeview, Belmara County",Z4,N,Masonry,1985,Homeowners,241000.0,2023-05-02,794.18
GC-000768,Mr. Joshua Moore,"39080 Javier Lakes Apt. 305, Hollow Bay, Belmara County",Z5,N,Frame,1976,Homeowners,216300.0,2021-05-24,891.5
GC-000769,Bradley Holt,"4731 Erickson Run, Hollow Bay, Belmara County",Z5,N,Masonry Veneer,1990,Homeowners,438700.0,2021-09-27,1568.37
GC-000770,Patrick Simpson,"42346 Brandy Trafficway Suite 237, Port Alden, Belmara County",Z1,Y,Superior (Reinforced Concrete),1960,Homeowners,173500.0,2021-04-21,815.12
GC-000771,Jeremy Carlson,"9196 Gonzalez Knoll Suite 172, Marsh Point, Belmara County",Z2,Y,Masonry Veneer,1991,Homeowners,205100.0,2024-07-20,1132.25
GC-000772,Tina King,"9856 Danny Valleys Suite 625, Marsh Point, Belmara County",Z2,Y,Masonry Veneer,1995,Homeowners,355500.0,2026-04-28,1932.91
GC-000773,Daniel Watson,"1050 Lewis Port, Port Alden, Belmara County",Z1,Y,Masonry Veneer,1980,Homeowners,264700.0,2021-11-27,1521.93
GC-000774,Stephanie Hoffman,"9383 Ann Stravenue Apt. 966, Cape Verrin, Belmara County",Z3,Y,Frame,2005,Commercial,752300.0,2021-03-19,5519.99
GC-000775,Francisco Gonzalez,"0461 Shawn Rapid Suite 963, Cape Verrin, Belmara County",Z3,Y,Frame,1968,Commercial,1712600.0,2021-06-28,14418.56
GC-000776,Dominique Schneider,"4260 Matthew Brook, Millbrook, Belmara County",Z6,N,Frame,2015,Homeowners,406900.0,2022-12-09,1497.39
GC-000777,Brandon Lang,"5561 Snyder Causeway Suite 477, Ridgeview, Belmara County",Z4,N,Masonry,2011,Commercial,842800.0,2022-04-09,3282.71
GC-000778,Tracy Martinez,"103 Margaret Dam Apt. 563, Hollow Bay, Belmara County",Z5,N,Frame,2005,Homeowners,245200.0,2022-11-21,905.95
GC-000779,Corey Barrera,"004 Daniel Hollow Apt. 459, Marsh Point, Belmara County",Z2,Y,Masonry,1983,Homeowners,125100.0,2025-05-03,643.7
GC-000780,Jamie Hale,"712 Atkins Terrace, Hollow Bay, Belmara County",Z5,N,Masonry,2018,Homeowners,439800.0,2025-12-14,1336.99
GC-000781,Sarah Woodard,"188 Becky Shore Suite 457, Marsh Point, Belmara County",Z2,Y,Frame,1960,Homeowners,411300.0,2024-01-08,2777.73
GC-000782,Dennis Phillips,"8331 Teresa Circle, Millbrook, Belmara County",Z6,N,Masonry,1979,Homeowners,393600.0,2022-07-13,1325.77
GC-000783,Michael Mcdonald,"71539 Hodges Inlet Suite 281, Hollow Bay, Belmara County",Z5,N,Frame,2000,Commercial,1340500.0,2026-03-23,6472.15
GC-000784,Colleen Cox,"836 Casey Manors Apt. 491, Cape Verrin, Belmara County",Z3,Y,Superior (Reinforced Concrete),1962,Homeowners,162300.0,2024-01-27,757.35
GC-000785,Shawn Mcgee,"72407 Bell Crest, Port Alden, Belmara County",Z1,Y,Masonry,1975,Homeowners,267200.0,2022-01-21,1415.17
GC-000786,Angela Reynolds,"8685 Scott Land, Port Alden, Belmara County",Z1,Y,Masonry,1960,Homeowners,587300.0,2023-01-27,3276.55
GC-000787,Matthew Dennis,"43629 Moreno Park Suite 103, Hollow Bay, Belmara County",Z5,N,Masonry Veneer,2006,Homeowners,407900.0,2023-04-28,1370.54
GC-000788,Colleen Brown,"431 Joshua River, Marsh Point, Belmara County",Z2,Y,Masonry Veneer,1951,Homeowners,299800.0,2023-09-26,1904.86
GC-000789,Jennifer Long,"473 Kristi Key, Hollow Bay, Belmara County",Z5,N,Frame,1988,Commercial,5330100.0,2026-02-01,26940.88
GC-000790,Michele Roberts,"28974 George Springs, Port Alden, Belmara County",Z1,Y,Superior (Reinforced Concrete),1996,Homeowners,375300.0,2024-12-16,1548.76
GC-000791,Cody Yoder,"76502 Ibarra Extension, Ridgeview, Belmara County",Z4,N,Masonry Veneer,1986,Homeowners,389400.0,2024-03-01,1413.05
GC-000792,Sarah Wheeler,"073 Rodriguez Viaduct Apt. 943, Cape Verrin, Belmara County",Z3,Y,Frame,2013,Homeowners,151900.0,2024-02-03,866.44
GC-000793,Carol Thomas,"45775 Alvarado Glen, Hollow Bay, Belmara County",Z5,N,Superior (Reinforced Concrete),1996,Homeowners,240700.0,2022-04-17,640.84
GC-000794,Adam Gomez,"971 Jennings Stream Apt. 263, Port Alden, Belmara County",Z1,Y,Frame,1977,Homeowners,446500.0,2021-10-22,2842.27
GC-000795,Brenda Jimenez,"653 James Lane, Hollow Bay, Belmara County",Z5,N,Masonry Veneer,2010,Homeowners,451700.0,2023-05-16,1517.71
GC-000796,Tracie Wiley,"245 Myers Mall Suite 430, Cape Verrin, Belmara County",Z3,Y,Superior (Reinforced Concrete),1993,Homeowners,280800.0,2022-04-15,1172.15
GC-000797,Mia Flowers,"7954 Tara Parks, Hollow Bay, Belmara County",Z5,N,Masonry Veneer,2015,Homeowners,250200.0,2022-04-19,840.67
GC-000798,Bridget Becker,"824 Roberts Union Suite 070, Marsh Point, Belmara County",Z2,Y,Frame,1962,Homeowners,227000.0,2024-02-26,1522.69
GC-000799,Roger Martinez,"0650 John Keys Suite 882, Millbrook, Belmara County",Z6,N,Frame,2001,Homeowners,176500.0,2023-09-09,662.51
GC-000800,Michelle Thomas,"9143 Thomas Knoll, Cape Verrin, Belmara County",Z3,Y,Frame,1955,Commercial,520700.0,2024-05-20,4581.71
GC-000801,Michael Hughes,"44942 Shelton Islands Apt. 342, Hollow Bay, Belmara County",Z5,N,Masonry,2018,Homeowners,298400.0,2022-02-06,907.14
GC-000802,Curtis Torres,"782 Patton Village Suite 128, Marsh Point, Belmara County",Z2,Y,Frame,1971,Homeowners,229400.0,2024-07-25,1491.69
GC-000803,Erik Donovan,"5676 Murray Points Apt. 612, Ridgeview, Belmara County",Z4,N,Frame,1998,Homeowners,164000.0,2025-04-01,622.83
GC-000804,Elizabeth Sanchez,"98940 Martinez Skyway Apt. 787, Port Alden, Belmara County",Z1,Y,Masonry Veneer,1988,Homeowners,246000.0,2022-08-09,1373.41
GC-000805,Angela Nelson,"9149 Vaughn Way, Cape Verrin, Belmara County",Z3,Y,Frame,1989,Commercial,4846100.0,2023-10-02,37824.83
GC-000806,Patrick Craig,"382 Taylor Spring, Marsh Point, Belmara County",Z2,Y,Masonry,1996,Homeowners,195900.0,2021-05-05,960.0
GC-000807,Brittney Fuller,"9311 Eric Crest, Cape Verrin, Belmara County",Z3,Y,Masonry Veneer,1969,Homeowners,591000.0,2023-01-21,3533.46
GC-000808,Danielle Garcia,"760 Kevin Orchard, Cape Verrin, Belmara County",Z3,Y,Frame,1965,Homeowners,132800.0,2024-12-04,881.72
GC-000809,Dr. Sarah Payne,"916 Daisy Ferry Apt. 328, Port Alden, Belmara County",Z1,Y,Frame,2002,Homeowners,340900.0,2023-12-29,1975.61
GC-000810,Kimberly Alvarez,"1975 Myers Square Apt. 766, Port Alden, Belmara County",Z1,Y,Masonry Veneer,2011,Homeowners,222500.0,2021-03-20,1158.78
GC-000811,Drew Wilson,"94097 Rebecca Knoll Apt. 774, Ridgeview, Belmara County",Z4,N,Masonry,2023,Homeowners,99500.0,2024-08-30,302.48
GC-000812,Christopher Mason,"8681 Diana Knoll, Ridgeview, Belmara County",Z4,N,Masonry Veneer,1996,Homeowners,226000.0,2025-10-26,789.73
GC-000813,Kristine Stevens,"4617 Estes Rest, Millbrook, Belmara County",Z6,N,Masonry,2008,Homeowners,415900.0,2023-08-14,1264.34
GC-000814,Laura Pennington,"59959 Jones Burgs Apt. 311, Port Alden, Belmara County",Z1,Y,Frame,1973,Homeowners,183400.0,2021-02-25,1184.2
GC-000815,Mr. Franklin Hall DDS,"26610 Wilson Vista, Cape Verrin, Belmara County",Z3,Y,Masonry,2002,Homeowners,425300.0,2021-07-06,2036.08
GC-000816,Jessica Brooks,"51762 James Overpass, Hollow Bay, Belmara County",Z5,N,Frame,2019,Homeowners,177200.0,2022-03-23,652.1
GC-000817,Dustin Harris,"8319 Crystal Skyway, Cape Verrin, Belmara County",Z3,Y,Masonry Veneer,1972,Homeowners,498300.0,2021-02-10,2948.09
GC-000818,Andrew Taylor,"6981 Lopez Stream, Port Alden, Belmara County",Z1,Y,Frame,1978,Commercial,928700.0,2024-02-28,7547.34
GC-000819,Monica Rice,"97855 Laurie Mill, Marsh Point, Belmara County",Z2,Y,Frame,1978,Homeowners,441900.0,2023-03-29,2802.9
GC-000820,James Jones,"84117 Brett Plains, Millbrook, Belmara County",Z6,N,Frame,2004,Commercial,2934900.0,2021-06-01,13948.76
GC-000821,Danny Shepard,"5124 Amanda Garden Suite 690, Port Alden, Belmara County",Z1,Y,Masonry Veneer,1971,Homeowners,442000.0,2025-04-02,2624.21
GC-000822,Stephanie Aguilar,"005 Green Isle Apt. 238, Marsh Point, Belmara County",Z2,Y,Masonry Veneer,1994,Homeowners,266400.0,2026-03-27,1454.01
GC-000823,Erin Todd,"71990 Zavala Mall, Cape Verrin, Belmara County",Z3,Y,Frame,1987,Homeowners,122300.0,2021-09-04,750.62
GC-000824,Lisa Miller,"40107 Debra Meadows Suite 430, Hollow Bay, Belmara County",Z5,N,Superior (Reinforced Concrete),1972,Commercial,637800.0,2021-12-04,2376.49
GC-000825,Allison Casey,"960 Williams Trafficway, Hollow Bay, Belmara County",Z5,N,Frame,2001,Homeowners,398900.0,2022-08-11,1497.31
GC-000826,Calvin Miles,"71955 Matthew Centers, Hollow Bay, Belmara County",Z5,N,Frame,2017,Homeowners,257300.0,2024-08-24,946.86
GC-000827,Brandon Smith,"890 Morgan Gateway Apt. 102, Hollow Bay, Belmara County",Z5,N,Masonry,2008,Homeowners,120800.0,2023-04-02,367.23
GC-000828,Douglas Edwards,"2967 Diane Club, Marsh Point, Belmara County",Z2,Y,Frame,2018,Homeowners,189900.0,2024-03-26,1083.19
GC-000829,Joshua Simpson,"74584 Alison Grove Suite 881, Cape Verrin, Belmara County",Z3,Y,Masonry,2024,Homeowners,253300.0,2022-10-28,1193.55
GC-000830,Steven Thornton,"1328 Kevin Plaza Apt. 152, Port Alden, Belmara County",Z1,Y,Frame,1985,Homeowners,567600.0,2024-12-30,3509.55
GC-000831,David Alexander,"07044 Evans Corner Apt. 496, Cape Verrin, Belmara County",Z3,Y,Frame,2010,Homeowners,341400.0,2022-12-31,1947.35
GC-000832,Scott Cruz Jr.,"2680 Johnson Track, Cape Verrin, Belmara County",Z3,Y,Masonry,1981,Homeowners,143400.0,2023-07-13,743.27
GC-000833,Alexander Franklin,"9305 Glenn Tunnel Apt. 186, Cape Verrin, Belmara County",Z3,Y,Frame,1987,Homeowners,270200.0,2024-09-22,1658.35
GC-000834,Tara Mitchell,"9984 Susan Mountain Apt. 204, Hollow Bay, Belmara County",Z5,N,Masonry,2007,Homeowners,208400.0,2024-07-15,633.54
GC-000835,Tiffany Miller,"459 Johnson Harbor, Ridgeview, Belmara County",Z4,N,Masonry Veneer,1974,Commercial,698300.0,2021-08-26,3390.97
GC-000836,Matthew Patton,"49542 Ford Mill, Port Alden, Belmara County",Z1,Y,Masonry Veneer,1981,Homeowners,203900.0,2025-10-24,1168.1
GC-000837,Andrew Howard,"0914 Ashley Mill, Marsh Point, Belmara County",Z2,Y,Frame,2024,Homeowners,507200.0,2022-07-19,2893.07
GC-000838,Ralph Hill,"32290 Danny Camp Apt. 879, Port Alden, Belmara County",Z1,Y,Masonry Veneer,1982,Homeowners,328000.0,2022-01-13,1872.21
GC-000839,Juan Perez,"0580 Michael Club Suite 181, Ridgeview, Belmara County",Z4,N,Masonry Veneer,2002,Homeowners,130600.0,2023-06-08,445.84
GC-000840,Gabriel Watson,"64205 Rogers Lodge Suite 749, Cape Verrin, Belmara County",Z3,Y,Masonry Veneer,1974,Commercial,3383000.0,2023-11-04,25463.37
GC-000841,Jacob Carter,"019 Lindsey Pass, Ridgeview, Belmara County",Z4,N,Frame,2001,Commercial,635600.0,2026-04-21,3056.79
GC-000842,Natalie Logan,"69026 Stephanie Fork Suite 818, Port Alden, Belmara County",Z1,Y,Frame,2024,Homeowners,477400.0,2024-11-21,2723.09
GC-000843,Lisa Hopkins,"4394 Mark Union Suite 375, Ridgeview, Belmara County",Z4,N,Masonry,2002,Homeowners,409800.0,2023-11-02,1265.72
GC-000844,Ashley Allen,"1588 Robin Shoal Suite 937, Hollow Bay, Belmara County",Z5,N,Masonry,2008,Homeowners,181500.0,2023-06-14,551.76
GC-000845,Crystal Carey,"369 Catherine Underpass, Marsh Point, Belmara County",Z2,Y,Frame,1975,Homeowners,236700.0,2022-04-14,1517.55
GC-000846,Erik Miller,"297 Rachel Wells Suite 021, Hollow Bay, Belmara County",Z5,N,Frame,1998,Homeowners,199400.0,2025-01-01,757.27
GC-000847,Ralph Dawson,"120 Johnson Expressway Apt. 288, Hollow Bay, Belmara County",Z5,N,Masonry Veneer,1996,Homeowners,405100.0,2022-02-14,1415.58
GC-000848,Sue Gomez,"834 Matthew Views Suite 999, Ridgeview, Belmara County",Z4,N,Frame,1968,Commercial,897900.0,2022-01-13,4877.11
GC-000849,Nathan Jones,"6764 Graves Street Apt. 981, Port Alden, Belmara County",Z1,Y,Masonry,1984,Homeowners,233000.0,2026-04-25,1194.51
GC-000850,Adam Watkins,"5728 Duffy Court Apt. 475, Cape Verrin, Belmara County",Z3,Y,Masonry,1986,Homeowners,144300.0,2026-05-30,734.34
GC-000851,Joseph Fox,"5652 Bobby Street Apt. 684, Hollow Bay, Belmara County",Z5,N,Masonry,2010,Homeowners,225300.0,2025-11-05,684.91
GC-000852,Lisa Garcia,"14477 Nicole Heights Suite 913, Cape Verrin, Belmara County",Z3,Y,Frame,1986,Commercial,768800.0,2022-06-14,6068.07
GC-000853,Brenda Clark,"90883 Tracy View, Port Alden, Belmara County",Z1,Y,Frame,2006,Homeowners,323200.0,2022-02-06,1843.53
GC-000854,Dale Mcmahon,"782 Phillips Creek Apt. 767, Marsh Point, Belmara County",Z2,Y,Frame,1983,Homeowners,200200.0,2022-03-12,1247.0
GC-000855,Sean Kaiser,"1315 William Harbor, Millbrook, Belmara County",Z6,N,Masonry Veneer,2010,Homeowners,894900.0,2025-06-13,3006.86
GC-000856,Nicolas Powers,"506 Sarah Underpass, Marsh Point, Belmara County",Z2,Y,Masonry,1967,Homeowners,90000.0,2024-08-26,490.24
GC-000857,Cheryl Grant,"032 Wiggins Forges, Port Alden, Belmara County",Z1,Y,Frame,1970,Homeowners,259500.0,2021-04-22,1693.34
GC-000858,Deborah Hernandez,"742 Cynthia Corners, Ridgeview, Belmara County",Z4,N,Masonry,1988,Commercial,520200.0,2023-06-10,2172.06
GC-000859,Shannon Curry,"1789 Jennifer Camp, Port Alden, Belmara County",Z1,Y,Masonry Veneer,1992,Homeowners,333700.0,2022-04-30,1835.23
GC-000860,Dennis James,"578 Natalie Ville, Ridgeview, Belmara County",Z4,N,Frame,2006,Homeowners,306200.0,2021-01-16,1126.82
GC-000861,Edgar Washington,"587 Davis Creek Suite 675, Port Alden, Belmara County",Z1,Y,Masonry,1979,Homeowners,335300.0,2025-01-22,1750.57
GC-000862,Jeffery Thompson,"156 Kim Orchard Suite 963, Millbrook, Belmara County",Z6,N,Masonry,1994,Homeowners,204400.0,2022-10-01,651.2
GC-000863,Derek Lewis,"85456 Lamb Manors Suite 404, Ridgeview, Belmara County",Z4,N,Frame,2013,Homeowners,152500.0,2022-12-11,561.2
GC-000864,Mr. Mark Williams,"3928 Kimberly Creek Suite 298, Cape Verrin, Belmara County",Z3,Y,Frame,1979,Homeowners,295800.0,2022-05-11,1869.47
GC-000865,Nathan Lang,"558 Diana Path, Marsh Point, Belmara County",Z2,Y,Frame,1980,Commercial,1441600.0,2023-09-17,11631.27
GC-000866,Joseph Galloway,"342 Rivera Forge Apt. 000, Hollow Bay, Belmara County",Z5,N,Frame,1994,Homeowners,288000.0,2026-04-16,1110.71
GC-000867,Kelsey Mason,"24403 Arthur Summit Apt. 662, Marsh Point, Belmara County",Z2,Y,Frame,1988,Homeowners,223200.0,2023-01-26,1364.8
GC-000868,Sherri Atkins,"86008 Cody Radial, Marsh Point, Belmara County",Z2,Y,Masonry Veneer,1968,Commercial,2551800.0,2023-04-16,19615.71
GC-000869,Cheyenne Obrien,"6804 Stevens Courts Suite 976, Ridgeview, Belmara County",Z4,N,Frame,2010,Commercial,1228000.0,2025-09-03,5790.02
GC-000870,Brandon Rasmussen,"4883 Smith Parks Suite 581, Hollow Bay, Belmara County",Z5,N,Masonry,1997,Homeowners,217000.0,2024-11-20,683.43
GC-000871,Kenneth Johnson,"5791 Cook Valleys, Millbrook, Belmara County",Z6,N,Superior (Reinforced Concrete),1998,Homeowners,241200.0,2025-06-22,637.23
GC-000872,Angela Hoffman,"9312 Jensen Mountains, Hollow Bay, Belmara County",Z5,N,Frame,1996,Commercial,1250600.0,2023-12-23,6132.44
GC-000873,Sara Hodges,"4645 Benjamin Spurs, Ridgeview, Belmara County",Z4,N,Frame,1995,Homeowners,830600.0,2022-03-10,3191.1
GC-000874,Jennifer Smith,"787 Chung Freeway, Hollow Bay, Belmara County",Z5,N,Frame,1997,Homeowners,246600.0,2024-04-05,940.16
GC-000875,Michael Robertson,"61620 April Crossing, Ridgeview, Belmara County",Z4,N,Frame,2024,Homeowners,394200.0,2025-01-09,1450.66
GC-000876,Jeffrey Stanton,"7287 Kaitlyn Plaza, Ridgeview, Belmara County",Z4,N,Frame,1988,Homeowners,565600.0,2023-06-17,2231.27
GC-000877,Adam Wilson,"485 Elliott Expressway Apt. 483, Millbrook, Belmara County",Z6,N,Frame,2000,Homeowners,516600.0,2022-07-14,1946.71
GC-000878,Tiffany Watson,"7352 Alice Village Suite 056, Cape Verrin, Belmara County",Z3,Y,Masonry,1992,Homeowners,345600.0,2024-10-22,1719.66
GC-000879,John Holder,"3318 Rivera Circle, Ridgeview, Belmara County",Z4,N,Frame,1997,Homeowners,323000.0,2022-12-08,1231.43
GC-000880,Linda Jones,"0344 Silva Inlet, Ridgeview, Belmara County",Z4,N,Frame,1999,Homeowners,453000.0,2024-08-27,1713.72
GC-000881,Randall Villa,"92134 Jose Cove, Port Alden, Belmara County",Z1,Y,Masonry,1982,Homeowners,336500.0,2024-01-13,1737.8
GC-000882,Joseph Newman,"9994 Clark Alley Apt. 319, Port Alden, Belmara County",Z1,Y,Superior (Reinforced Concrete),1954,Homeowners,295700.0,2021-11-29,1417.39
GC-000883,Christopher Baxter,"02876 Murphy Parkway Apt. 386, Ridgeview, Belmara County",Z4,N,Masonry,2000,Homeowners,162500.0,2021-01-19,505.86
GC-000884,James Wells,"581 Stephanie Roads Suite 268, Cape Verrin, Belmara County",Z3,Y,Frame,1979,Commercial,609400.0,2021-11-21,4934.64
GC-000885,Michael King,"652 Michelle Walk, Port Alden, Belmara County",Z1,Y,Masonry,1981,Homeowners,265100.0,2025-03-26,1374.07
GC-000886,Michael Chandler,"836 White Summit, Ridgeview, Belmara County",Z4,N,Superior (Reinforced Concrete),1985,Homeowners,426200.0,2025-10-15,1182.72
GC-000887,Christina Ward MD,"1548 Catherine Bypass Suite 760, Port Alden, Belmara County",Z1,Y,Frame,2000,Homeowners,266800.0,2021-05-27,1558.35
GC-000888,Michele Hill MD,"797 Thompson Summit, Hollow Bay, Belmara County",Z5,N,Frame,2005,Homeowners,315100.0,2026-05-23,1164.21
GC-000889,Nicole Aguirre,"0922 Christopher Village, Millbrook, Belmara County",Z6,N,Frame,2013,Homeowners,284600.0,2021-08-07,1047.33
GC-000890,Amy Walsh,"1843 Marvin Spring, Ridgeview, Belmara County",Z4,N,Superior (Reinforced Concrete),2000,Homeowners,357100.0,2022-11-25,936.12
GC-000891,Emily Fletcher,"066 Calvin Views Apt. 412, Millbrook, Belmara County",Z6,N,Frame,1969,Commercial,899500.0,2021-01-19,4868.83
GC-000892,Donald Gonzalez,"04485 Matthew Port Apt. 971, Marsh Point, Belmara County",Z2,Y,Superior (Reinforced Concrete),1989,Homeowners,216800.0,2024-09-08,918.76
GC-000893,Brandon Blair,"9020 Dana Mount, Ridgeview, Belmara County",Z4,N,Frame,2024,Homeowners,255300.0,2022-01-08,939.5
GC-000894,Nathaniel Wright,"240 Mccarthy Fall, Cape Verrin, Belmara County",Z3,Y,Superior (Reinforced Concrete),1982,Homeowners,285000.0,2022-07-29,1239.44
GC-000895,Karl Gutierrez,"3244 Baker Overpass, Ridgeview, Belmara County",Z4,N,Masonry,2006,Commercial,894300.0,2026-06-14,3483.3
GC-000896,Jack Barton,"209 Moore Port Apt. 654, Cape Verrin, Belmara County",Z3,Y,Frame,1987,Homeowners,462800.0,2021-07-15,2840.44
GC-000897,Michael Gordon,"83437 Johnson Crescent Apt. 727, Cape Verrin, Belmara County",Z3,Y,Masonry,1992,Homeowners,283100.0,2022-06-13,1408.67
GC-000898,Jacqueline Gray,"1502 Alvarez Junction, Hollow Bay, Belmara County",Z5,N,Masonry Veneer,1999,Homeowners,261800.0,2023-03-06,904.28
GC-000899,Ariel Gentry,"78207 Watkins Square Suite 673, Marsh Point, Belmara County",Z2,Y,Masonry Veneer,1974,Homeowners,208400.0,2023-12-07,1224.27
GC-000900,Jake Morgan,"0381 Simmons Grove Suite 902, Port Alden, Belmara County",Z1,Y,Frame,1988,Commercial,486000.0,2026-05-06,3807.54
GC-000901,Tammy Tanner,"225 Tara Inlet, Cape Verrin, Belmara County",Z3,Y,Masonry Veneer,1991,Commercial,565300.0,2023-04-02,3998.43
GC-000902,Brenda Reed,"70232 Parker Ferry Apt. 361, Millbrook, Belmara County",Z6,N,Masonry,1985,Homeowners,249200.0,2022-01-28,821.2
GC-000903,Brittany Peters,"72517 Hale Mountains Suite 731, Hollow Bay, Belmara County",Z5,N,Frame,1988,Commercial,515200.0,2025-01-31,2604.07
GC-000904,Fernando Mcconnell,"4696 Michael Skyway Apt. 392, Marsh Point, Belmara County",Z2,Y,Masonry Veneer,1981,Homeowners,243500.0,2023-03-27,1394.96
GC-000905,Jackie Morgan,"961 Devin Field, Ridgeview, Belmara County",Z4,N,Frame,1998,Homeowners,226400.0,2025-09-17,859.81
GC-000906,Eric Davis,"262 Collins Spring Suite 046, Port Alden, Belmara County",Z1,Y,Superior (Reinforced Concrete),1989,Homeowners,551200.0,2022-04-08,2335.89
GC-000907,James Holmes,"1516 Eugene Crossroad, Cape Verrin, Belmara County",Z3,Y,Superior (Reinforced Concrete),2002,Homeowners,176900.0,2024-06-29,713.17
GC-000908,Janet Gibson,"660 Coleman Streets Apt. 978, Marsh Point, Belmara County",Z2,Y,Masonry,1987,Commercial,937100.0,2024-04-17,6087.48
GC-000909,John Rogers,"26861 Adam Station Suite 389, Port Alden, Belmara County",Z1,Y,Masonry Veneer,1961,Homeowners,258400.0,2021-03-15,1587.98
GC-000910,Jordan Williams,"17750 King Junction Suite 084, Port Alden, Belmara County",Z1,Y,Frame,1960,Homeowners,271700.0,2026-02-01,1834.94
GC-000911,Howard Smith,"0915 Amanda Locks Apt. 218, Port Alden, Belmara County",Z1,Y,Frame,1974,Homeowners,212000.0,2026-04-13,1364.03
GC-000912,Nicholas Schultz,"5793 Williams Islands Suite 029, Port Alden, Belmara County",Z1,Y,Frame,1993,Commercial,1045100.0,2021-09-16,8035.02
GC-000913,Margaret Macias,"154 Morales Ferry Suite 161, Cape Verrin, Belmara County",Z3,Y,Frame,1972,Homeowners,499400.0,2022-04-18,3235.98
GC-000914,Laura Cooley,"059 Lewis Mews, Hollow Bay, Belmara County",Z5,N,Masonry Veneer,1993,Homeowners,430400.0,2025-11-03,1521.34
GC-000915,Michael Lopez,"624 Smith Fords, Marsh Point, Belmara County",Z2,Y,Masonry,1976,Commercial,795100.0,2022-06-18,5376.24
GC-000916,Jason Anderson,"9513 Andrew Islands Apt. 194, Marsh Point, Belmara County",Z2,Y,Masonry Veneer,1979,Homeowners,133100.0,2021-03-25,768.05
GC-000917,Lisa Murray,"958 Alvarez Point Apt. 555, Hollow Bay, Belmara County",Z5,N,Frame,2002,Homeowners,191500.0,2023-08-28,716.0
GC-000918,Jeremy Murray,"82646 Donna Ports Apt. 785, Port Alden, Belmara County",Z1,Y,Masonry Veneer,1958,Homeowners,348500.0,2022-06-01,2163.47
GC-000919,Paul Moreno,"5770 Colleen Expressway Suite 966, Cape Verrin, Belmara County",Z3,Y,Masonry,1991,Homeowners,164800.0,2025-05-22,823.13
GC-000920,Allison Mcpherson DDS,"68269 Collin Forge Apt. 194, Port Alden, Belmara County",Z1,Y,Frame,1952,Homeowners,272400.0,2022-02-20,1889.38
GC-000921,Christopher Waters,"653 Lester Harbors Suite 515, Ridgeview, Belmara County",Z4,N,Frame,2024,Homeowners,125100.0,2025-04-30,460.37
GC-000922,Kim Perez,"7472 Ricardo Alley Suite 721, Hollow Bay, Belmara County",Z5,N,Masonry,2003,Homeowners,246200.0,2021-08-02,757.43
GC-000923,Matthew Mccann,"09329 Carol Street Suite 059, Ridgeview, Belmara County",Z4,N,Frame,1999,Homeowners,222200.0,2024-08-05,840.59
GC-000924,Keith Kennedy,"0968 Melissa Estates, Cape Verrin, Belmara County",Z3,Y,Masonry,1989,Homeowners,246200.0,2025-02-10,1238.98
GC-000925,Nathan Allen,"352 Brown Burgs Apt. 977, Cape Verrin, Belmara County",Z3,Y,Frame,1979,Commercial,410500.0,2021-03-28,3324.04
GC-000926,Larry Fritz,"8195 John Stravenue, Port Alden, Belmara County",Z1,Y,Frame,1950,Homeowners,665100.0,2024-10-30,4643.53
GC-000927,Adriana Johnson,"761 Rosario Stravenue Apt. 980, Cape Verrin, Belmara County",Z3,Y,Frame,2001,Homeowners,488100.0,2022-05-08,2839.8
GC-000928,Ronald Brown,"056 Patterson Crossing Apt. 249, Port Alden, Belmara County",Z1,Y,Frame,1980,Homeowners,217700.0,2022-04-16,1370.9
GC-000929,Ashley Jackson,"523 Clark Court Suite 177, Hollow Bay, Belmara County",Z5,N,Superior (Reinforced Concrete),2006,Homeowners,90000.0,2025-05-19,230.4
GC-000930,Nicole Peterson,"7494 Kathleen Drive Suite 035, Marsh Point, Belmara County",Z2,Y,Masonry,1971,Commercial,610200.0,2021-04-07,4199.68
GC-000931,Michelle Parker,"477 Moore Valley, Millbrook, Belmara County",Z6,N,Frame,1993,Homeowners,157200.0,2021-03-07,608.58
GC-000932,Bridget Carter,"3039 Hernandez Bridge Suite 588, Port Alden, Belmara County",Z1,Y,Masonry Veneer,2011,Homeowners,491300.0,2022-11-02,2558.69
GC-000933,Luke Jackson,"298 Mills Lane Suite 287, Marsh Point, Belmara County",Z2,Y,Masonry Veneer,1997,Homeowners,528600.0,2026-04-06,2852.05
GC-000934,Steven Smith,"3433 Joshua Tunnel, Hollow Bay, Belmara County",Z5,N,Masonry,1989,Homeowners,275000.0,2024-04-26,892.85
GC-000935,Barbara Gonzalez,"9083 Michael Bypass Suite 158, Hollow Bay, Belmara County",Z5,N,Superior (Reinforced Concrete),1989,Commercial,434600.0,2025-02-27,1522.42
GC-000936,Juan Nichols,"79833 Robles Falls, Millbrook, Belmara County",Z6,N,Frame,1967,Homeowners,245100.0,2023-10-02,1042.68
GC-000937,Marilyn Sanchez,"09484 Julia Street Apt. 284, Ridgeview, Belmara County",Z4,N,Frame,1997,Homeowners,231600.0,2022-10-18,882.97
GC-000938,Darren Willis,"1805 James Crescent Suite 173, Port Alden, Belmara County",Z1,Y,Masonry,1955,Homeowners,110500.0,2022-03-14,626.89
GC-000939,Kevin George,"096 Jennifer Mills Apt. 997, Ridgeview, Belmara County",Z4,N,Masonry,1983,Commercial,1238600.0,2022-04-01,5268.19
GC-000940,Darlene Russell MD,"8784 Baker Place, Marsh Point, Belmara County",Z2,Y,Masonry,1984,Homeowners,462900.0,2025-12-06,2373.13
GC-000941,Donald Hoffman,"712 Smith Pass Suite 722, Port Alden, Belmara County",Z1,Y,Masonry Veneer,1965,Homeowners,324700.0,2023-06-05,1968.37
GC-000942,Jeffrey Torres,"8231 Jason Parkway Suite 587, Marsh Point, Belmara County",Z2,Y,Superior (Reinforced Concrete),1970,Homeowners,252300.0,2022-03-08,1145.29
GC-000943,Eric Lynch,"2362 Chelsea Estate, Cape Verrin, Belmara County",Z3,Y,Masonry Veneer,1967,Homeowners,161100.0,2021-08-04,969.89
GC-000944,Jose Wells,"434 Michael Village Suite 524, Millbrook, Belmara County",Z6,N,Frame,2010,Homeowners,228700.0,2024-05-29,841.62
GC-000945,Hector Mcgee,"6966 Kathryn Lodge Apt. 652, Ridgeview, Belmara County",Z4,N,Frame,1986,Homeowners,244300.0,2022-06-21,970.95
GC-000946,Pamela Smith,"44505 Gibbs Islands, Hollow Bay, Belmara County",Z5,N,Masonry,2000,Homeowners,200000.0,2024-02-23,622.59
GC-000947,Nancy Salinas,"1132 Sharp Stravenue Suite 067, Hollow Bay, Belmara County",Z5,N,Masonry,2019,Homeowners,354500.0,2025-06-11,1077.68
GC-000948,William Willis,"05485 Mclean Creek, Hollow Bay, Belmara County",Z5,N,Masonry,2009,Homeowners,281600.0,2026-06-08,856.06
GC-000949,Stanley Jones,"29493 Samuel Islands Suite 884, Marsh Point, Belmara County",Z2,Y,Superior (Reinforced Concrete),1989,Homeowners,232400.0,2021-02-15,984.87
GC-000950,Brenda Carrillo,"7325 Perez Lake Suite 344, Hollow Bay, Belmara County",Z5,N,Frame,1992,Homeowners,298400.0,2022-06-20,1159.61
GC-000951,Tasha Taylor,"6708 Robin Passage Suite 096, Port Alden, Belmara County",Z1,Y,Masonry Veneer,2003,Homeowners,282300.0,2021-08-31,1487.86
GC-000952,Toni Marks MD,"9511 Terri Tunnel Apt. 828, Marsh Point, Belmara County",Z2,Y,Frame,2003,Homeowners,570600.0,2021-04-25,3293.76
GC-000953,Anita Nielsen,"64772 Jones Rue, Millbrook, Belmara County",Z6,N,Superior (Reinforced Concrete),1975,Commercial,913500.0,2021-06-10,3367.82
GC-000954,Jordan Norman,"69409 Smith Fork Suite 624, Port Alden, Belmara County",Z1,Y,Masonry,1987,Commercial,1459300.0,2023-11-18,9479.73
GC-000955,Lauren Saunders,"395 Jacob Drive Apt. 421, Cape Verrin, Belmara County",Z3,Y,Masonry,2003,Homeowners,130300.0,2022-08-18,621.34
GC-000956,Lance Kirk,"515 Hebert Shoals, Hollow Bay, Belmara County",Z5,N,Frame,2005,Homeowners,193500.0,2021-06-30,714.93
GC-000957,Eric Coleman,"35027 Mary Lane Apt. 736, Cape Verrin, Belmara County",Z3,Y,Frame,1976,Homeowners,229200.0,2023-07-03,1464.24
GC-000958,Jeffrey Gonzalez,"112 Frank Fords Apt. 795, Cape Verrin, Belmara County",Z3,Y,Masonry,2006,Homeowners,522400.0,2023-04-02,2461.55
GC-000959,Emily Lee,"574 Sierra Brook, Port Alden, Belmara County",Z1,Y,Frame,1967,Homeowners,286100.0,2022-07-15,1886.49
GC-000960,Robert Ross,"5416 Perez Squares, Port Alden, Belmara County",Z1,Y,Masonry,2001,Homeowners,215800.0,2021-07-30,1037.19
GC-000961,Mason Price,"45023 Anne Crossroad Apt. 270, Hollow Bay, Belmara County",Z5,N,Masonry Veneer,1990,Homeowners,90000.0,2023-11-02,321.75
GC-000962,Robert Cline,"9626 Greg Path Apt. 251, Marsh Point, Belmara County",Z2,Y,Masonry Veneer,1990,Homeowners,268800.0,2023-07-18,1489.5
GC-000963,Amanda Harris,"549 Johnson Burg Suite 070, Cape Verrin, Belmara County",Z3,Y,Masonry Veneer,1979,Homeowners,185000.0,2022-11-13,1067.54
GC-000964,Brianna Russell,"822 Alexis Fork Apt. 611, Port Alden, Belmara County",Z1,Y,Frame,1969,Commercial,1350700.0,2022-12-21,11332.2
GC-000965,Julie Perry,"90477 Anderson Shoals Suite 917, Millbrook, Belmara County",Z6,N,Superior (Reinforced Concrete),1997,Homeowners,305500.0,2023-05-24,810.23
GC-000966,Ronald Duncan Jr.,"31164 John Glen, Millbrook, Belmara County",Z6,N,Frame,1989,Homeowners,198000.0,2024-01-21,778.19
GC-000967,Matthew Murphy,"988 Wolf Curve Suite 652, Marsh Point, Belmara County",Z2,Y,Frame,1999,Commercial,2357600.0,2022-07-11,17712.37
GC-000968,Taylor Johnson,"032 Douglas Bypass Apt. 265, Millbrook, Belmara County",Z6,N,Frame,1991,Homeowners,248800.0,2022-10-05,970.52
GC-000969,John Mathews,"967 Shawn Greens, Port Alden, Belmara County",Z1,Y,Frame,1984,Homeowners,200500.0,2022-08-03,1244.29
GC-000970,Autumn Ramirez,"2457 Alvarado Skyway Suite 841, Marsh Point, Belmara County",Z2,Y,Frame,1981,Homeowners,262400.0,2022-07-30,1646.4
GC-000971,Jessica Johnson,"37118 Martinez Key, Ridgeview, Belmara County",Z4,N,Masonry Veneer,1987,Homeowners,180800.0,2024-02-04,653.66
GC-000972,Jeffrey Joyce,"268 Donald Springs, Ridgeview, Belmara County",Z4,N,Masonry,1993,Homeowners,179200.0,2023-12-31,573.1
GC-000973,Alan Quinn,"929 Lauren Lake Apt. 825, Port Alden, Belmara County",Z1,Y,Masonry,2005,Homeowners,328500.0,2021-07-07,1554.08
GC-000974,Michael Reid,"289 Garrison Harbors, Cape Verrin, Belmara County",Z3,Y,Masonry Veneer,2019,Homeowners,151700.0,2023-09-13,790.05
GC-000975,Wayne Morales,"677 Taylor Hills Apt. 148, Port Alden, Belmara County",Z1,Y,Masonry,1989,Homeowners,255800.0,2025-07-08,1287.29
GC-000976,Christine Quinn,"62272 Peter Estate, Marsh Point, Belmara County",Z2,Y,Frame,2004,Commercial,1291700.0,2024-02-13,9515.59
GC-000977,Jeanne Lee,"34261 Jamie Divide Suite 501, Hollow Bay, Belmara County",Z5,N,Masonry Veneer,2021,Homeowners,227500.0,2022-12-28,764.4
GC-000978,Kelly Ingram,"74189 Hernandez Throughway Suite 406, Millbrook, Belmara County",Z6,N,Masonry,2015,Homeowners,93900.0,2022-02-17,285.46
GC-000979,Dawn Sims,"274 Alexandra Corners Suite 376, Cape Verrin, Belmara County",Z3,Y,Masonry,2018,Homeowners,237300.0,2023-03-02,1118.16
GC-000980,Mark Grimes,"448 Barnes Villages Suite 510, Marsh Point, Belmara County",Z2,Y,Frame,1973,Homeowners,122800.0,2025-09-09,792.91
GC-000981,Robert Sanchez,"96417 Obrien Ways Suite 091, Marsh Point, Belmara County",Z2,Y,Frame,1994,Homeowners,401100.0,2025-11-06,2397.69
GC-000982,Rebecca Finley,"35996 Higgins Canyon, Ridgeview, Belmara County",Z4,N,Frame,2003,Homeowners,352100.0,2025-09-08,1311.28
GC-000983,Richard Phelps,"6039 Andrew Isle, Cape Verrin, Belmara County",Z3,Y,Masonry,2019,Homeowners,239400.0,2024-01-01,1128.05
GC-000984,Thomas Pham,"5553 Griffin Causeway Suite 742, Ridgeview, Belmara County",Z4,N,Frame,1989,Commercial,674700.0,2024-06-23,3397.53
GC-000985,Randy Kelley,"652 Gates Isle Suite 983, Millbrook, Belmara County",Z6,N,Masonry,2010,Homeowners,697400.0,2022-03-31,2120.1
GC-000986,Eric Sloan,"659 Fowler Throughway, Port Alden, Belmara County",Z1,Y,Superior (Reinforced Concrete),1964,Homeowners,262500.0,2025-03-25,1216.59
GC-000987,Dennis Zimmerman,"7522 Smith Field Suite 884, Port Alden, Belmara County",Z1,Y,Frame,1991,Homeowners,333800.0,2023-01-12,2018.23
GC-000988,Kimberly Sanders,"11964 Jennifer Place, Marsh Point, Belmara County",Z2,Y,Frame,1981,Homeowners,422800.0,2024-11-27,2652.82
GC-000989,Casey Cruz,"915 Scott Canyon Apt. 824, Port Alden, Belmara County",Z1,Y,Superior (Reinforced Concrete),1996,Homeowners,181100.0,2022-08-29,747.35
GC-000990,Danny Neal,"37320 Sanchez Brooks, Cape Verrin, Belmara County",Z3,Y,Superior (Reinforced Concrete),1988,Homeowners,189600.0,2025-10-10,806.5
GC-000991,Karen Gonzales,"2896 Francis Squares, Millbrook, Belmara County",Z6,N,Frame,2013,Homeowners,453500.0,2023-07-20,1668.88
GC-000992,Helen Solis,"5358 Jones Square Apt. 538, Ridgeview, Belmara County",Z4,N,Frame,1988,Homeowners,251800.0,2023-01-25,993.34
GC-000993,Anne Lowery,"519 Jennifer Stravenue Apt. 749, Marsh Point, Belmara County",Z2,Y,Frame,2005,Homeowners,352000.0,2024-05-03,2015.84
GC-000994,Julia Kim,"20878 Paula Neck Apt. 151, Ridgeview, Belmara County",Z4,N,Masonry,2011,Homeowners,315100.0,2024-03-18,957.9
GC-000995,Desiree King,"976 Valerie Forge, Hollow Bay, Belmara County",Z5,N,Frame,1998,Homeowners,361200.0,2021-12-22,1371.75
GC-000996,Emily Terry,"3986 Katie Springs Suite 090, Port Alden, Belmara County",Z1,Y,Masonry,1968,Homeowners,484500.0,2021-08-19,2629.97
GC-000997,Heather Wilson,"186 Jessica Gateway, Hollow Bay, Belmara County",Z5,N,Frame,2006,Homeowners,327700.0,2021-09-24,1205.94
GC-000998,Patricia Mayo,"71511 Berry Spur, Port Alden, Belmara County",Z1,Y,Masonry,1994,Homeowners,270400.0,2024-04-12,1335.28
GC-000999,Jason Horton,"2145 Jasmine Glen, Port Alden, Belmara County",Z1,Y,Superior (Reinforced Concrete),1988,Commercial,923500.0,2023-05-21,5033.12
GC-001000,Mr. James Perez DVM,"7184 Natasha Circle, Cape Verrin, Belmara County",Z3,Y,Frame,2003,Homeowners,359200.0,2025-04-10,2073.46
GC-001001,Mrs. Jacqueline Jackson,"56409 Villarreal Extensions, Cape Verrin, Belmara County",Z3,Y,Masonry Veneer,1966,Homeowners,276200.0,2023-03-30,1668.6
GC-001002,Marc White,"1295 Patricia Squares, Hollow Bay, Belmara County",Z5,N,Frame,1988,Homeowners,306100.0,2025-06-18,1207.55
GC-001003,Patricia Romero,"90814 Rodriguez Springs Apt. 982, Port Alden, Belmara County",Z1,Y,Masonry,2001,Homeowners,217000.0,2023-04-01,1042.95
GC-001004,Kathleen Munoz,"8671 Matthew Lakes Apt. 373, Millbrook, Belmara County",Z6,N,Frame,2009,Homeowners,334000.0,2021-07-31,1229.12
GC-001005,Amanda Brown,"918 Elizabeth Islands Suite 834, Cape Verrin, Belmara County",Z3,Y,Frame,2007,Commercial,933100.0,2023-07-31,6819.33
GC-001006,Jerome Gonzalez,"6617 Travis Islands Suite 964, Millbrook, Belmara County",Z6,N,Masonry Veneer,1998,Homeowners,201200.0,2022-04-16,697.67
GC-001007,Dr. Dustin Sutton Jr.,"14998 Danielle Streets, Port Alden, Belmara County",Z1,Y,Masonry,2009,Homeowners,220200.0,2023-04-11,1037.58
GC-001008,Alfred Rasmussen,"58068 William Springs Apt. 317, Marsh Point, Belmara County",Z2,Y,Frame,2000,Homeowners,365700.0,2022-05-31,2136.02
GC-001009,Stephanie Joseph,"373 Brandon Light, Cape Verrin, Belmara County",Z3,Y,Frame,1966,Homeowners,253700.0,2025-08-14,1678.64
GC-001010,Michael Glass,"52635 Williams Divide, Hollow Bay, Belmara County",Z5,N,Masonry,1966,Homeowners,237800.0,2022-08-28,838.58
GC-001011,Lisa Scott,"943 Ortiz Branch Suite 664, Marsh Point, Belmara County",Z2,Y,Masonry Veneer,1950,Homeowners,200100.0,2025-11-09,1275.56
GC-001012,Chelsey Maxwell,"060 Anderson Spurs Apt. 111, Port Alden, Belmara County",Z1,Y,Masonry,2000,Homeowners,298900.0,2025-04-04,1442.22
GC-001013,Rick Jones,"46484 Foley Green Apt. 163, Marsh Point, Belmara County",Z2,Y,Masonry Veneer,1950,Homeowners,262600.0,2024-05-10,1673.97
GC-001014,Kristen Jimenez,"077 Daniel Camp, Hollow Bay, Belmara County",Z5,N,Frame,1991,Homeowners,347400.0,2026-03-20,1355.14
GC-001015,Cathy Farmer,"69572 Harper Canyon, Port Alden, Belmara County",Z1,Y,Frame,2024,Homeowners,609300.0,2025-11-12,3475.45
GC-001016,Kathy Villegas,"509 Stacy Junctions, Ridgeview, Belmara County",Z4,N,Frame,1987,Homeowners,220600.0,2024-07-30,873.51
GC-001017,Danielle Thompson,"06624 Jeffrey Road Apt. 570, Hollow Bay, Belmara County",Z5,N,Frame,2021,Homeowners,236500.0,2023-02-08,870.32
GC-001018,Andrea Sanchez,"228 Brown Spur Apt. 688, Millbrook, Belmara County",Z6,N,Superior (Reinforced Concrete),1984,Homeowners,766200.0,2022-05-21,2134.08
GC-001019,Nathan Ramsey,"0213 Patrick Port Apt. 691, Millbrook, Belmara County",Z6,N,Frame,1985,Commercial,2179300.0,2022-09-10,11138.53
GC-001020,Pamela Johnson,"79649 Cole Summit, Marsh Point, Belmara County",Z2,Y,Masonry,1979,Homeowners,245600.0,2025-09-23,1282.25
GC-001021,John Wright,"2785 Drew Route Apt. 642, Millbrook, Belmara County",Z6,N,Frame,2001,Homeowners,394400.0,2025-12-23,1480.42
GC-001022,Alex Trujillo,"76836 Mary Knoll, Cape Verrin, Belmara County",Z3,Y,Masonry,1962,Homeowners,298500.0,2024-06-12,1654.08
GC-001023,Jared Stephenson,"776 Cox Islands Suite 283, Millbrook, Belmara County",Z6,N,Masonry Veneer,2000,Homeowners,527400.0,2022-01-31,1814.59
GC-001024,Micheal Carroll,"8654 Philip Mountains Apt. 874, Cape Verrin, Belmara County",Z3,Y,Masonry,1993,Homeowners,256700.0,2024-10-19,1272.47
GC-001025,Tina Berg,"33582 Giles Meadows Apt. 703, Port Alden, Belmara County",Z1,Y,Frame,2000,Homeowners,265800.0,2025-06-14,1552.51
GC-001026,Michael Nelson,"693 Robert Mountain, Cape Verrin, Belmara County",Z3,Y,Masonry,1993,Homeowners,230700.0,2026-04-18,1143.59
GC-001027,Oscar Farmer,"9980 Kristin Corner Apt. 005, Cape Verrin, Belmara County",Z3,Y,Masonry,1989,Homeowners,365500.0,2025-09-13,1839.35
GC-001028,Emily Winters,"234 Michael Island, Ridgeview, Belmara County",Z4,N,Masonry,1984,Homeowners,366800.0,2023-11-05,1213.2
GC-001029,Sandra Alvarez,"4182 Frank Crest, Port Alden, Belmara County",Z1,Y,Masonry Veneer,1979,Homeowners,199400.0,2024-03-10,1150.63
GC-001030,Lisa Moore,"431 Regina Court Apt. 267, Millbrook, Belmara County",Z6,N,Frame,1978,Homeowners,255200.0,2022-10-23,1044.32
GC-001031,Christopher Smith,"9927 Tara Skyway Suite 515, Port Alden, Belmara County",Z1,Y,Frame,1978,Commercial,1191300.0,2021-08-14,9681.43
GC-001032,Chad Evans,"13541 Morrison Union Suite 099, Millbrook, Belmara County",Z6,N,Frame,2002,Homeowners,426600.0,2024-11-23,1595.01
GC-001033,Christopher York,"480 Flores Expressway, Cape Verrin, Belmara County",Z3,Y,Frame,1975,Homeowners,423600.0,2023-04-30,2715.82
GC-001034,David Parker,"5047 Mason Bypass Apt. 909, Port Alden, Belmara County",Z1,Y,Frame,1988,Homeowners,424200.0,2021-04-26,2593.85
GC-001035,James Conway,"0465 Pratt Walk Suite 652, Millbrook, Belmara County",Z6,N,Frame,1984,Homeowners,138900.0,2022-09-10,556.13
GC-001036,Michelle Tran,"4171 Hensley Crescent Apt. 213, Millbrook, Belmara County",Z6,N,Masonry,1995,Homeowners,227800.0,2021-03-04,722.98
GC-001037,James Moore,"10059 Eric Road, Marsh Point, Belmara County",Z2,Y,Frame,1999,Homeowners,416600.0,2024-04-28,2442.82
GC-001038,Tracy Welch,"191 Janet Flats Apt. 211, Marsh Point, Belmara County",Z2,Y,Frame,1984,Homeowners,219900.0,2025-11-01,1364.69
GC-001039,Rickey Hall,"165 Thomas Flat, Millbrook, Belmara County",Z6,N,Masonry,1993,Commercial,552000.0,2024-06-17,2261.84
GC-001040,Kathleen Mccarthy,"9072 Christopher Flat Suite 289, Marsh Point, Belmara County",Z2,Y,Frame,2016,Homeowners,180900.0,2024-08-06,1031.85
GC-001041,Melissa Warner,"25326 Guzman Parkways, Cape Verrin, Belmara County",Z3,Y,Masonry,1998,Homeowners,510900.0,2021-08-22,2484.4
GC-001042,Colleen King,"380 Campbell Estates Apt. 017, Port Alden, Belmara County",Z1,Y,Frame,2005,Homeowners,299000.0,2025-04-12,1712.32
GC-001043,Nicholas Harvey,"70159 Wolfe Rest Apt. 945, Port Alden, Belmara County",Z1,Y,Frame,2024,Homeowners,410800.0,2025-10-08,2343.2
GC-001044,Patrick Castillo,"7583 Brenda Canyon Suite 677, Port Alden, Belmara County",Z1,Y,Frame,1984,Commercial,1218300.0,2025-01-22,9687.16
GC-001045,Robert Landry,"7722 Barnes Burg Apt. 562, Millbrook, Belmara County",Z6,N,Frame,1994,Commercial,1846000.0,2022-01-14,9121.68
GC-001046,Adrian Moody,"92310 Kennedy Groves, Marsh Point, Belmara County",Z2,Y,Superior (Reinforced Concrete),1989,Homeowners,207800.0,2021-07-02,880.62
GC-001047,Alex Myers,"433 Lawson Parks Suite 627, Hollow Bay, Belmara County",Z5,N,Masonry,2016,Homeowners,323700.0,2023-01-19,984.05
GC-001048,Amy Ali,"7942 April Park, Cape Verrin, Belmara County",Z3,Y,Masonry Veneer,1971,Homeowners,373700.0,2022-12-10,2218.7
GC-001049,Jennifer Smith,"254 Carr Rapid Apt. 845, Port Alden, Belmara County",Z1,Y,Masonry,1983,Homeowners,226100.0,2025-11-13,1163.4
GC-001050,Renee Shields,"710 Wood Gateway Apt. 535, Millbrook, Belmara County",Z6,N,Frame,1990,Homeowners,255500.0,2024-08-18,1000.42
GC-001051,Stephanie Alvarez,"595 Rachel Islands Apt. 993, Port Alden, Belmara County",Z1,Y,Masonry,1988,Homeowners,262300.0,2024-03-05,1324.95
GC-001052,Danielle Elliott,"8162 Miller Overpass, Cape Verrin, Belmara County",Z3,Y,Frame,1995,Homeowners,109900.0,2021-09-30,654.45
GC-001053,Steven Valentine,"76342 Abbott Circle Suite 330, Millbrook, Belmara County",Z6,N,Masonry,1986,Homeowners,455300.0,2024-02-11,1494.84
GC-001054,Roger Olson,"5759 Madison Rue, Ridgeview, Belmara County",Z4,N,Masonry,1996,Homeowners,290400.0,2024-02-19,918.13
GC-001055,Thomas Jacobs,"038 Wright Lane Suite 044, Marsh Point, Belmara County",Z2,Y,Frame,1959,Homeowners,119800.0,2021-08-21,811.81
GC-001056,Edward Johnson,"57276 Brittney Trace Suite 147, Marsh Point, Belmara County",Z2,Y,Masonry,1993,Homeowners,596400.0,2021-08-06,2956.37
GC-001057,Michael Chavez,"250 Brian Islands, Port Alden, Belmara County",Z1,Y,Frame,2014,Commercial,816900.0,2023-02-19,5970.11
GC-001058,Jackie Stewart,"065 Thompson Ridge Apt. 459, Marsh Point, Belmara County",Z2,Y,Masonry,2006,Homeowners,346200.0,2024-01-09,1631.29
GC-001059,Amanda Hunt,"1122 Alexandra Station, Hollow Bay, Belmara County",Z5,N,Frame,1983,Commercial,1882900.0,2024-02-01,9694.64
GC-001060,Paul Compton,"65176 Alicia Row Suite 281, Cape Verrin, Belmara County",Z3,Y,Frame,2002,Commercial,1176100.0,2021-08-20,8732.76
GC-001061,Joan Wilson,"30800 Timothy Canyon Apt. 322, Millbrook, Belmara County",Z6,N,Superior (Reinforced Concrete),1984,Commercial,733000.0,2024-12-22,2615.81
GC-001062,Erica Avila,"84706 Billy Radial Apt. 339, Marsh Point, Belmara County",Z2,Y,Masonry,2024,Homeowners,168000.0,2021-08-11,791.62
GC-001063,Gregory Miller PhD,"3280 Baker Landing, Cape Verrin, Belmara County",Z3,Y,Frame,1991,Homeowners,384700.0,2025-10-26,2325.99
GC-001064,Caitlin Harris,"3546 Debra Mission Apt. 798, Millbrook, Belmara County",Z6,N,Frame,2003,Homeowners,411900.0,2026-02-24,1533.98
GC-001065,Christine Rodriguez,"33943 Ward Center Apt. 943, Ridgeview, Belmara County",Z4,N,Masonry Veneer,2000,Commercial,3102900.0,2025-08-30,13678.58
GC-001066,Emily Robinson,"3765 Joyce Rapids, Marsh Point, Belmara County",Z2,Y,Masonry,1984,Homeowners,200500.0,2021-12-03,1027.89
GC-001067,Tammie Castillo,"319 Nicole Walk Apt. 900, Millbrook, Belmara County",Z6,N,Frame,1968,Homeowners,279500.0,2024-10-17,1184.9
GC-001068,Tara Turner,"921 Micheal Rue Apt. 651, Cape Verrin, Belmara County",Z3,Y,Masonry,1994,Commercial,2434000.0,2024-05-16,15400.01
GC-001069,Matthew Evans,"42473 Samantha Summit, Millbrook, Belmara County",Z6,N,Frame,2001,Commercial,330600.0,2025-06-14,1589.95
GC-001070,Rebecca Beard,"01137 Nelson Squares Suite 123, Port Alden, Belmara County",Z1,Y,Frame,1983,Homeowners,258000.0,2022-11-19,1607.02
GC-001071,Michael Johnson,"7620 Diane Trail Suite 473, Marsh Point, Belmara County",Z2,Y,Superior (Reinforced Concrete),1988,Commercial,2854900.0,2024-12-21,15559.34
GC-001072,Allison Nelson,"70096 Conner Stravenue, Port Alden, Belmara County",Z1,Y,Frame,1971,Homeowners,306100.0,2025-08-07,1990.43
GC-001073,Amber Cox,"7825 Barber Plains Apt. 556, Hollow Bay, Belmara County",Z5,N,Frame,2023,Commercial,1608400.0,2022-11-27,7583.61
GC-001074,James Mcdonald,"2786 Ali Corners Suite 255, Cape Verrin, Belmara County",Z3,Y,Frame,2015,Homeowners,447500.0,2024-08-30,2552.54
GC-001075,Joanne Ryan,"58295 Melissa Ports, Port Alden, Belmara County",Z1,Y,Masonry,2005,Commercial,4389800.0,2024-02-02,26608.33
GC-001076,Robert Harris,"61880 Barbara Glens Apt. 357, Cape Verrin, Belmara County",Z3,Y,Frame,1978,Homeowners,297400.0,2023-10-11,1886.36
GC-001077,Nicholas Robles,"639 Brady Spurs Apt. 372, Marsh Point, Belmara County",Z2,Y,Superior (Reinforced Concrete),1996,Homeowners,169800.0,2026-05-12,700.72
GC-001078,Stephanie Lopez,"172 Heather Inlet, Ridgeview, Belmara County",Z4,N,Superior (Reinforced Concrete),2010,Commercial,1343600.0,2026-03-06,4407.01
GC-001079,Jared Bryan,"00041 Jacob Trail, Hollow Bay, Belmara County",Z5,N,Frame,1988,Commercial,1133500.0,2021-08-16,5729.25
GC-001080,Andrea Chavez,"5609 Cooper Landing, Ridgeview, Belmara County",Z4,N,Frame,2021,Homeowners,254900.0,2022-11-18,938.03
GC-001081,Jeffrey Lawrence,"990 Rowland Parks Suite 504, Millbrook, Belmara County",Z6,N,Masonry,2001,Homeowners,183400.0,2025-12-16,568.69
GC-001082,Shannon Reyes,"9957 Norman Oval, Ridgeview, Belmara County",Z4,N,Frame,2005,Homeowners,272800.0,2024-06-17,1007.92
GC-001083,Angie King,"31765 Cassandra Mountains, Millbrook, Belmara County",Z6,N,Frame,2024,Homeowners,220200.0,2024-03-07,810.34
GC-001084,Eric Waters,"96102 Selena Mills Apt. 827, Ridgeview, Belmara County",Z4,N,Frame,1984,Commercial,308100.0,2021-11-07,1580.53
GC-001085,Karl Solis,"9187 Rachel Hill, Port Alden, Belmara County",Z1,Y,Frame,1976,Homeowners,364500.0,2023-06-09,2328.6
GC-001086,Amanda Burke,"21377 Adam Trail Apt. 604, Hollow Bay, Belmara County",Z5,N,Frame,1980,Homeowners,420200.0,2022-10-15,1707.15
GC-001087,Gerald Vega,"71122 Joy Rapids Apt. 775, Hollow Bay, Belmara County",Z5,N,Masonry,2005,Homeowners,341300.0,2024-02-26,1041.7
GC-001088,Jessica Erickson,"816 Johnson Mews Suite 111, Ridgeview, Belmara County",Z4,N,Masonry,2002,Homeowners,153400.0,2021-07-15,473.8
GC-001089,Travis Howard,"321 Fernando Ports Apt. 378, Port Alden, Belmara County",Z1,Y,Masonry Veneer,1980,Commercial,2053000.0,2023-08-20,15123.87
GC-001090,Dennis Jones,"618 Jesse Drive, Marsh Point, Belmara County",Z2,Y,Frame,1968,Commercial,722400.0,2021-11-22,6081.96
GC-001091,Paul Myers,"80184 Kevin Valleys Apt. 537, Cape Verrin, Belmara County",Z3,Y,Frame,2003,Commercial,2603100.0,2026-01-23,19252.39
GC-001092,Chelsea Wells,"12688 Dustin Crossroad Apt. 178, Millbrook, Belmara County",Z6,N,Frame,1986,Homeowners,280800.0,2022-09-19,1116.01
GC-001093,Angel Martin DDS,"534 Brown Meadows Apt. 560, Marsh Point, Belmara County",Z2,Y,Masonry,1973,Homeowners,451000.0,2026-06-08,2405.63
GC-001094,Nicholas Brooks,"327 Lucas Throughway Apt. 398, Port Alden, Belmara County",Z1,Y,Masonry Veneer,1972,Homeowners,508800.0,2022-08-28,3010.21
GC-001095,Raymond Reynolds,"1812 Mike Lock, Marsh Point, Belmara County",Z2,Y,Masonry Veneer,2018,Homeowners,522500.0,2026-02-21,2721.18
GC-001096,Matthew Hatfield,"8954 Dixon Lights Apt. 751, Port Alden, Belmara County",Z1,Y,Frame,1997,Homeowners,601200.0,2022-08-24,3552.7
GC-001097,Vanessa Patel,"4449 Lawrence Islands, Hollow Bay, Belmara County",Z5,N,Masonry,1981,Homeowners,261400.0,2023-12-06,874.12
GC-001098,Kylie Bailey,"58644 Santiago Field Apt. 435, Ridgeview, Belmara County",Z4,N,Superior (Reinforced Concrete),1988,Homeowners,157100.0,2025-02-05,431.13
GC-001099,Kristen Harris,"821 Little Ford Suite 275, Ridgeview, Belmara County",Z4,N,Superior (Reinforced Concrete),2000,Homeowners,443800.0,2021-04-23,1163.4
GC-001100,John Nelson,"524 Johnny Lane Suite 013, Cape Verrin, Belmara County",Z3,Y,Frame,1998,Homeowners,220100.0,2024-03-21,1295.62
GC-001101,Dawn Simpson,"963 Williams Meadow Suite 917, Ridgeview, Belmara County",Z4,N,Masonry,1963,Commercial,867100.0,2021-01-12,3958.26
GC-001102,Erik Taylor,"0014 Amy Grove, Marsh Point, Belmara County",Z2,Y,Superior (Reinforced Concrete),2006,Homeowners,785200.0,2026-02-19,3115.67
GC-001103,Brendan Paul,"09001 Davila Stravenue Suite 463, Port Alden, Belmara County",Z1,Y,Masonry,1957,Homeowners,261900.0,2021-12-22,1475.95
GC-001104,Luke Duncan,"532 Angela Island Apt. 263, Millbrook, Belmara County",Z6,N,Frame,2005,Homeowners,348600.0,2021-05-14,1287.98
GC-001105,Alicia Martin,"1136 John Ridge Apt. 234, Ridgeview, Belmara County",Z4,N,Masonry,2014,Homeowners,585700.0,2021-02-20,1780.53
GC-001106,David Parker,"3311 Marquez Mills Apt. 696, Marsh Point, Belmara County",Z2,Y,Masonry,2009,Homeowners,369400.0,2021-10-29,1740.61
GC-001107,Phillip Harris,"8550 Romero Loaf Suite 935, Port Alden, Belmara County",Z1,Y,Masonry Veneer,1997,Homeowners,609600.0,2025-08-02,3289.09
GC-001108,Billy Hood,"63355 Hill Stravenue Suite 369, Hollow Bay, Belmara County",Z5,N,Masonry,1998,Homeowners,205400.0,2024-06-30,644.4
GC-001109,Toni Parks,"170 Armstrong Lake, Port Alden, Belmara County",Z1,Y,Frame,2001,Homeowners,371300.0,2024-09-08,2160.25
GC-001110,John Ramsey,"64534 Buck Green Suite 223, Port Alden, Belmara County",Z1,Y,Masonry,2004,Homeowners,189400.0,2023-12-17,899.59
GC-001111,Maria George,"65031 Christopher Square, Hollow Bay, Belmara County",Z5,N,Frame,1993,Homeowners,397400.0,2026-03-11,1538.48
GC-001112,Danielle Fox,"2426 Pitts Ferry Apt. 642, Cape Verrin, Belmara County",Z3,Y,Masonry,1995,Homeowners,569400.0,2022-04-12,2801.07
GC-001113,Crystal Davis,"248 Mcmahon Expressway, Marsh Point, Belmara County",Z2,Y,Masonry,1992,Homeowners,336200.0,2023-03-01,1672.89
GC-001114,Robert Gonzalez,"14281 Tran Land, Marsh Point, Belmara County",Z2,Y,Masonry Veneer,2003,Commercial,490300.0,2025-10-05,3310.91
GC-001115,Brittany Frederick,"52480 Phillip Expressway, Port Alden, Belmara County",Z1,Y,Frame,1994,Homeowners,423600.0,2025-04-11,2532.19
GC-001116,Christopher Anderson,"473 Thompson Creek Apt. 290, Port Alden, Belmara County",Z1,Y,Frame,1994,Homeowners,351500.0,2025-04-14,2101.19
GC-001117,James Smith,"768 Oneal Mountain Suite 996, Ridgeview, Belmara County",Z4,N,Frame,1977,Homeowners,166000.0,2024-03-07,681.74
GC-001118,Kelly Russell,"03195 Wilson Loop Suite 645, Hollow Bay, Belmara County",Z5,N,Frame,2015,Homeowners,362900.0,2024-12-10,1335.47
GC-001119,John Christensen,"2792 Sanders Divide, Ridgeview, Belmara County",Z4,N,Frame,1976,Homeowners,519800.0,2022-01-11,2142.41
GC-001120,Darren Gonzales,"7753 Anderson Center Apt. 214, Hollow Bay, Belmara County",Z5,N,Frame,1994,Homeowners,128700.0,2022-08-08,496.35
GC-001121,Gregory Blankenship,"94588 Williams Ways Suite 155, Marsh Point, Belmara County",Z2,Y,Frame,1975,Homeowners,172900.0,2021-05-30,1108.51
GC-001122,Thomas Martin,"84008 Crystal Landing, Port Alden, Belmara County",Z1,Y,Frame,1969,Homeowners,396500.0,2023-02-23,2596.36
GC-001123,Jamie Lindsey,"9545 Laurie Prairie Apt. 776, Hollow Bay, Belmara County",Z5,N,Frame,1995,Homeowners,473600.0,2022-12-31,1819.53
GC-001124,Amanda Maxwell,"65742 Kathleen Flat, Hollow Bay, Belmara County",Z5,N,Frame,2016,Homeowners,301300.0,2022-12-01,1108.78
GC-001125,James Foster,"40236 Robert Views, Marsh Point, Belmara County",Z2,Y,Superior (Reinforced Concrete),1970,Homeowners,233400.0,2025-06-13,1059.49
GC-001126,Jessica Carroll,"12047 Jeffery Expressway, Port Alden, Belmara County",Z1,Y,Masonry Veneer,1967,Homeowners,261300.0,2024-05-09,1573.14
GC-001127,Katherine Miller,"9574 Welch Islands Apt. 984, Cape Verrin, Belmara County",Z3,Y,Masonry Veneer,1991,Homeowners,281000.0,2022-12-01,1551.25
GC-001128,Paula Sanchez,"7458 Porter Stream, Hollow Bay, Belmara County",Z5,N,Superior (Reinforced Concrete),1991,Homeowners,325200.0,2024-05-23,882.46
GC-001129,Amber Vargas PhD,"28333 Stein Courts Suite 666, Port Alden, Belmara County",Z1,Y,Frame,2010,Homeowners,261200.0,2024-04-29,1489.88
GC-001130,Elizabeth Sanchez,"150 Sullivan Meadows Apt. 670, Cape Verrin, Belmara County",Z3,Y,Frame,2017,Homeowners,543200.0,2023-09-21,3098.41
GC-001131,Jacob Parker,"6936 Atkinson Heights Apt. 925, Hollow Bay, Belmara County",Z5,N,Superior (Reinforced Concrete),1994,Homeowners,389900.0,2023-11-18,1046.05
GC-001132,Gabriel Bennett,"11028 Vasquez Course, Hollow Bay, Belmara County",Z5,N,Frame,2018,Homeowners,336700.0,2024-01-30,1239.06
GC-001133,Rebecca Terry,"07202 Terrell Lakes, Cape Verrin, Belmara County",Z3,Y,Superior (Reinforced Concrete),1985,Homeowners,229900.0,2023-12-25,988.87
GC-001134,Tamara Graves,"24510 Vanessa Ridges, Cape Verrin, Belmara County",Z3,Y,Frame,2012,Commercial,811000.0,2021-04-20,5926.99
GC-001135,Thomas Clarke,"1494 Marie Haven Apt. 179, Hollow Bay, Belmara County",Z5,N,Masonry,1991,Homeowners,410800.0,2025-03-17,1323.76
GC-001136,Brooke Parsons,"9340 Phelps Shores, Ridgeview, Belmara County",Z4,N,Frame,1994,Homeowners,245800.0,2026-04-18,947.96
GC-001137,John Chavez,"6634 Clark Mountain Apt. 201, Port Alden, Belmara County",Z1,Y,Frame,1950,Homeowners,163800.0,2025-02-27,1143.6
GC-001138,Shaun Hernandez,"21455 Jennifer Mews Suite 189, Millbrook, Belmara County",Z6,N,Masonry Veneer,1980,Homeowners,314500.0,2025-02-11,1166.62
GC-001139,Michael Huang,"2635 Brandon Ville, Port Alden, Belmara County",Z1,Y,Masonry Veneer,1968,Homeowners,274200.0,2023-12-14,1645.09
GC-001140,Darlene Lopez,"6572 Mcgee Station Suite 592, Millbrook, Belmara County",Z6,N,Masonry,2008,Commercial,1516200.0,2025-05-29,5905.6
GC-001141,Richard Best,"75202 William Park Suite 326, Millbrook, Belmara County",Z6,N,Frame,1992,Homeowners,353700.0,2025-10-06,1374.51
GC-001142,Adam Ward,"550 Timothy Views Apt. 325, Millbrook, Belmara County",Z6,N,Frame,1995,Homeowners,437300.0,2024-09-15,1680.07
GC-001143,Shannon Manning,"689 Ryan Street Apt. 798, Millbrook, Belmara County",Z6,N,Frame,2020,Homeowners,149500.0,2024-07-23,550.16
GC-001144,Zachary Bryant,"0691 Gallegos Mall Suite 993, Cape Verrin, Belmara County",Z3,Y,Masonry,2005,Homeowners,405200.0,2023-05-28,1916.94
GC-001145,Sandy Walker,"0394 Baker Pines Apt. 037, Port Alden, Belmara County",Z1,Y,Frame,2024,Homeowners,175900.0,2022-08-25,1003.33
GC-001146,Aaron Williams,"8860 Mack Shore, Cape Verrin, Belmara County",Z3,Y,Frame,2003,Homeowners,555600.0,2022-04-22,3207.17
GC-001147,William Lewis,"36852 Alexis Meadow Apt. 537, Ridgeview, Belmara County",Z4,N,Frame,2003,Homeowners,383800.0,2025-12-19,1429.33
GC-001148,Carlos Curry,"44626 Jessica Lake Apt. 448, Millbrook, Belmara County",Z6,N,Masonry Veneer,1989,Homeowners,216900.0,2022-12-30,778.34
GC-001149,Margaret Jones,"03142 Kathy Junction, Port Alden, Belmara County",Z1,Y,Masonry,1988,Homeowners,361800.0,2021-03-26,1827.55
GC-001150,Ralph Chan,"179 Floyd Knolls Apt. 526, Marsh Point, Belmara County",Z2,Y,Frame,1984,Homeowners,131200.0,2023-08-08,814.22
GC-001151,Kimberly Wright,"112 Matthew Pike, Hollow Bay, Belmara County",Z5,N,Frame,1989,Homeowners,369800.0,2026-03-06,1453.4
GC-001152,Kimberly Mendoza,"56618 Lewis Field Suite 913, Hollow Bay, Belmara County",Z5,N,Frame,1999,Homeowners,472700.0,2025-09-01,1788.24
GC-001153,Taylor Norman,"5530 Shawn Alley Suite 055, Millbrook, Belmara County",Z6,N,Superior (Reinforced Concrete),1997,Commercial,256900.0,2026-01-24,872.97
GC-001154,Ryan Montes,"21988 Brittany Mountains Suite 885, Port Alden, Belmara County",Z1,Y,Masonry Veneer,1956,Homeowners,902400.0,2022-12-13,5639.64
GC-001155,Robert Hartman,"48640 Brian Hills Apt. 462, Port Alden, Belmara County",Z1,Y,Masonry,2000,Commercial,753300.0,2022-12-03,4657.01
GC-001156,Samuel Zavala,"74460 Tina Islands Apt. 128, Millbrook, Belmara County",Z6,N,Frame,1981,Homeowners,534900.0,2023-10-25,2165.28
GC-001157,Sarah Cox,"5512 Brandi Common, Millbrook, Belmara County",Z6,N,Masonry,2010,Homeowners,266200.0,2021-08-01,809.25
GC-001158,Donald Skinner,"898 Escobar Shoals, Hollow Bay, Belmara County",Z5,N,Masonry Veneer,2024,Homeowners,368700.0,2026-02-08,1238.83
GC-001159,Steven Goodwin,"6154 Derrick Court, Ridgeview, Belmara County",Z4,N,Masonry,1990,Homeowners,251100.0,2024-07-22,812.2
GC-001160,Leah Rodriguez,"75681 Moore Points Apt. 152, Port Alden, Belmara County",Z1,Y,Frame,1989,Homeowners,219200.0,2024-11-06,1335.34
GC-001161,Thomas Haynes,"073 Gary View, Marsh Point, Belmara County",Z2,Y,Masonry Veneer,1995,Homeowners,399100.0,2021-12-18,2169.97
GC-001162,Katrina Mayo,"849 Travis Freeway, Marsh Point, Belmara County",Z2,Y,Masonry Veneer,1996,Commercial,690000.0,2022-10-18,4788.37
GC-001163,Daniel Estrada,"452 Beltran Loop, Hollow Bay, Belmara County",Z5,N,Masonry,1997,Homeowners,279800.0,2023-11-06,881.21
GC-001164,Donna Wright,"649 Smith Crescent, Ridgeview, Belmara County",Z4,N,Frame,1986,Homeowners,152800.0,2024-06-23,607.29
GC-001165,Corey King,"291 David Canyon, Marsh Point, Belmara County",Z2,Y,Superior (Reinforced Concrete),1963,Homeowners,423500.0,2025-10-08,1969.49
GC-001166,David Williams,"623 Chung Ports, Millbrook, Belmara County",Z6,N,Masonry Veneer,1985,Homeowners,258600.0,2021-03-05,941.88
GC-001167,Daniel Rodriguez,"1537 Dylan Rue, Port Alden, Belmara County",Z1,Y,Frame,1950,Homeowners,552300.0,2023-09-12,3855.99
GC-001168,Sheila Nguyen,"8473 Jamie Knoll Apt. 377, Marsh Point, Belmara County",Z2,Y,Frame,1989,Homeowners,670300.0,2025-12-22,4083.38
GC-001169,Jessica King,"2007 Harris Creek Suite 244, Hollow Bay, Belmara County",Z5,N,Masonry Veneer,1990,Homeowners,134800.0,2021-09-29,481.92
GC-001170,Randy Kennedy,"754 Shannon Spurs, Marsh Point, Belmara County",Z2,Y,Masonry Veneer,1977,Homeowners,451400.0,2021-11-06,2623.59
GC-001171,Sara Stuart,"73720 Deanna Lights Apt. 882, Millbrook, Belmara County",Z6,N,Masonry,2009,Homeowners,314500.0,2022-09-15,956.08
GC-001172,Nathan Boyd,"8460 Ashley Coves, Marsh Point, Belmara County",Z2,Y,Masonry,1959,Homeowners,162100.0,2022-01-11,907.41
GC-001173,Douglas Pacheco,"780 Susan Islands, Marsh Point, Belmara County",Z2,Y,Masonry,1975,Homeowners,203200.0,2024-04-05,1076.21
GC-001174,Patricia Barnes,"73214 King Unions Suite 936, Ridgeview, Belmara County",Z4,N,Masonry,1996,Homeowners,325700.0,2024-11-26,1029.73
GC-001175,Toni Cunningham,"67933 Williams Junction Suite 738, Millbrook, Belmara County",Z6,N,Masonry Veneer,1997,Homeowners,806400.0,2025-07-04,2807.05
GC-001176,Darren Bernard,"119 Jesse Way, Ridgeview, Belmara County",Z4,N,Frame,2011,Homeowners,160700.0,2025-08-03,591.38
GC-001177,John Nichols,"87233 Nathan Camp, Millbrook, Belmara County",Z6,N,Superior (Reinforced Concrete),2009,Homeowners,147300.0,2025-10-03,377.09
GC-001178,Thomas Ortiz,"973 Matthew Freeway Apt. 149, Port Alden, Belmara County",Z1,Y,Superior (Reinforced Concrete),2014,Homeowners,206800.0,2024-07-04,820.58
GC-001179,Lori Hodges,"4820 Montoya Forge, Port Alden, Belmara County",Z1,Y,Frame,1978,Homeowners,408500.0,2022-06-05,2591.05
GC-001180,Stacy Garcia,"406 Michael Terrace, Cape Verrin, Belmara County",Z3,Y,Frame,1976,Commercial,1703500.0,2025-09-18,13943.56
GC-001181,Michael Johnson,"904 George Estate, Cape Verrin, Belmara County",Z3,Y,Frame,1978,Homeowners,137400.0,2022-09-15,871.51
GC-001182,Andrew White,"24707 Christine Bypass, Ridgeview, Belmara County",Z4,N,Frame,1981,Homeowners,281100.0,2022-05-12,1137.89
GC-001183,Thomas Harris,"621 Thomas Avenue Apt. 508, Port Alden, Belmara County",Z1,Y,Frame,1984,Homeowners,285100.0,2026-03-23,1769.32
GC-001184,Ryan Fisher,"31261 Perez Via, Cape Verrin, Belmara County",Z3,Y,Masonry,2009,Homeowners,538700.0,2024-08-13,2538.35
GC-001185,Miguel Reeves,"2989 Stephanie Manors Apt. 974, Millbrook, Belmara County",Z6,N,Masonry,1995,Homeowners,549600.0,2025-08-01,1744.3
GC-001186,Larry Howe,"64687 Nancy Crescent, Cape Verrin, Belmara County",Z3,Y,Masonry Veneer,1962,Homeowners,376400.0,2023-12-18,2305.3
GC-001187,Beth Brown,"769 Brian Falls, Ridgeview, Belmara County",Z4,N,Masonry,1996,Homeowners,261800.0,2025-10-15,827.71
GC-001188,Crystal Martinez,"981 Amber Corner, Cape Verrin, Belmara County",Z3,Y,Superior (Reinforced Concrete),1999,Commercial,3140500.0,2021-11-13,16413.36
GC-001189,Joshua Green,"220 Henry Villages Apt. 231, Cape Verrin, Belmara County",Z3,Y,Masonry Veneer,1973,Homeowners,301400.0,2021-10-05,1776.89
GC-001190,Lori Jones,"572 Haney Junction, Marsh Point, Belmara County",Z2,Y,Frame,1986,Homeowners,303500.0,2023-04-18,1869.66
GC-001191,Ralph Deleon,"015 Katherine Valley, Cape Verrin, Belmara County",Z3,Y,Masonry Veneer,2003,Homeowners,385200.0,2023-02-28,2030.2
GC-001192,Angela Watts,"78509 Jennifer Knoll Suite 618, Hollow Bay, Belmara County",Z5,N,Frame,2002,Homeowners,319800.0,2023-02-13,1195.69
GC-001193,Nicole Green,"299 Mitchell Pike, Cape Verrin, Belmara County",Z3,Y,Frame,2006,Homeowners,163200.0,2023-09-08,930.89
GC-001194,Angela Thompson,"905 Harrison Parkways Suite 700, Millbrook, Belmara County",Z6,N,Frame,2001,Homeowners,490800.0,2021-09-01,1842.27
GC-001195,April Green,"5515 Moreno Lodge, Marsh Point, Belmara County",Z2,Y,Masonry,1950,Homeowners,279700.0,2024-08-25,1613.17
GC-001196,Bryce Gutierrez,"355 Michael View Apt. 960, Hollow Bay, Belmara County",Z5,N,Masonry,1986,Homeowners,201100.0,2024-01-05,660.25
GC-001197,Amanda Harrison,"36998 Montgomery Turnpike Apt. 982, Marsh Point, Belmara County",Z2,Y,Masonry Veneer,1974,Commercial,922800.0,2024-06-15,6945.79
GC-001198,Antonio Pham,"4818 Jose Street, Hollow Bay, Belmara County",Z5,N,Frame,1976,Homeowners,283100.0,2025-05-16,1166.82
GC-001199,Scott Thompson,"3836 Allison Circles Suite 432, Marsh Point, Belmara County",Z2,Y,Masonry,1950,Homeowners,123000.0,2024-01-18,709.4
GC-001200,Brenda Ross,"289 Russell Estate Apt. 362, Cape Verrin, Belmara County",Z3,Y,Masonry,1976,Homeowners,923800.0,2024-04-27,4875.3
GC-001201,Nicholas Rice,"44170 Carter Roads, Hollow Bay, Belmara County",Z5,N,Masonry Veneer,1987,Homeowners,207000.0,2022-07-04,748.38
GC-001202,Henry Christensen,"26355 Kelly Way Apt. 176, Millbrook, Belmara County",Z6,N,Frame,2000,Homeowners,176200.0,2024-04-07,663.98
GC-001203,Ricky Roy,"15388 Maria Harbor, Marsh Point, Belmara County",Z2,Y,Masonry,2015,Homeowners,242200.0,2023-01-13,1141.25
GC-001204,William Owens,"504 Victoria Highway, Cape Verrin, Belmara County",Z3,Y,Frame,1989,Homeowners,135500.0,2026-03-07,825.45
GC-001205,Thomas Clark,"84951 Chandler Valley Apt. 111, Port Alden, Belmara County",Z1,Y,Frame,1995,Homeowners,287500.0,2024-11-04,1712.06
GC-001206,Jordan Owens,"093 Brittney Roads, Marsh Point, Belmara County",Z2,Y,Masonry Veneer,1985,Homeowners,279100.0,2021-05-04,1575.65
GC-001207,Katherine Taylor,"06011 Chang Islands Suite 178, Marsh Point, Belmara County",Z2,Y,Masonry Veneer,1970,Homeowners,242300.0,2023-02-21,1443.61
GC-001208,Peggy Cortez,"23009 Matthew Mall, Ridgeview, Belmara County",Z4,N,Frame,2001,Homeowners,182600.0,2023-09-25,685.41
GC-001209,Carl Harper,"65774 Morrow Ranch, Port Alden, Belmara County",Z1,Y,Masonry,1965,Homeowners,298600.0,2025-11-20,1637.75
GC-001210,Nathaniel Perry,"365 Anderson Centers, Millbrook, Belmara County",Z6,N,Frame,1995,Homeowners,369400.0,2025-08-27,1419.21
GC-001211,Larry Stokes,"84336 Cooper Burg Apt. 632, Millbrook, Belmara County",Z6,N,Superior (Reinforced Concrete),2014,Homeowners,224100.0,2025-10-16,573.7
GC-001212,Brooke Lewis,"37455 Jones Glens, Hollow Bay, Belmara County",Z5,N,Frame,1993,Homeowners,169400.0,2024-12-25,655.81
GC-001213,Melissa Mathews,"88605 Kimberly Junction Apt. 766, Millbrook, Belmara County",Z6,N,Frame,1987,Homeowners,623800.0,2022-07-31,2470.05
GC-001214,Richard Williams,"26003 Abigail Ford, Ridgeview, Belmara County",Z4,N,Masonry,1981,Homeowners,351300.0,2024-12-27,1174.75
GC-001215,James Lawson,"2715 Cory Extensions, Millbrook, Belmara County",Z6,N,Superior (Reinforced Concrete),1970,Commercial,1637000.0,2023-06-21,6142.55
GC-001216,Dawn Peterson,"8826 Todd Vista, Port Alden, Belmara County",Z1,Y,Masonry,1987,Homeowners,168100.0,2023-10-23,852.29
GC-001217,Dr. Mathew Thomas,"440 John Plaza, Hollow Bay, Belmara County",Z5,N,Masonry,1986,Homeowners,153300.0,2025-01-07,503.31
GC-001218,Joseph West,"4378 Rick Forest, Millbrook, Belmara County",Z6,N,Masonry Veneer,2014,Homeowners,212300.0,2021-02-15,713.33
GC-001219,James Ramsey,"57090 Kaiser Prairie, Cape Verrin, Belmara County",Z3,Y,Masonry Veneer,1971,Homeowners,315000.0,2022-12-14,1870.19
GC-001220,Regina Mitchell,"74926 Wang Ports, Marsh Point, Belmara County",Z2,Y,Masonry,2021,Homeowners,263300.0,2022-06-23,1240.67
GC-001221,Sheila Douglas,"84285 Walsh Port Apt. 259, Hollow Bay, Belmara County",Z5,N,Masonry,1995,Homeowners,257600.0,2024-03-29,817.56
GC-001222,Alex Mason,"932 Daniel Villages Apt. 426, Hollow Bay, Belmara County",Z5,N,Superior (Reinforced Concrete),1967,Homeowners,316400.0,2022-10-09,936.34
GC-001223,Justin Pineda,"087 Raymond Crest Suite 607, Millbrook, Belmara County",Z6,N,Frame,2019,Homeowners,286300.0,2021-01-17,1053.58
GC-001224,Daniel Hoffman,"935 Santos Pike, Cape Verrin, Belmara County",Z3,Y,Frame,1958,Homeowners,98400.0,2021-04-25,669.04
GC-001225,Steven Sherman,"56129 Peterson Plaza Apt. 695, Cape Verrin, Belmara County",Z3,Y,Masonry,1970,Homeowners,352500.0,2022-01-10,1900.16
GC-001226,Bridget Guerrero,"696 Russell Cliffs, Millbrook, Belmara County",Z6,N,Masonry,2024,Commercial,295300.0,2026-04-21,1150.19
GC-001227,Claire Hoffman,"23859 Hooper Terrace Apt. 434, Ridgeview, Belmara County",Z4,N,Frame,2000,Homeowners,460100.0,2022-01-14,1733.8
GC-001228,Chase Matthews,"400 Timothy Fork Apt. 086, Ridgeview, Belmara County",Z4,N,Masonry,2003,Homeowners,198100.0,2025-02-04,609.45
GC-001229,Susan Price,"68311 Lisa Isle, Cape Verrin, Belmara County",Z3,Y,Frame,1973,Homeowners,303800.0,2022-09-08,1961.61
GC-001230,Samantha Johnson,"8094 Kelly Rest, Hollow Bay, Belmara County",Z5,N,Masonry Veneer,2024,Homeowners,476000.0,2025-01-25,1599.36
GC-001231,Oscar Brown,"83976 Brent Land Apt. 440, Millbrook, Belmara County",Z6,N,Frame,2024,Homeowners,189600.0,2024-02-24,697.73
GC-001232,Jessica George,"07266 Caitlyn Key Apt. 817, Cape Verrin, Belmara County",Z3,Y,Masonry,2002,Homeowners,362100.0,2025-02-06,1733.51
GC-001233,Samantha Livingston,"99140 Zuniga Spring, Ridgeview, Belmara County",Z4,N,Frame,2002,Homeowners,236500.0,2026-03-25,884.25
GC-001234,Andrea Lee,"3125 Espinoza Extension, Cape Verrin, Belmara County",Z3,Y,Masonry,1966,Homeowners,1279200.0,2025-05-12,6992.0
GC-001235,Thomas Morales,"170 Melissa Expressway Apt. 192, Cape Verrin, Belmara County",Z3,Y,Frame,1958,Commercial,881400.0,2025-04-06,7678.26
GC-001236,Brian Christensen,"527 Payne Key, Ridgeview, Belmara County",Z4,N,Masonry Veneer,1986,Homeowners,218400.0,2023-04-12,792.53
GC-001237,Connor West,"4902 Williams Way Suite 480, Port Alden, Belmara County",Z1,Y,Masonry,1963,Homeowners,132600.0,2024-07-07,732.28
GC-001238,Anna Hill,"73416 Ferguson Divide, Cape Verrin, Belmara County",Z3,Y,Masonry,1970,Homeowners,378100.0,2021-07-05,2038.16
GC-001239,Natalie Porter,"10217 Curtis Fields, Port Alden, Belmara County",Z1,Y,Frame,1985,Homeowners,309100.0,2024-12-11,1911.21
GC-001240,Timothy Barnes,"797 Katherine Way Apt. 831, Port Alden, Belmara County",Z1,Y,Superior (Reinforced Concrete),1983,Homeowners,529800.0,2022-02-21,2295.65
GC-001241,Cassandra Maldonado,"0539 Moyer Brooks Suite 986, Marsh Point, Belmara County",Z2,Y,Masonry,1958,Homeowners,331000.0,2024-04-09,1859.13
GC-001242,Timothy Wilson,"067 Rachel Path Apt. 050, Port Alden, Belmara County",Z1,Y,Masonry Veneer,2023,Homeowners,232800.0,2022-06-25,1212.42
GC-001243,Charles Hopkins,"35521 Shelton Shoals, Millbrook, Belmara County",Z6,N,Masonry,1979,Homeowners,230400.0,2026-05-23,776.06
GC-001244,Richard Ryan,"46921 Charles Ports Apt. 596, Hollow Bay, Belmara County",Z5,N,Masonry,2016,Commercial,1202700.0,2024-08-23,4684.52
GC-001245,Nicole Friedman,"69984 Stephanie Crossroad Apt. 509, Ridgeview, Belmara County",Z4,N,Frame,2000,Homeowners,446200.0,2022-12-18,1681.42
GC-001246,Crystal Wilkinson,"948 Wong Hills Suite 988, Hollow Bay, Belmara County",Z5,N,Frame,1996,Homeowners,284400.0,2022-07-18,1088.46
GC-001247,Maria Campbell,"887 Heather Mill Apt. 523, Port Alden, Belmara County",Z1,Y,Frame,1950,Homeowners,270700.0,2021-09-05,1889.95
GC-001248,Jennifer Myers,"209 Hill Tunnel, Millbrook, Belmara County",Z6,N,Masonry,1998,Homeowners,293400.0,2025-09-21,920.48
GC-001249,Lucas Ball,"9876 Melody Ports Suite 872, Port Alden, Belmara County",Z1,Y,Frame,1996,Homeowners,162000.0,2024-02-11,961.01
GC-001250,Beverly Black,"0858 Raymond Ferry, Port Alden, Belmara County",Z1,Y,Masonry,2010,Homeowners,301900.0,2024-05-05,1422.55
GC-001251,Rebecca Wood,"56695 Carroll Burgs Apt. 248, Hollow Bay, Belmara County",Z5,N,Frame,1983,Commercial,1791700.0,2024-03-30,9225.07
GC-001252,Paul Phelps,"2867 Gonzalez Knoll Suite 232, Millbrook, Belmara County",Z6,N,Masonry Veneer,2003,Commercial,635200.0,2025-03-04,2767.35
GC-001253,Nancy Bradford,"38915 Martin Common Suite 285, Cape Verrin, Belmara County",Z3,Y,Masonry,1975,Homeowners,444400.0,2021-04-16,2353.67
GC-001254,Tara Thompson,"2926 Miranda Forges Suite 895, Cape Verrin, Belmara County",Z3,Y,Masonry,2010,Homeowners,145200.0,2022-02-12,684.18
GC-001255,Scott Ayers,"655 Stephanie Overpass, Hollow Bay, Belmara County",Z5,N,Frame,1988,Commercial,453000.0,2023-07-07,2289.68
GC-001256,Tina Herring,"95744 Adrian Inlet Apt. 891, Cape Verrin, Belmara County",Z3,Y,Masonry Veneer,2005,Homeowners,374800.0,2023-03-21,1959.77
GC-001257,Ashley Olson,"03859 Joseph Camp Apt. 536, Hollow Bay, Belmara County",Z5,N,Frame,2004,Homeowners,340600.0,2025-11-04,1263.44
GC-001258,Frederick Chavez,"3132 Harvey Forest Suite 781, Port Alden, Belmara County",Z1,Y,Frame,1975,Commercial,1768700.0,2022-01-22,14528.94
GC-001259,Jeffery York,"94214 Austin Knoll, Port Alden, Belmara County",Z1,Y,Masonry,2009,Homeowners,282300.0,2022-02-25,1330.2
GC-001260,James Moreno,"987 Cassie Village, Cape Verrin, Belmara County",Z3,Y,Frame,2024,Homeowners,410900.0,2025-02-04,2343.77
GC-001261,John Nelson,"88856 Pamela Isle, Port Alden, Belmara County",Z1,Y,Masonry,1964,Homeowners,188400.0,2023-11-01,1036.88
GC-001262,Susan Parsons,"59867 Ramirez Wall Apt. 275, Millbrook, Belmara County",Z6,N,Frame,2010,Homeowners,114200.0,2023-10-31,420.26
GC-001263,Victoria Barry,"596 Hogan Island Suite 282, Marsh Point, Belmara County",Z2,Y,Frame,2024,Homeowners,258300.0,2025-12-16,1473.34
GC-001264,Lucas Wilson,"650 Sarah Avenue, Marsh Point, Belmara County",Z2,Y,Frame,1989,Homeowners,182500.0,2023-10-29,1111.77
GC-001265,Amanda Solis,"393 Susan Curve Apt. 551, Marsh Point, Belmara County",Z2,Y,Masonry Veneer,1968,Commercial,3869000.0,2022-06-01,29741.03
GC-001266,Fred Castillo,"682 Justin Haven, Ridgeview, Belmara County",Z4,N,Masonry Veneer,1985,Homeowners,350800.0,2025-04-18,1277.7
GC-001267,Kelly Reyes,"73677 Day Drive Apt. 258, Millbrook, Belmara County",Z6,N,Masonry Veneer,2006,Commercial,1520700.0,2024-12-19,6546.61
GC-001268,Dr. Tamara Roberts,"328 Jillian Field, Port Alden, Belmara County",Z1,Y,Frame,1962,Homeowners,221200.0,2021-05-24,1483.79
GC-001269,Beth Obrien,"491 Nicholas Branch, Port Alden, Belmara County",Z1,Y,Superior (Reinforced Concrete),1976,Homeowners,316400.0,2021-02-02,1406.13
GC-001270,Kelly Perry,"38750 Katie Lodge Apt. 722, Cape Verrin, Belmara County",Z3,Y,Masonry,1985,Commercial,1940300.0,2021-02-08,12698.06
GC-001271,Karen Flores,"472 Moore Ports Apt. 529, Cape Verrin, Belmara County",Z3,Y,Frame,2006,Commercial,1135700.0,2023-04-15,8299.98
GC-001272,Robert Bond,"8316 Andrea Falls Suite 172, Port Alden, Belmara County",Z1,Y,Frame,1978,Homeowners,300900.0,2022-04-18,1908.56
GC-001273,Michael Gonzalez,"920 White Drives, Millbrook, Belmara County",Z6,N,Frame,1982,Homeowners,219500.0,2025-10-11,885.3
GC-001274,Latasha Mendez,"16591 Young Plaza Apt. 325, Cape Verrin, Belmara County",Z3,Y,Frame,2003,Homeowners,138400.0,2023-01-27,798.91
GC-001275,Michaela Sanchez,"8446 Tracy Rue, Millbrook, Belmara County",Z6,N,Masonry,2007,Homeowners,350400.0,2024-10-28,1065.22
GC-001276,Patrick Snyder,"4309 Green Glen, Ridgeview, Belmara County",Z4,N,Masonry,1994,Homeowners,295400.0,2025-05-24,941.12
GC-001277,Tiffany Jimenez,"79970 Ashley Mill, Marsh Point, Belmara County",Z2,Y,Frame,1986,Homeowners,286000.0,2021-09-23,1761.85
GC-001278,Anthony Wright,"713 Zimmerman Viaduct Suite 298, Millbrook, Belmara County",Z6,N,Frame,2005,Commercial,2676900.0,2022-03-03,12672.07
GC-001279,Kelly Anderson,"125 Daniel Stream, Millbrook, Belmara County",Z6,N,Masonry,2000,Homeowners,385900.0,2023-02-08,1201.29
GC-001280,Kimberly Thompson,"8797 Bailey Fords, Port Alden, Belmara County",Z1,Y,Superior (Reinforced Concrete),2024,Homeowners,363500.0,2026-02-28,1442.37
GC-001281,Miranda Johns,"38600 Andre Hollow Apt. 619, Cape Verrin, Belmara County",Z3,Y,Frame,1995,Homeowners,176800.0,2024-12-07,1052.84
GC-001282,Laura Rodriguez,"2391 Kimberly Row, Port Alden, Belmara County",Z1,Y,Masonry Veneer,1998,Commercial,440100.0,2026-05-15,3030.65
GC-001283,Peggy Blair,"014 Timothy Shoal Apt. 093, Cape Verrin, Belmara County",Z3,Y,Masonry Veneer,1982,Homeowners,345700.0,2022-06-01,1973.24
GC-001284,Laura Gay,"97191 Raymond Roads, Hollow Bay, Belmara County",Z5,N,Masonry,1993,Homeowners,265700.0,2022-11-18,849.73
GC-001285,Christian Clark,"767 Brian Rest, Port Alden, Belmara County",Z1,Y,Masonry,1975,Homeowners,128200.0,2026-02-09,678.98
GC-001286,Megan Wilson,"1220 Christina Bypass Suite 258, Port Alden, Belmara County",Z1,Y,Superior (Reinforced Concrete),1992,Homeowners,277400.0,2021-01-19,1162.36
GC-001287,Tara Gonzalez,"49366 Clark Bridge, Port Alden, Belmara County",Z1,Y,Frame,2001,Homeowners,296300.0,2022-11-26,1723.9
GC-001288,Jordan Mcdowell,"124 Craig Haven Apt. 868, Cape Verrin, Belmara County",Z3,Y,Superior (Reinforced Concrete),2017,Homeowners,820300.0,2025-01-19,3254.95
GC-001289,George Smith,"29462 Mary Ramp Apt. 556, Marsh Point, Belmara County",Z2,Y,Frame,1991,Homeowners,435300.0,2022-02-07,2631.93
GC-001290,Andrea Harmon,"99529 Colon Trail, Ridgeview, Belmara County",Z4,N,Frame,1982,Homeowners,326800.0,2025-07-14,1318.08
GC-001291,Wayne Wilson,"65858 Hughes Track Apt. 304, Millbrook, Belmara County",Z6,N,Frame,1991,Homeowners,273600.0,2023-03-21,1067.26
GC-001292,Stacy Osborne,"70615 Timothy Point, Ridgeview, Belmara County",Z4,N,Frame,1988,Homeowners,331700.0,2024-12-11,1308.54
GC-001293,Antonio George Jr.,"6906 David Wall, Cape Verrin, Belmara County",Z3,Y,Masonry,1989,Homeowners,342600.0,2022-08-15,1724.11
GC-001294,Matthew Santana,"4203 Johnson Circle Apt. 095, Ridgeview, Belmara County",Z4,N,Frame,2022,Homeowners,203500.0,2022-06-13,748.88
GC-001295,Jennifer Crawford,"6491 Ramos Springs Suite 546, Cape Verrin, Belmara County",Z3,Y,Masonry Veneer,1995,Homeowners,429500.0,2022-03-14,2335.26
GC-001296,Theresa King,"47601 Angela Trafficway, Ridgeview, Belmara County",Z4,N,Frame,1982,Homeowners,167500.0,2022-04-12,675.57
GC-001297,Richard Martinez,"68317 Hill Course, Ridgeview, Belmara County",Z4,N,Masonry,2010,Homeowners,269900.0,2021-08-16,820.5
GC-001298,Jeff Williams Jr.,"571 Brittany Ways, Millbrook, Belmara County",Z6,N,Frame,1999,Homeowners,375900.0,2024-01-15,1422.04
GC-001299,Valerie Bush,"38067 John Mountain Apt. 510, Cape Verrin, Belmara County",Z3,Y,Masonry,1961,Commercial,726900.0,2024-06-11,5178.4
GC-001300,Donna Booker,"4362 Jane Burg Apt. 962, Ridgeview, Belmara County",Z4,N,Masonry,1992,Homeowners,217800.0,2024-03-13,699.19
GC-001301,Scott Rhodes,"6947 James Points Apt. 533, Hollow Bay, Belmara County",Z5,N,Masonry,1981,Homeowners,455800.0,2025-08-22,1524.2
GC-001302,Brooke Patrick,"6662 Michael Circles Apt. 270, Ridgeview, Belmara County",Z4,N,Masonry Veneer,1997,Homeowners,191800.0,2026-03-08,667.65
GC-001303,William Powell,"45901 Brent Radial Suite 714, Cape Verrin, Belmara County",Z3,Y,Masonry,1977,Homeowners,307300.0,2022-06-14,1615.97
GC-001304,Paul Baker,"819 Andrews Island, Marsh Point, Belmara County",Z2,Y,Frame,1981,Commercial,3037900.0,2022-07-01,24421.91
GC-001305,Zachary Jones,"49980 Lucas Rapid, Port Alden, Belmara County",Z1,Y,Frame,1961,Homeowners,139500.0,2025-10-25,938.94
GC-001306,Tanya Foster,"313 Garza Spur Apt. 669, Port Alden, Belmara County",Z1,Y,Masonry Veneer,1985,Homeowners,169700.0,2025-05-17,958.04
GC-001307,Eileen Jenkins,"23740 Castillo Grove Apt. 325, Hollow Bay, Belmara County",Z5,N,Masonry,1978,Homeowners,229700.0,2025-04-28,776.5
GC-001308,Daniel Barker,"919 Roman Cliff Suite 262, Cape Verrin, Belmara County",Z3,Y,Masonry Veneer,2008,Homeowners,331900.0,2022-01-26,1728.54
GC-001309,John Robertson,"16020 Davis Plains, Millbrook, Belmara County",Z6,N,Frame,1980,Commercial,1701700.0,2025-01-30,8857.96
GC-001310,Rebecca Young,"11708 Reilly Pass Apt. 186, Cape Verrin, Belmara County",Z3,Y,Frame,1962,Homeowners,230900.0,2025-07-01,1548.86
GC-001311,Elizabeth Taylor,"5883 Compton Landing, Marsh Point, Belmara County",Z2,Y,Frame,1988,Homeowners,252600.0,2023-01-02,1544.57
GC-001312,Adam Thompson,"8067 Kennedy Course, Millbrook, Belmara County",Z6,N,Frame,1981,Homeowners,158600.0,2024-07-11,642.01
GC-001313,Catherine Lopez,"9611 William Parks, Hollow Bay, Belmara County",Z5,N,Masonry,2015,Commercial,419200.0,2024-05-29,1632.78
GC-001314,Leslie Moody,"827 Lane Skyway Suite 040, Ridgeview, Belmara County",Z4,N,Frame,1994,Homeowners,297800.0,2024-11-19,1148.51
GC-001315,Crystal Wilson,"615 Williams Plaza, Port Alden, Belmara County",Z1,Y,Masonry,1983,Homeowners,934100.0,2024-05-15,4806.42
GC-001316,Cassandra Mitchell,"6517 White Route, Marsh Point, Belmara County",Z2,Y,Frame,1968,Homeowners,247600.0,2023-01-29,1626.98
GC-001317,Larry Fisher,"668 Jennifer Ridge Suite 047, Port Alden, Belmara County",Z1,Y,Masonry,2005,Commercial,1061600.0,2026-04-19,6434.78
GC-001318,Brittany Wallace,"516 Ernest Knolls, Marsh Point, Belmara County",Z2,Y,Frame,2007,Homeowners,212300.0,2021-05-07,1210.96
GC-001319,Dana Mccoy,"820 Joseph Locks Apt. 906, Port Alden, Belmara County",Z1,Y,Superior (Reinforced Concrete),1993,Homeowners,242100.0,2021-10-30,1010.61
GC-001320,David Mendoza,"916 Cindy Circles Apt. 413, Hollow Bay, Belmara County",Z5,N,Masonry,1992,Homeowners,560600.0,2022-07-15,1799.66
GC-001321,Mrs. Stephanie Gamble MD,"61337 Kline Junctions, Marsh Point, Belmara County",Z2,Y,Masonry,2019,Homeowners,180400.0,2022-02-20,850.04
GC-001322,David Hull,"816 Chan Squares Apt. 254, Port Alden, Belmara County",Z1,Y,Frame,2006,Homeowners,154300.0,2023-01-27,880.13
GC-001323,Kathleen Baker,"5034 Johnson Port, Hollow Bay, Belmara County",Z5,N,Frame,2008,Homeowners,369400.0,2026-03-27,1359.39
GC-001324,Ryan Harrison,"182 Wheeler Ports Apt. 880, Port Alden, Belmara County",Z1,Y,Frame,1982,Commercial,669800.0,2025-10-09,5364.99
GC-001325,Julia Arnold,"1746 Kristin Villages, Cape Verrin, Belmara County",Z3,Y,Frame,2001,Homeowners,315500.0,2022-05-12,1835.6
GC-001326,Cody Foster,"8698 Holly Prairie Suite 987, Millbrook, Belmara County",Z6,N,Superior (Reinforced Concrete),1981,Homeowners,487100.0,2022-10-28,1371.67
GC-001327,Jonathon Bradley,"5945 Daniel Ridges, Ridgeview, Belmara County",Z4,N,Frame,2001,Homeowners,423700.0,2026-02-27,1590.4
GC-001328,Kyle White,"3605 Chad Common Suite 039, Millbrook, Belmara County",Z6,N,Frame,2007,Homeowners,520800.0,2024-12-17,1916.54
GC-001329,Patricia Aguirre,"5362 Xavier Green, Cape Verrin, Belmara County",Z3,Y,Masonry,1986,Commercial,827600.0,2023-09-14,5396.14
GC-001330,Kyle Gray,"09942 Moreno Prairie, Port Alden, Belmara County",Z1,Y,Frame,1983,Homeowners,373900.0,2021-10-24,2328.94
GC-001331,Anthony Knapp,"489 Reynolds Loop Apt. 564, Ridgeview, Belmara County",Z4,N,Masonry,1991,Homeowners,217800.0,2021-01-08,701.84
GC-001332,Robert Velazquez,"5775 Ashley Tunnel Suite 533, Marsh Point, Belmara County",Z2,Y,Masonry,2004,Homeowners,230700.0,2024-07-11,1095.75
GC-001333,Renee Johnson,"54662 Kaylee Junction, Hollow Bay, Belmara County",Z5,N,Masonry,1988,Homeowners,192800.0,2026-05-15,628.31
GC-001334,Amy Sanders,"953 Albert Spring Suite 221, Millbrook, Belmara County",Z6,N,Masonry,1986,Homeowners,183800.0,2022-10-27,603.45
GC-001335,Edward Richmond,"7746 Kathryn Ridge Apt. 601, Ridgeview, Belmara County",Z4,N,Masonry,1970,Homeowners,425500.0,2023-10-02,1479.79
GC-001336,Douglas Lucero,"8488 Holder Avenue, Port Alden, Belmara County",Z1,Y,Masonry,1990,Commercial,849200.0,2023-01-10,5454.95
GC-001337,Veronica Smith,"867 Frey Crossroad Apt. 129, Marsh Point, Belmara County",Z2,Y,Masonry,1985,Homeowners,539900.0,2025-08-01,2757.71
GC-001338,Teresa Wallace,"7264 Danielle Manors, Ridgeview, Belmara County",Z4,N,Frame,1988,Homeowners,170400.0,2024-10-16,672.22
GC-001339,Nicholas Calhoun,"84375 Russell Square, Marsh Point, Belmara County",Z2,Y,Frame,1978,Homeowners,365900.0,2023-04-18,2320.85
GC-001340,Janice Goodwin,"8525 Gould Extensions, Port Alden, Belmara County",Z1,Y,Masonry,2010,Commercial,799000.0,2022-06-17,4823.76
GC-001341,Caleb Grant,"545 Williams Springs, Port Alden, Belmara County",Z1,Y,Frame,1980,Commercial,1900900.0,2025-08-08,15337.05
GC-001342,Dawn Delgado,"752 Megan Club Apt. 232, Cape Verrin, Belmara County",Z3,Y,Superior (Reinforced Concrete),2001,Homeowners,365700.0,2025-09-25,1480.12
GC-001343,Victoria Mitchell,"917 Santana Locks Apt. 342, Millbrook, Belmara County",Z6,N,Frame,1997,Commercial,985500.0,2023-11-02,4813.91
GC-001344,Andre Dillon MD,"217 Klein Shoal Apt. 196, Ridgeview, Belmara County",Z4,N,Masonry Veneer,1983,Homeowners,229300.0,2021-03-27,841.33
GC-001345,Samantha Scott,"69358 Joseph Forks, Cape Verrin, Belmara County",Z3,Y,Masonry,1987,Homeowners,244300.0,2021-05-25,1238.63
GC-001346,David Torres,"181 Alexander Parkways, Port Alden, Belmara County",Z1,Y,Frame,1995,Homeowners,212000.0,2021-11-15,1262.45
GC-001347,Taylor Kirby,"44454 Simmons Views Apt. 851, Hollow Bay, Belmara County",Z5,N,Frame,2020,Homeowners,597600.0,2024-01-22,2199.17
GC-001348,Manuel Cole,"53912 Horne Passage, Millbrook, Belmara County",Z6,N,Frame,2010,Commercial,1807800.0,2026-01-02,8523.78
GC-001349,Shelly Moss,"882 Kevin Island Suite 927, Ridgeview, Belmara County",Z4,N,Superior (Reinforced Concrete),2024,Commercial,473900.0,2021-11-27,1554.39
GC-001350,Ryan Becker,"3019 Page Extensions Suite 238, Marsh Point, Belmara County",Z2,Y,Superior (Reinforced Concrete),2014,Homeowners,224100.0,2023-03-31,889.23
GC-001351,Leslie Martin,"91218 Johnson Viaduct, Hollow Bay, Belmara County",Z5,N,Superior (Reinforced Concrete),1992,Homeowners,267500.0,2022-03-31,723.15
GC-001352,Stephen Clark,"809 Gary Crossing, Millbrook, Belmara County",Z6,N,Frame,2007,Homeowners,170600.0,2023-10-15,627.81
GC-001353,Bruce Lopez,"01867 Gray Cape, Marsh Point, Belmara County",Z2,Y,Superior (Reinforced Concrete),1970,Homeowners,582800.0,2021-06-16,2645.56
GC-001354,Katie Welch,"610 Lisa Field Suite 614, Marsh Point, Belmara County",Z2,Y,Masonry Veneer,2011,Commercial,1405700.0,2022-08-20,9379.88
GC-001355,Nathaniel Hurst,"3198 Kristi Harbor Suite 823, Port Alden, Belmara County",Z1,Y,Masonry,1981,Homeowners,348600.0,2021-09-15,1806.86
GC-001356,Jason Haas,"100 Jessica Brook Suite 620, Cape Verrin, Belmara County",Z3,Y,Masonry,1980,Homeowners,322800.0,2021-09-10,1679.22
GC-001357,Robert Harding,"1500 Reynolds Skyway Suite 641, Millbrook, Belmara County",Z6,N,Masonry,1990,Homeowners,242100.0,2021-11-03,783.09
GC-001358,Taylor Long,"1134 Lindsey Plains Suite 169, Port Alden, Belmara County",Z1,Y,Masonry,1976,Homeowners,326100.0,2024-04-25,1720.97
GC-001359,Sydney Adams,"89058 Russell Plaza Apt. 482, Marsh Point, Belmara County",Z2,Y,Frame,2011,Homeowners,298900.0,2025-05-03,1704.93
GC-001360,Nicholas Cunningham,"69708 Amber Point Apt. 787, Port Alden, Belmara County",Z1,Y,Masonry,2007,Homeowners,281900.0,2024-10-21,1328.31
GC-001361,Angel Johnson,"57197 Johnson Ranch Apt. 201, Hollow Bay, Belmara County",Z5,N,Superior (Reinforced Concrete),1996,Homeowners,184100.0,2021-06-24,490.15
GC-001362,Stanley Gallagher,"8982 Smith Common Apt. 952, Port Alden, Belmara County",Z1,Y,Frame,1985,Commercial,1152500.0,2023-04-13,9130.27
GC-001363,Rachel Ward,"77741 Tracy Lights Apt. 118, Hollow Bay, Belmara County",Z5,N,Masonry Veneer,1971,Homeowners,267300.0,2025-07-28,1023.87
GC-001364,Sandy Arnold,"99626 Thompson Divide Suite 589, Millbrook, Belmara County",Z6,N,Frame,1993,Homeowners,381900.0,2024-01-22,1478.47
GC-001365,Anthony Mann,"542 Madeline Key Suite 570, Millbrook, Belmara County",Z6,N,Frame,1993,Commercial,761300.0,2021-05-02,3776.19
GC-001366,Richard Martinez,"57090 Bryan Locks, Marsh Point, Belmara County",Z2,Y,Frame,1995,Homeowners,204400.0,2025-10-20,1217.2
GC-001367,Michael Peterson,"72324 Braun Parkway Apt. 895, Marsh Point, Belmara County",Z2,Y,Frame,1966,Homeowners,428600.0,2025-12-08,2835.89
GC-001368,Stacey Ramirez,"78822 Love Garden, Ridgeview, Belmara County",Z4,N,Frame,2021,Homeowners,229900.0,2025-03-17,846.03
GC-001369,Xavier Jones,"71058 Christopher Ports Suite 092, Port Alden, Belmara County",Z1,Y,Frame,1982,Homeowners,244200.0,2025-08-28,1526.64
GC-001370,Stacey Rodriguez,"2610 Perez Viaduct, Millbrook, Belmara County",Z6,N,Masonry,1987,Homeowners,251300.0,2023-01-21,822.01
GC-001371,Jessica Hoover,"00716 Becker Avenue, Marsh Point, Belmara County",Z2,Y,Masonry,1983,Homeowners,319300.0,2022-07-01,1642.96
GC-001372,Dawn Haynes,"948 Lyons Forks, Marsh Point, Belmara County",Z2,Y,Frame,1994,Homeowners,289800.0,2023-02-02,1732.36
GC-001373,Brenda Bradley,"9893 Cooper Ranch Suite 471, Cape Verrin, Belmara County",Z3,Y,Frame,2013,Homeowners,256300.0,2023-02-05,1461.94
GC-001374,Nicholas Chung,"3481 Rachel Stream, Cape Verrin, Belmara County",Z3,Y,Frame,2009,Homeowners,165500.0,2024-09-03,944.01
GC-001375,Amanda Cook,"8963 Casey Hill, Marsh Point, Belmara County",Z2,Y,Masonry,1995,Commercial,478300.0,2025-09-12,3014.67
GC-001376,Stephen Gibbs,"4835 Robert Circle Suite 486, Hollow Bay, Belmara County",Z5,N,Masonry Veneer,1986,Homeowners,371900.0,2023-08-18,1349.55
GC-001377,Jeffrey Lee,"448 Amy Fall, Hollow Bay, Belmara County",Z5,N,Frame,2000,Homeowners,307900.0,2022-07-22,1160.27
GC-001378,Darren Morse,"2805 Brown Via Suite 406, Cape Verrin, Belmara County",Z3,Y,Masonry,2004,Homeowners,140100.0,2024-10-12,665.43
GC-001379,Manuel Gomez,"2392 Brooke Plains Suite 510, Ridgeview, Belmara County",Z4,N,Masonry,1988,Homeowners,248100.0,2022-12-15,808.53
GC-001380,Michael Cross DDS,"11178 Davis Spur, Millbrook, Belmara County",Z6,N,Masonry,2004,Homeowners,183300.0,2023-09-11,561.69
GC-001381,Gary Phillips,"602 Cynthia Lodge Suite 354, Millbrook, Belmara County",Z6,N,Masonry Veneer,2013,Commercial,383000.0,2022-12-17,1648.82
GC-001382,Angela Thompson,"22759 Wiggins Circle, Millbrook, Belmara County",Z6,N,Masonry,1998,Homeowners,417100.0,2022-11-07,1308.56
GC-001383,Scott Malone,"51532 Levy Shoal, Port Alden, Belmara County",Z1,Y,Frame,1998,Homeowners,342200.0,2022-11-11,2014.37
GC-001384,Leah Alexander,"74071 Padilla Vista Apt. 798, Ridgeview, Belmara County",Z4,N,Frame,1999,Homeowners,238300.0,2021-12-08,901.5
GC-001385,Hector Paul,"031 Alec Lock Suite 934, Port Alden, Belmara County",Z1,Y,Frame,1978,Homeowners,229400.0,2022-02-19,1455.05
GC-001386,Alexandria Vaughn,"45203 Williams Ridge, Hollow Bay, Belmara County",Z5,N,Masonry,1997,Homeowners,371000.0,2022-07-24,1168.44
GC-001387,Paige Brown,"913 Gilmore Ridges Apt. 855, Hollow Bay, Belmara County",Z5,N,Masonry,2005,Homeowners,206100.0,2024-10-21,629.05
GC-001388,Dana Brooks,"05610 Rick Oval Apt. 069, Ridgeview, Belmara County",Z4,N,Frame,2018,Homeowners,433200.0,2021-02-09,1594.18
GC-001389,Thomas Holloway,"86774 Kimberly Garden, Cape Verrin, Belmara County",Z3,Y,Masonry,2009,Homeowners,345100.0,2025-09-10,1626.11
GC-001390,Kathryn Benson MD,"394 Carpenter Landing, Marsh Point, Belmara County",Z2,Y,Frame,1979,Homeowners,186300.0,2021-08-06,1177.42
GC-001391,Alicia Long,"2550 Ethan Keys Apt. 173, Hollow Bay, Belmara County",Z5,N,Masonry,1998,Commercial,492600.0,2023-11-21,1980.07
GC-001392,Mrs. Beverly Myers,"78429 Courtney Shore Apt. 334, Port Alden, Belmara County",Z1,Y,Masonry,1997,Commercial,1042300.0,2025-05-29,6519.16
GC-001393,Brandon Smith,"060 Sanchez Route, Cape Verrin, Belmara County",Z3,Y,Frame,1967,Homeowners,188100.0,2025-01-17,1240.3
GC-001394,Kimberly Mcintyre,"02116 Wallace Underpass Apt. 904, Cape Verrin, Belmara County",Z3,Y,Superior (Reinforced Concrete),1980,Homeowners,432500.0,2022-02-25,1894.64
GC-001395,Felicia Hester,"9887 Vincent Wall Apt. 129, Cape Verrin, Belmara County",Z3,Y,Masonry Veneer,2013,Homeowners,252900.0,2022-12-27,1317.1
GC-001396,Patricia Collins,"33620 Stephen Knoll Apt. 147, Port Alden, Belmara County",Z1,Y,Masonry,2004,Homeowners,548900.0,2024-06-19,2607.11
GC-001397,Dr. Melissa Martinez,"15238 Henry Meadows Apt. 192, Marsh Point, Belmara County",Z2,Y,Frame,1995,Homeowners,153300.0,2022-06-14,912.9
GC-001398,Terry Warren,"970 Cunningham Mews, Marsh Point, Belmara County",Z2,Y,Masonry,2022,Homeowners,376900.0,2024-01-06,1775.95
GC-001399,Brian Kim,"8819 Carroll Mountain Suite 216, Cape Verrin, Belmara County",Z3,Y,Frame,1973,Commercial,1229400.0,2023-01-10,10170.75
GC-001400,Amanda Williams,"78931 Franklin Drives Suite 284, Port Alden, Belmara County",Z1,Y,Frame,1954,Homeowners,432500.0,2021-10-31,2980.11
GC-001401,Stephen Cline,"227 Aaron Fall, Millbrook, Belmara County",Z6,N,Masonry,2002,Homeowners,379300.0,2023-01-13,1171.52
GC-001402,Lisa Herrera,"20414 Freeman Harbors, Hollow Bay, Belmara County",Z5,N,Masonry Veneer,1989,Homeowners,267800.0,2025-09-19,960.99
GC-001403,Monique Middleton,"65993 Emily Street, Cape Verrin, Belmara County",Z3,Y,Superior (Reinforced Concrete),1976,Homeowners,119300.0,2024-08-24,530.19
GC-001404,Alexis Johnson,"42322 Jimenez Vista, Millbrook, Belmara County",Z6,N,Frame,2007,Homeowners,210600.0,2025-08-05,775.01
GC-001405,Melissa Garcia,"302 Robert Causeway Suite 463, Ridgeview, Belmara County",Z4,N,Superior (Reinforced Concrete),2020,Homeowners,238500.0,2026-03-30,610.56
GC-001406,William Brown,"7756 Cheryl Fork, Millbrook, Belmara County",Z6,N,Frame,1995,Homeowners,244700.0,2021-01-08,940.12
GC-001407,Benjamin Johnson,"161 Evans Way, Marsh Point, Belmara County",Z2,Y,Masonry,1964,Homeowners,244800.0,2025-11-26,1347.29
GC-001408,Shannon Moore,"04384 Christine Lock, Ridgeview, Belmara County",Z4,N,Frame,1987,Homeowners,213000.0,2023-03-04,843.41
GC-001409,Keith Solis,"67080 Sullivan Land, Marsh Point, Belmara County",Z2,Y,Masonry,1968,Homeowners,202300.0,2025-10-09,1098.13
GC-001410,Jennifer Booker,"0636 Christopher Passage Suite 550, Port Alden, Belmara County",Z1,Y,Masonry,1999,Homeowners,272100.0,2022-11-28,1318.03
GC-001411,Dustin Hines,"0766 Gail Rapids Apt. 396, Port Alden, Belmara County",Z1,Y,Masonry Veneer,1999,Homeowners,201700.0,2022-07-06,1079.87
GC-001412,Eric Munoz,"3226 Ryan Village, Marsh Point, Belmara County",Z2,Y,Masonry Veneer,2003,Homeowners,90500.0,2024-11-14,476.98
GC-001413,Edward Thomas,"2585 Nunez Courts, Port Alden, Belmara County",Z1,Y,Frame,1992,Homeowners,345200.0,2024-07-25,2079.29
GC-001414,Sarah Fields,"799 Jodi Lodge, Ridgeview, Belmara County",Z4,N,Masonry,2002,Commercial,1034200.0,2022-06-09,4092.66
GC-001415,David Collins,"996 Walker Points, Port Alden, Belmara County",Z1,Y,Frame,1989,Commercial,1132900.0,2022-01-17,8842.52
GC-001416,David Anderson,"2505 Jeffrey Green Apt. 031, Port Alden, Belmara County",Z1,Y,Superior (Reinforced Concrete),1988,Homeowners,299600.0,2021-09-16,1274.41
GC-001417,Ruben Charles,"0545 Osborne Loaf Suite 757, Cape Verrin, Belmara County",Z3,Y,Frame,1996,Homeowners,210000.0,2024-10-28,1245.75
GC-001418,Michael Le,"535 Samuel Port Suite 466, Marsh Point, Belmara County",Z2,Y,Superior (Reinforced Concrete),2008,Homeowners,264600.0,2024-06-13,1049.93
GC-001419,Linda Shaw,"3421 Matthew Land, Marsh Point, Belmara County",Z2,Y,Superior (Reinforced Concrete),1986,Commercial,1758100.0,2021-06-28,9653.23
GC-001420,Michael Smith,"481 Lopez Locks Apt. 559, Cape Verrin, Belmara County",Z3,Y,Masonry Veneer,1974,Homeowners,321200.0,2023-10-29,1886.93
GC-001421,Eric Griffin,"07423 Frank Radial, Cape Verrin, Belmara County",Z3,Y,Masonry Veneer,2007,Commercial,2564500.0,2025-11-16,17112.27
GC-001422,Mrs. Janice Fitzpatrick,"48933 Shelley Viaduct Apt. 454, Marsh Point, Belmara County",Z2,Y,Frame,1967,Homeowners,313500.0,2022-02-02,2067.16
GC-001423,Robert Chavez,"73100 Tyler Pines Suite 221, Millbrook, Belmara County",Z6,N,Masonry,2003,Homeowners,426400.0,2025-12-27,1311.81
GC-001424,Nicholas Griffin,"2354 Ryan Parkways Suite 447, Hollow Bay, Belmara County",Z5,N,Masonry,2015,Homeowners,225000.0,2023-07-08,684.0
GC-001425,Jonathan Day,"086 Hutchinson View, Marsh Point, Belmara County",Z2,Y,Frame,1969,Homeowners,596700.0,2023-10-01,3907.31
GC-001426,Taylor Ford,"665 Lopez Mountain, Cape Verrin, Belmara County",Z3,Y,Frame,1970,Homeowners,195700.0,2021-02-21,1277.02
GC-001427,Donald Brown,"527 Angel Land, Millbrook, Belmara County",Z6,N,Masonry,1999,Homeowners,435900.0,2026-05-16,1362.24
GC-001428,Joseph Riggs,"27221 Lopez Mountain, Cape Verrin, Belmara County",Z3,Y,Frame,1965,Homeowners,257300.0,2025-09-27,1708.33
GC-001429,Theresa Wilson,"439 Kayla Forge, Millbrook, Belmara County",Z6,N,Frame,2017,Homeowners,165000.0,2022-10-30,607.2
GC-001430,Kendra Burton,"2031 Nicholas Key, Marsh Point, Belmara County",Z2,Y,Masonry Veneer,1983,Homeowners,328900.0,2021-03-04,1870.5
GC-001431,Christian Rowe,"092 Bowers Key, Port Alden, Belmara County",Z1,Y,Masonry Veneer,1991,Homeowners,511800.0,2024-12-06,2825.38
GC-001432,James Gilbert,"22273 Patricia Rapids, Port Alden, Belmara County",Z1,Y,Frame,1992,Homeowners,334700.0,2021-06-14,2016.04
GC-001433,April Cox,"353 Jeremy Meadow Apt. 850, Port Alden, Belmara County",Z1,Y,Frame,2017,Commercial,1075800.0,2021-11-24,7862.22
GC-001434,Brandon Williams,"82697 Kathy Valley Apt. 360, Cape Verrin, Belmara County",Z3,Y,Frame,1968,Homeowners,398400.0,2022-10-22,2617.89
GC-001435,John Moore,"8388 Janice Walks, Marsh Point, Belmara County",Z2,Y,Frame,2018,Commercial,364100.0,2022-04-07,2660.93
GC-001436,Riley Mccoy DVM,"467 Mark Terrace Suite 223, Millbrook, Belmara County",Z6,N,Superior (Reinforced Concrete),2000,Commercial,488200.0,2022-07-18,1639.73
GC-001437,Tracey Hendrix,"28019 King Drives, Hollow Bay, Belmara County",Z5,N,Masonry Veneer,1981,Homeowners,200800.0,2021-09-03,742.16
GC-001438,William Hodge,"225 Brown Falls, Ridgeview, Belmara County",Z4,N,Frame,1998,Homeowners,233100.0,2022-09-11,885.26
GC-001439,Lisa Kaiser,"0637 Carl Rue, Cape Verrin, Belmara County",Z3,Y,Superior (Reinforced Concrete),2006,Homeowners,283600.0,2024-07-27,1125.32
GC-001440,Anthony Sanders,"1307 Perez Points Suite 185, Cape Verrin, Belmara County",Z3,Y,Frame,1992,Homeowners,137900.0,2021-10-20,830.63
GC-001441,Stephen Jones,"60846 Ashley Stravenue Suite 561, Millbrook, Belmara County",Z6,N,Masonry,2024,Homeowners,180600.0,2025-09-18,549.02
GC-001442,Donald Alvarez,"4912 Micheal Meadow Suite 119, Marsh Point, Belmara County",Z2,Y,Masonry,1972,Homeowners,116400.0,2026-03-26,623.07
GC-001443,Megan Rivera,"91969 Brittany Mission Suite 520, Marsh Point, Belmara County",Z2,Y,Superior (Reinforced Concrete),1996,Homeowners,280400.0,2023-08-07,1157.13
GC-001444,Aaron Taylor,"62019 Davis Stream Apt. 241, Cape Verrin, Belmara County",Z3,Y,Masonry,2019,Homeowners,348300.0,2022-06-19,1641.19
GC-001445,Laura Walton,"678 Sullivan Port Suite 312, Port Alden, Belmara County",Z1,Y,Frame,1989,Homeowners,148700.0,2025-05-22,905.86
GC-001446,Steven Hall,"76075 Wong Manor, Port Alden, Belmara County",Z1,Y,Frame,1995,Homeowners,205800.0,2025-02-17,1225.53
GC-001447,Ryan Boyle,"19165 Lopez Passage Suite 231, Millbrook, Belmara County",Z6,N,Superior (Reinforced Concrete),2024,Homeowners,192900.0,2025-04-07,493.82
GC-001448,Christopher Willis,"57644 Marsh Haven Suite 000, Port Alden, Belmara County",Z1,Y,Frame,1982,Homeowners,163300.0,2023-06-27,1020.88
GC-001449,Walter Marshall,"8676 Armstrong Ramp Suite 416, Port Alden, Belmara County",Z1,Y,Frame,1967,Homeowners,105800.0,2025-06-10,697.63
GC-001450,Janice Bailey,"5006 Michael Square, Marsh Point, Belmara County",Z2,Y,Frame,1988,Homeowners,136600.0,2021-12-01,835.27
GC-001451,Curtis Chapman,"9692 Alexander Creek Suite 296, Ridgeview, Belmara County",Z4,N,Frame,2001,Homeowners,731300.0,2022-07-14,2745.01
GC-001452,Daniel Neal,"025 Rodriguez Pines Apt. 763, Cape Verrin, Belmara County",Z3,Y,Masonry Veneer,1989,Homeowners,468800.0,2024-04-03,2607.53
GC-001453,David Miller,"489 Carr Keys Suite 663, Millbrook, Belmara County",Z6,N,Masonry Veneer,2017,Homeowners,438800.0,2021-10-13,1474.37
GC-001454,Gary Green,"344 Latoya Inlet Apt. 699, Hollow Bay, Belmara County",Z5,N,Masonry,1979,Homeowners,233000.0,2024-04-26,784.82
GC-001455,Nicole Sanchez,"9743 Wiley Greens Apt. 882, Cape Verrin, Belmara County",Z3,Y,Frame,1988,Commercial,2517600.0,2023-04-21,19724.0
GC-001456,Anthony Murphy,"97398 Garcia Estate Apt. 097, Millbrook, Belmara County",Z6,N,Frame,2024,Homeowners,539800.0,2025-11-25,1986.46
GC-001457,Michael Wilson,"75485 Justin Station Suite 557, Marsh Point, Belmara County",Z2,Y,Masonry,1989,Homeowners,243200.0,2021-11-21,1223.88
GC-001458,Bonnie Strickland,"00449 Charles Light, Port Alden, Belmara County",Z1,Y,Frame,1965,Homeowners,340800.0,2021-11-30,2262.73
GC-001459,Brittany Carr,"25121 Jessica Mountain, Hollow Bay, Belmara County",Z5,N,Frame,1992,Homeowners,164200.0,2023-09-09,638.09
GC-001460,James Kelly,"59570 Arellano Common Apt. 145, Cape Verrin, Belmara County",Z3,Y,Frame,1992,Commercial,3705600.0,2023-07-11,28598.01
GC-001461,Chelsea Dominguez,"3113 Williams Ford Suite 236, Cape Verrin, Belmara County",Z3,Y,Frame,2004,Commercial,1143800.0,2025-05-14,8426.05
GC-001462,Michael Taylor,"47424 Clark Coves, Cape Verrin, Belmara County",Z3,Y,Frame,1975,Homeowners,459800.0,2021-02-21,2947.91
GC-001463,David Hayes,"680 Andrea Run Suite 294, Marsh Point, Belmara County",Z2,Y,Frame,1958,Homeowners,113300.0,2022-09-10,770.35
GC-001464,Kevin Williams,"774 Steven Field, Ridgeview, Belmara County",Z4,N,Frame,2010,Homeowners,320500.0,2023-05-20,1179.44
GC-001465,Elizabeth Skinner MD,"502 Lisa Ridge, Ridgeview, Belmara County",Z4,N,Frame,1950,Homeowners,291200.0,2024-05-29,1311.66
GC-001466,Jennifer Morgan,"2332 Cindy Fort Apt. 202, Hollow Bay, Belmara County",Z5,N,Frame,2003,Homeowners,281000.0,2021-03-29,1046.49
GC-001467,Kenneth Rodriguez,"30334 Mcdonald Cliff, Marsh Point, Belmara County",Z2,Y,Frame,1966,Homeowners,291400.0,2024-05-07,1928.09
GC-001468,Barbara Santana,"0762 Lynch Key Suite 302, Marsh Point, Belmara County",Z2,Y,Masonry Veneer,2011,Homeowners,164500.0,2023-10-10,856.72
GC-001469,Jacob Brown,"98472 Anthony Groves, Hollow Bay, Belmara County",Z5,N,Frame,1976,Homeowners,255000.0,2021-03-11,1051.01
GC-001470,Tiffany Anderson,"471 Christopher Stravenue, Port Alden, Belmara County",Z1,Y,Frame,1981,Homeowners,378900.0,2021-02-14,2377.37
GC-001471,Christopher Robles,"50764 Blair Cove Suite 754, Cape Verrin, Belmara County",Z3,Y,Masonry Veneer,1976,Homeowners,297400.0,2024-04-04,1734.72
GC-001472,Marcus Collier,"0658 Amanda Mill, Cape Verrin, Belmara County",Z3,Y,Superior (Reinforced Concrete),1988,Homeowners,220000.0,2026-05-04,935.81
GC-001473,Michael Fuller,"122 George Unions Suite 668, Hollow Bay, Belmara County",Z5,N,Frame,2007,Homeowners,133200.0,2022-12-07,490.18
GC-001474,David Hunter,"73379 Laura Courts, Port Alden, Belmara County",Z1,Y,Masonry,1991,Homeowners,353500.0,2022-10-23,1765.63
GC-001475,Brady Williams,"035 Aguirre Summit Apt. 170, Port Alden, Belmara County",Z1,Y,Masonry,1967,Commercial,1081000.0,2025-01-25,7544.36
GC-001476,Kari Steele,"251 Benson Fall, Port Alden, Belmara County",Z1,Y,Frame,1990,Homeowners,210800.0,2023-08-25,1279.36
GC-001477,Nancy Merritt,"1222 Dougherty Summit, Marsh Point, Belmara County",Z2,Y,Masonry Veneer,1998,Homeowners,349200.0,2022-08-20,1876.83
GC-001478,Daniel Gibson,"54221 Thompson Springs, Marsh Point, Belmara County",Z2,Y,Masonry,1964,Commercial,2387300.0,2024-09-18,16834.07
GC-001479,Robert Garza,"30833 Phillips Mills Apt. 488, Marsh Point, Belmara County",Z2,Y,Frame,1990,Homeowners,398100.0,2021-08-27,2416.09
GC-001480,Mr. Thomas Smith MD,"59685 Cheryl Well, Marsh Point, Belmara County",Z2,Y,Frame,1995,Homeowners,158100.0,2023-03-12,941.48
GC-001481,Richard West,"266 Ernest Wells Suite 634, Millbrook, Belmara County",Z6,N,Masonry,1998,Homeowners,212400.0,2021-11-16,666.36
GC-001482,Thomas Wells,"59206 Norma Keys, Marsh Point, Belmara County",Z2,Y,Masonry Veneer,1987,Homeowners,333500.0,2022-06-05,1868.87
GC-001483,Brenda Jacobs,"592 Brittany Crescent, Cape Verrin, Belmara County",Z3,Y,Frame,1988,Homeowners,377600.0,2023-06-17,2308.91
GC-001484,Thomas Friedman,"02955 Hall Gardens Suite 262, Millbrook, Belmara County",Z6,N,Masonry Veneer,2008,Homeowners,511900.0,2025-04-15,1719.98
GC-001485,Miranda Beck,"66154 Debbie Plaza, Ridgeview, Belmara County",Z4,N,Frame,1996,Homeowners,175800.0,2022-03-16,672.82
GC-001486,Cory Cummings,"800 Berry Walk, Millbrook, Belmara County",Z6,N,Frame,1999,Homeowners,197100.0,2022-04-25,745.64
GC-001487,Michele Moore,"21215 Dixon Creek, Ridgeview, Belmara County",Z4,N,Masonry,2006,Homeowners,427700.0,2023-07-28,1300.21
GC-001488,Kimberly Kane,"764 Dalton Prairie Apt. 854, Cape Verrin, Belmara County",Z3,Y,Masonry,1986,Homeowners,313700.0,2024-06-03,1596.41
GC-001489,Amy Parker,"00629 Ramos Pine Suite 358, Port Alden, Belmara County",Z1,Y,Frame,1994,Homeowners,234800.0,2022-06-04,1403.59
GC-001490,Norman Hughes,"6419 Ramsey Forge Suite 219, Marsh Point, Belmara County",Z2,Y,Frame,1950,Commercial,680400.0,2023-11-12,6086.38
GC-001491,Timothy Stokes,"32041 Justin Ridge, Hollow Bay, Belmara County",Z5,N,Frame,2008,Commercial,805200.0,2022-05-21,3796.52
GC-001492,Daniel Kaufman,"789 Christopher Wall Suite 269, Cape Verrin, Belmara County",Z3,Y,Frame,1953,Homeowners,389700.0,2024-04-08,2694.09
GC-001493,Vanessa Ramirez,"283 Jill Brooks, Cape Verrin, Belmara County",Z3,Y,Frame,2008,Homeowners,215900.0,2024-11-03,1231.49
GC-001494,Shaun Henderson,"200 Michael Flat, Cape Verrin, Belmara County",Z3,Y,Frame,2023,Homeowners,376400.0,2025-11-18,2146.99
GC-001495,Kimberly Lee,"10505 Joseph Pines Apt. 805, Port Alden, Belmara County",Z1,Y,Frame,2022,Homeowners,352800.0,2023-04-02,2012.37
GC-001496,Candice Butler,"990 Shannon Place, Port Alden, Belmara County",Z1,Y,Frame,1953,Homeowners,364700.0,2025-07-29,2521.26
GC-001497,Carly Ellis,"32838 Nunez Ford Apt. 761, Marsh Point, Belmara County",Z2,Y,Frame,2001,Homeowners,383400.0,2025-12-28,2230.65
GC-001498,Madison Ware,"67136 Sanford Coves Apt. 132, Port Alden, Belmara County",Z1,Y,Masonry,1998,Homeowners,264200.0,2024-07-20,1284.75
GC-001499,Raven Harris,"921 Michael Ferry, Cape Verrin, Belmara County",Z3,Y,Masonry,1999,Homeowners,619900.0,2021-11-15,3002.76
GC-001500,Kyle Chase,"0677 Davis Cape Suite 592, Cape Verrin, Belmara County",Z3,Y,Frame,2019,Homeowners,306800.0,2022-06-30,1749.99
GC-001501,Steven Medina,"431 Stuart Mills, Cape Verrin, Belmara County",Z3,Y,Masonry,1967,Homeowners,245800.0,2021-06-10,1338.89
GC-001502,Audrey Hull,"9698 Amber Hills, Marsh Point, Belmara County",Z2,Y,Frame,1984,Homeowners,267400.0,2023-05-15,1659.47
GC-001503,Jonathan Navarro,"266 Dominguez View, Cape Verrin, Belmara County",Z3,Y,Frame,2006,Homeowners,368900.0,2023-12-28,2104.21
GC-001504,James Jackson,"125 Harris Ridges Apt. 553, Marsh Point, Belmara County",Z2,Y,Masonry,2007,Homeowners,121100.0,2024-07-10,570.62
GC-001505,Megan Fuller,"4299 Sean Road, Port Alden, Belmara County",Z1,Y,Frame,1970,Homeowners,200100.0,2024-09-02,1305.73
GC-001506,Phillip Jenkins,"79967 Anna Plaza Suite 474, Cape Verrin, Belmara County",Z3,Y,Masonry,1972,Homeowners,376500.0,2021-09-21,2015.34
GC-001507,Melissa Jefferson,"4183 Rodriguez Mountain Apt. 478, Cape Verrin, Belmara County",Z3,Y,Frame,2020,Homeowners,192900.0,2025-02-01,1100.3
GC-001508,Gwendolyn Ross,"4980 Roberts Branch, Cape Verrin, Belmara County",Z3,Y,Superior (Reinforced Concrete),2012,Homeowners,290500.0,2023-01-24,1152.7
GC-001509,Carol Bowman,"52102 Taylor Mount Apt. 664, Hollow Bay, Belmara County",Z5,N,Superior (Reinforced Concrete),1985,Commercial,479000.0,2024-12-01,1703.09
GC-001510,Stephanie Smith,"8458 Kayla Alley, Marsh Point, Belmara County",Z2,Y,Frame,1978,Homeowners,498000.0,2022-05-02,3158.74
GC-001511,Kimberly Peters,"7488 Christine Street, Hollow Bay, Belmara County",Z5,N,Frame,1997,Commercial,1570700.0,2021-07-28,7672.46
GC-001512,Roy Paul,"563 Edward Mission, Hollow Bay, Belmara County",Z5,N,Frame,1965,Homeowners,320300.0,2024-12-26,1372.01
GC-001513,Suzanne Williams,"56619 Newman Brook, Cape Verrin, Belmara County",Z3,Y,Frame,1991,Homeowners,329300.0,2026-05-19,1991.03
GC-001514,Tiffany Hughes,"493 Irwin Shores, Marsh Point, Belmara County",Z2,Y,Masonry Veneer,1972,Homeowners,238200.0,2023-10-26,1409.26
GC-001515,Wanda Reynolds,"701 Martin Wells, Hollow Bay, Belmara County",Z5,N,Frame,1994,Homeowners,270500.0,2024-11-18,1043.22
GC-001516,Amanda Rodriguez,"5103 Ellison Hollow, Ridgeview, Belmara County",Z4,N,Masonry,1994,Homeowners,376500.0,2023-07-08,1199.5
GC-001517,Darlene Guzman,"7456 Cardenas Landing, Cape Verrin, Belmara County",Z3,Y,Masonry Veneer,1965,Homeowners,291900.0,2025-08-14,1769.53
GC-001518,Todd Gray,"55996 Taylor Manors, Port Alden, Belmara County",Z1,Y,Frame,1993,Homeowners,242600.0,2022-09-13,1455.75
GC-001519,Cathy Wyatt,"053 Sarah Rue, Marsh Point, Belmara County",Z2,Y,Masonry,1976,Homeowners,381100.0,2026-05-01,2011.23
GC-001520,Jessica Johnson,"7648 Cohen Islands Suite 939, Cape Verrin, Belmara County",Z3,Y,Masonry,2024,Commercial,842600.0,2023-08-19,5086.99
GC-001521,Christopher Charles,"350 Rivas Dam, Millbrook, Belmara County",Z6,N,Masonry,2024,Commercial,1725600.0,2022-12-22,6721.21
GC-001522,Nicholas Robinson,"900 Preston Shoals, Marsh Point, Belmara County",Z2,Y,Masonry,1956,Homeowners,301300.0,2021-04-07,1703.67
GC-001523,Brandon Melton,"27726 Herrera Plains Apt. 958, Hollow Bay, Belmara County",Z5,N,Masonry,1991,Commercial,2214500.0,2021-07-21,9143.01
GC-001524,Michael Spencer,"94252 Garcia Crescent, Port Alden, Belmara County",Z1,Y,Superior (Reinforced Concrete),2019,Homeowners,292400.0,2022-08-30,1160.24
GC-001525,Erin Richardson,"1050 Michael Rapid, Cape Verrin, Belmara County",Z3,Y,Frame,1996,Homeowners,355400.0,2021-06-11,2108.29
GC-001526,Jerome Parker,"53524 Russo Street Suite 171, Port Alden, Belmara County",Z1,Y,Masonry,1986,Commercial,1055500.0,2021-09-18,6882.1
GC-001527,Eric Shaffer,"44930 Hall Pass Apt. 331, Marsh Point, Belmara County",Z2,Y,Frame,1970,Commercial,1182800.0,2021-07-25,9888.96
GC-001528,Jennifer Russo,"338 Ronald Camp, Marsh Point, Belmara County",Z2,Y,Superior (Reinforced Concrete),1993,Homeowners,318400.0,2021-03-06,1329.11
GC-001529,Katie Preston,"2787 Alec Views, Port Alden, Belmara County",Z1,Y,Frame,1979,Homeowners,275000.0,2024-07-20,1738.01
GC-001530,Catherine Sutton,"17465 Sara Stream Apt. 780, Marsh Point, Belmara County",Z2,Y,Frame,2000,Homeowners,216600.0,2026-05-22,1265.14
GC-001531,Justin Rodriguez,"734 Booth Parks Apt. 776, Port Alden, Belmara County",Z1,Y,Frame,1980,Homeowners,237200.0,2022-10-11,1493.7
GC-001532,Leslie Sanders,"3362 Oneal Roads, Ridgeview, Belmara County",Z4,N,Masonry,2006,Homeowners,333900.0,2025-08-03,1015.06
GC-001533,Deborah Escobar,"999 Hannah Creek, Cape Verrin, Belmara County",Z3,Y,Frame,1950,Commercial,1204900.0,2023-03-15,10778.19
GC-001534,Kyle Peterson,"083 Martin Squares, Cape Verrin, Belmara County",Z3,Y,Masonry,2023,Homeowners,283500.0,2025-01-23,1335.85
GC-001535,Kristopher Alvarado,"2464 Harvey Villages Suite 957, Marsh Point, Belmara County",Z2,Y,Masonry,2010,Homeowners,577600.0,2024-08-07,2721.65
GC-001536,Thomas Watson,"9582 Megan Center Apt. 217, Millbrook, Belmara County",Z6,N,Masonry Veneer,2013,Homeowners,781500.0,2025-09-14,2625.84
GC-001537,Julie Ryan,"48839 Roach Mountain, Cape Verrin, Belmara County",Z3,Y,Masonry,1950,Homeowners,449400.0,2022-02-13,2591.91
GC-001538,Garrett Carpenter,"5143 Crawford Well Apt. 868, Cape Verrin, Belmara County",Z3,Y,Frame,1986,Homeowners,389800.0,2022-09-11,2401.29
GC-001539,Clarence Robinson,"88568 Kimberly Ports, Port Alden, Belmara County",Z1,Y,Masonry,1972,Homeowners,242500.0,2023-06-01,1298.06
GC-001540,William Vasquez,"5900 Martha Mills, Ridgeview, Belmara County",Z4,N,Masonry,1998,Commercial,3386200.0,2023-08-14,13611.3
GC-001541,Anthony Stewart,"9335 Courtney Shoals Suite 880, Port Alden, Belmara County",Z1,Y,Frame,2010,Homeowners,298000.0,2021-10-06,1699.79
GC-001542,Julie Curry,"26011 Kristin Common Apt. 382, Marsh Point, Belmara County",Z2,Y,Frame,1975,Homeowners,451800.0,2025-06-07,2896.62
GC-001543,Victoria Parker,"1360 Hannah Islands Apt. 810, Millbrook, Belmara County",Z6,N,Frame,2012,Homeowners,206200.0,2023-02-17,758.82
GC-001544,Antonio Taylor,"736 Rebecca Square, Ridgeview, Belmara County",Z4,N,Masonry Veneer,1999,Homeowners,271200.0,2024-09-05,936.75
GC-001545,Kiara Harris,"71358 Carroll Fords Suite 390, Marsh Point, Belmara County",Z2,Y,Frame,2008,Homeowners,390400.0,2023-04-26,2226.84
GC-001546,Lori Stephens,"54731 Valencia View Suite 397, Ridgeview, Belmara County",Z4,N,Frame,2005,Homeowners,131900.0,2026-02-05,487.33
GC-001547,Heather Clarke,"64369 Donna Villages, Millbrook, Belmara County",Z6,N,Masonry,2006,Commercial,1424400.0,2021-08-21,5548.04
GC-001548,Cynthia Tucker,"28966 Smith Gateway Suite 281, Ridgeview, Belmara County",Z4,N,Masonry,1994,Homeowners,470000.0,2025-11-08,1497.38
GC-001549,David Jones,"01975 Matthew Well Suite 640, Millbrook, Belmara County",Z6,N,Masonry,1976,Homeowners,676400.0,2021-03-10,2303.01
GC-001550,Tracey Johnson,"73042 Barnes Manors, Millbrook, Belmara County",Z6,N,Masonry Veneer,1999,Commercial,383600.0,2022-08-07,1697.64
GC-001551,Scott Brennan,"447 Allison Prairie Apt. 953, Port Alden, Belmara County",Z1,Y,Frame,1987,Commercial,2824700.0,2021-09-20,22212.53
GC-001552,Laura Andrews,"7649 Ashley Extensions, Marsh Point, Belmara County",Z2,Y,Frame,2011,Homeowners,188900.0,2024-04-18,1077.49
GC-001553,Pamela Ramirez,"5513 Medina Motorway Apt. 717, Ridgeview, Belmara County",Z4,N,Masonry,1980,Homeowners,206700.0,2021-09-29,693.72
GC-001554,Craig May,"811 Combs View Suite 034, Ridgeview, Belmara County",Z4,N,Frame,1988,Homeowners,372800.0,2021-07-26,1470.68
GC-001555,Leslie Wolf,"738 Ramos Summit, Ridgeview, Belmara County",Z4,N,Masonry Veneer,2024,Homeowners,231600.0,2023-06-20,778.18
GC-001556,Jose Oconnor,"4770 Davis Stravenue, Ridgeview, Belmara County",Z4,N,Frame,2024,Homeowners,389900.0,2022-07-22,1434.83
GC-001557,Adam Gentry,"86028 Randy Keys Suite 204, Cape Verrin, Belmara County",Z3,Y,Masonry Veneer,1994,Commercial,1868600.0,2022-01-03,13067.2
GC-001558,Ryan Huffman,"90577 Adrian Trace, Cape Verrin, Belmara County",Z3,Y,Frame,1977,Homeowners,407900.0,2023-04-21,2596.55
GC-001559,Alejandro Zimmerman,"941 Erik Landing Apt. 810, Hollow Bay, Belmara County",Z5,N,Frame,2006,Homeowners,400300.0,2025-10-13,1473.1
GC-001560,Michelle Collins,"48709 Hernandez Loaf, Cape Verrin, Belmara County",Z3,Y,Masonry,1997,Homeowners,352800.0,2021-04-16,1722.24
GC-001561,Dr. Laura Harris,"1742 Keith Greens, Cape Verrin, Belmara County",Z3,Y,Masonry Veneer,2002,Homeowners,180800.0,2024-05-18,956.67
GC-001562,Melissa Nunez,"1189 Austin Inlet, Port Alden, Belmara County",Z1,Y,Frame,2002,Homeowners,528800.0,2025-03-23,3064.54
GC-001563,Jeffrey Watts,"70286 Benson Extension, Millbrook, Belmara County",Z6,N,Frame,2024,Commercial,377800.0,2022-09-05,1781.33
GC-001564,Timothy Maxwell,"536 Griffith Cliff, Ridgeview, Belmara County",Z4,N,Frame,1978,Homeowners,408000.0,2023-08-08,1669.6
GC-001565,Christina Mullen,"57795 Brian Park, Cape Verrin, Belmara County",Z3,Y,Masonry,1997,Homeowners,134300.0,2021-05-18,655.6
GC-001566,Gavin Yates,"73971 Karen Bypass, Port Alden, Belmara County",Z1,Y,Frame,1983,Homeowners,268300.0,2025-01-23,1671.18
GC-001567,Carolyn Davis,"690 Wilkerson Shoal, Port Alden, Belmara County",Z1,Y,Masonry,1979,Homeowners,319200.0,2025-02-09,1666.51
GC-001568,Charles Wilson,"4617 Ashley Plaza Apt. 707, Ridgeview, Belmara County",Z4,N,Masonry Veneer,2002,Homeowners,258500.0,2024-08-28,882.46
GC-001569,David Brown,"44225 Christopher Locks, Cape Verrin, Belmara County",Z3,Y,Masonry,1998,Homeowners,267800.0,2022-07-25,1302.25
GC-001570,Gordon Lewis,"20944 Salinas Mountains Apt. 690, Ridgeview, Belmara County",Z4,N,Masonry,1998,Commercial,981900.0,2024-12-21,3946.88
GC-001571,Clayton May,"1327 Miller Mountain Suite 802, Ridgeview, Belmara County",Z4,N,Frame,1984,Homeowners,181500.0,2021-10-31,726.7
GC-001572,Gregory Holt,"60211 Luis Plain Apt. 268, Port Alden, Belmara County",Z1,Y,Frame,1950,Homeowners,197500.0,2023-08-02,1378.88
GC-001573,Wendy Warner,"7868 Martinez Mountain Suite 008, Marsh Point, Belmara County",Z2,Y,Masonry,1970,Homeowners,463400.0,2026-01-02,2497.97
GC-001574,Emily Green,"8191 Travis River, Millbrook, Belmara County",Z6,N,Frame,1970,Homeowners,197800.0,2024-07-13,832.72
GC-001575,Bianca Kim,"69836 Martha Turnpike, Marsh Point, Belmara County",Z2,Y,Masonry Veneer,1965,Homeowners,481800.0,2024-11-29,2920.73
GC-001576,David Fernandez,"7082 Jeffrey Pines Suite 546, Cape Verrin, Belmara County",Z3,Y,Frame,1958,Homeowners,249500.0,2024-08-17,1696.39
GC-001577,Miguel Smith,"37205 Smith Fords, Millbrook, Belmara County",Z6,N,Masonry,1991,Homeowners,113700.0,2025-01-09,366.39
GC-001578,April Smith,"46739 Cheryl Alley Apt. 141, Port Alden, Belmara County",Z1,Y,Frame,2019,Homeowners,450900.0,2023-12-25,2571.93
GC-001579,Aaron Riley,"9232 Harris Motorway, Marsh Point, Belmara County",Z2,Y,Frame,1981,Homeowners,216700.0,2026-01-14,1359.66
GC-001580,Lauren Patel,"906 Amber Street Suite 481, Millbrook, Belmara County",Z6,N,Masonry,1996,Homeowners,203800.0,2023-09-11,644.33
GC-001581,Sharon Kelley,"6300 Sandra Via Suite 336, Ridgeview, Belmara County",Z4,N,Frame,2003,Homeowners,470000.0,2026-03-09,1750.36
GC-001582,Brent Conley,"18151 Benson Isle Apt. 942, Cape Verrin, Belmara County",Z3,Y,Superior (Reinforced Concrete),1989,Homeowners,150700.0,2023-01-22,638.64
GC-001583,Chelsea Green,"53534 Jenkins Mission, Millbrook, Belmara County",Z6,N,Masonry,1990,Commercial,1177200.0,2023-12-08,4878.65
GC-001584,Tony Lawson,"9466 Hernandez Center Apt. 082, Port Alden, Belmara County",Z1,Y,Masonry,1966,Homeowners,343400.0,2024-08-20,1877.0
GC-001585,Mathew Smith,"818 Samantha Shoal, Marsh Point, Belmara County",Z2,Y,Frame,1986,Commercial,396400.0,2023-08-18,3128.75
GC-001586,Jeremy Nielsen,"26208 Mason Cliff Suite 452, Ridgeview, Belmara County",Z4,N,Frame,2014,Homeowners,270700.0,2024-10-12,996.18
GC-001587,Richard Howard,"4235 Smith Hill, Marsh Point, Belmara County",Z2,Y,Masonry,1975,Homeowners,209000.0,2022-08-10,1106.92
GC-001588,Manuel Riddle,"518 Glenda Cliff, Ridgeview, Belmara County",Z4,N,Masonry Veneer,2001,Homeowners,234500.0,2025-02-12,803.68
GC-001589,Rachel Villegas,"046 Nicole Circle Suite 923, Marsh Point, Belmara County",Z2,Y,Masonry Veneer,1962,Homeowners,132600.0,2023-04-24,812.12
GC-001590,Jeffery Johnson,"83827 Anthony Stream, Millbrook, Belmara County",Z6,N,Frame,2020,Commercial,2396500.0,2022-03-02,11299.5
GC-001591,Susan Gonzalez,"615 David Shoal, Marsh Point, Belmara County",Z2,Y,Masonry,1994,Commercial,1271500.0,2023-10-06,8044.83
GC-001592,Theresa Espinoza,"6653 Collins Stream, Ridgeview, Belmara County",Z4,N,Masonry,1977,Homeowners,173700.0,2025-02-06,589.3
GC-001593,Shaun Rios,"6346 Daniel Corners, Hollow Bay, Belmara County",Z5,N,Masonry,2011,Homeowners,239900.0,2021-03-06,729.3
GC-001594,Adam Porter,"472 Young Point, Port Alden, Belmara County",Z1,Y,Frame,2010,Homeowners,190600.0,2023-10-31,1087.18
GC-001595,Angela Kidd,"51272 Chavez Alley, Port Alden, Belmara County",Z1,Y,Superior (Reinforced Concrete),1957,Homeowners,185900.0,2025-04-03,882.23
GC-001596,Sarah Padilla,"6224 Stephanie Road Suite 687, Cape Verrin, Belmara County",Z3,Y,Frame,1950,Homeowners,381200.0,2024-02-07,2661.42
GC-001597,Sarah Tyler,"7129 Danielle Lake Apt. 061, Cape Verrin, Belmara County",Z3,Y,Frame,1976,Homeowners,526100.0,2024-10-21,3360.98
GC-001598,Elizabeth Cunningham,"23543 Brown Stream Suite 682, Millbrook, Belmara County",Z6,N,Frame,2000,Homeowners,410000.0,2025-07-12,1545.01
GC-001599,Brittany Rogers,"9525 Andrews Extensions Apt. 644, Port Alden, Belmara County",Z1,Y,Masonry,1999,Homeowners,357200.0,2022-09-26,1730.25
GC-001600,Anita Martinez,"88182 Wright Walks Suite 343, Port Alden, Belmara County",Z1,Y,Masonry Veneer,1950,Homeowners,200600.0,2023-11-17,1278.74
GC-001601,Kevin Roberts,"188 Willis Manor, Millbrook, Belmara County",Z6,N,Masonry Veneer,2005,Homeowners,302900.0,2022-07-05,1021.81
GC-001602,Wendy Sullivan,"1102 Eugene Wells, Cape Verrin, Belmara County",Z3,Y,Frame,2003,Homeowners,275300.0,2024-12-10,1589.15
GC-001603,Craig Brady,"230 Jeanette Center, Marsh Point, Belmara County",Z2,Y,Masonry,1968,Homeowners,242100.0,2023-09-02,1314.17
GC-001604,Patrick Rice,"72186 Vanessa Flats, Marsh Point, Belmara County",Z2,Y,Superior (Reinforced Concrete),2003,Commercial,740900.0,2024-12-20,3811.94
GC-001605,Zachary Harris,"999 Christopher Valley Suite 003, Cape Verrin, Belmara County",Z3,Y,Frame,1992,Homeowners,90000.0,2022-11-15,542.11
GC-001606,Timothy Li,"71978 Williams Summit, Cape Verrin, Belmara County",Z3,Y,Frame,2009,Commercial,909600.0,2021-08-09,6647.58
GC-001607,Mark Hughes,"9084 Bonnie Haven, Port Alden, Belmara County",Z1,Y,Frame,1979,Homeowners,213200.0,2021-04-27,1347.43
GC-001608,Makayla Underwood,"0113 Peterson Junction Apt. 107, Millbrook, Belmara County",Z6,N,Frame,1997,Homeowners,316600.0,2023-11-26,1207.03
GC-001609,Kristin Lowe,"072 George Centers Apt. 716, Marsh Point, Belmara County",Z2,Y,Frame,2007,Homeowners,197100.0,2024-01-20,1124.26
GC-001610,Alexander Vaughn,"722 Erica Trace, Cape Verrin, Belmara County",Z3,Y,Frame,1997,Homeowners,864100.0,2022-05-22,5106.26
GC-001611,Victoria King,"83753 Seth Manor Apt. 024, Port Alden, Belmara County",Z1,Y,Frame,1998,Homeowners,295200.0,2023-12-31,1737.7
GC-001612,Megan Moran,"7800 Denise Skyway Suite 323, Cape Verrin, Belmara County",Z3,Y,Frame,1981,Commercial,1218500.0,2023-06-11,9795.61
GC-001613,Tracey Martin,"9069 Arnold Vista, Cape Verrin, Belmara County",Z3,Y,Masonry,1970,Homeowners,180800.0,2025-06-14,974.61
GC-001614,James Kennedy,"5169 John Vista Suite 215, Marsh Point, Belmara County",Z2,Y,Frame,1964,Homeowners,453400.0,2024-12-04,3020.67
GC-001615,Brian Russell,"61070 James Cape Suite 243, Cape Verrin, Belmara County",Z3,Y,Frame,1991,Homeowners,569300.0,2022-02-21,3442.12
GC-001616,Melissa Harvey,"248 Gordon Forges, Port Alden, Belmara County",Z1,Y,Masonry,1999,Homeowners,314700.0,2025-01-27,1524.39
GC-001617,Eric Rodriguez,"105 Brandon Courts Suite 167, Port Alden, Belmara County",Z1,Y,Masonry,2001,Homeowners,121000.0,2022-10-11,581.56
GC-001618,Pamela Klein,"463 Elizabeth Ridges Suite 348, Ridgeview, Belmara County",Z4,N,Frame,1998,Homeowners,172300.0,2021-11-03,654.35
GC-001619,Aaron Smith,"7642 Wagner Valley, Marsh Point, Belmara County",Z2,Y,Frame,2004,Homeowners,388000.0,2021-02-19,2230.86
GC-001620,Jessica Haley,"3855 Derrick Trail Apt. 775, Hollow Bay, Belmara County",Z5,N,Frame,1992,Homeowners,187900.0,2025-04-11,730.19
GC-001621,Brandi Vargas,"155 Moore Walk Apt. 972, Port Alden, Belmara County",Z1,Y,Frame,1995,Homeowners,219500.0,2026-06-05,1307.12
GC-001622,James Hernandez,"5467 Thomas Knolls Apt. 710, Hollow Bay, Belmara County",Z5,N,Frame,2001,Homeowners,594900.0,2024-11-11,2233.02
GC-001623,Antonio Porter,"6478 Timothy Stream, Ridgeview, Belmara County",Z4,N,Frame,1983,Homeowners,409500.0,2021-07-01,1645.6
GC-001624,Brent Stewart,"027 Nicholson Ville, Ridgeview, Belmara County",Z4,N,Masonry,1979,Homeowners,476200.0,2022-03-27,1603.99
GC-001625,Ryan Thornton,"0292 Green Terrace, Marsh Point, Belmara County",Z2,Y,Frame,1993,Commercial,489000.0,2023-06-06,3759.57
GC-001626,Joseph Zavala,"88407 Patterson Dale Apt. 763, Ridgeview, Belmara County",Z4,N,Masonry,1987,Commercial,2400000.0,2022-04-25,10058.45
GC-001627,Tracy Heath,"3867 Holt Knolls, Hollow Bay, Belmara County",Z5,N,Superior (Reinforced Concrete),2008,Homeowners,213800.0,2023-04-05,547.33
GC-001628,Claudia Rice,"060 Holmes Pike Suite 932, Port Alden, Belmara County",Z1,Y,Masonry,2011,Homeowners,983300.0,2022-09-28,4633.31
GC-001629,George Wood,"0508 Thomas Ports, Marsh Point, Belmara County",Z2,Y,Masonry,1964,Homeowners,143100.0,2024-02-07,787.57
GC-001630,Bradley Conway,"4053 Jenkins Centers Suite 897, Port Alden, Belmara County",Z1,Y,Frame,2010,Homeowners,495800.0,2025-11-28,2828.04
GC-001631,Mr. David Graham Jr.,"84227 Michelle Summit, Port Alden, Belmara County",Z1,Y,Frame,1981,Homeowners,283600.0,2025-04-15,1779.42
GC-001632,Joy Clark,"222 Garcia Trace, Ridgeview, Belmara County",Z4,N,Masonry Veneer,1997,Homeowners,345800.0,2024-09-06,1203.72
GC-001633,John Watson,"9171 Martin Tunnel Suite 298, Hollow Bay, Belmara County",Z5,N,Frame,2005,Homeowners,200800.0,2024-05-10,741.9
GC-001634,Dylan Hood,"830 Thompson Cove Suite 903, Marsh Point, Belmara County",Z2,Y,Frame,1983,Homeowners,287400.0,2025-03-08,1790.15
GC-001635,Renee Lopez,"698 Cody Grove, Hollow Bay, Belmara County",Z5,N,Frame,2011,Homeowners,560100.0,2025-12-01,2061.17
GC-001636,James Simpson,"68017 Stephenson Trace, Marsh Point, Belmara County",Z2,Y,Masonry,2000,Homeowners,336500.0,2022-02-07,1623.64
GC-001637,Daniel Cuevas,"70500 Aguilar Fords Apt. 672, Millbrook, Belmara County",Z6,N,Masonry Veneer,1971,Homeowners,505200.0,2023-06-17,1935.12
GC-001638,Douglas Lane,"2947 Werner Point, Marsh Point, Belmara County",Z2,Y,Masonry Veneer,1982,Homeowners,339900.0,2023-11-22,1940.14
GC-001639,Daniel Hart,"4025 Rodriguez Rapids Apt. 932, Millbrook, Belmara County",Z6,N,Masonry Veneer,2018,Homeowners,244300.0,2021-11-12,820.85
GC-001640,Christopher Chang,"129 Lynn Forges, Marsh Point, Belmara County",Z2,Y,Masonry Veneer,2009,Homeowners,135000.0,2023-12-31,703.08
GC-001641,Anthony Proctor,"26676 Holloway Motorway Apt. 845, Millbrook, Belmara County",Z6,N,Masonry,2010,Commercial,1470000.0,2021-05-29,5725.65
GC-001642,Leah Baker,"70886 Cabrera Manor Suite 560, Port Alden, Belmara County",Z1,Y,Masonry,1971,Commercial,830600.0,2023-07-18,5716.58
GC-001643,Joshua Ortega,"290 Jacob Club, Cape Verrin, Belmara County",Z3,Y,Masonry,1963,Homeowners,465900.0,2022-02-01,2572.92
GC-001644,Paula Blackburn,"044 Brenda Extensions, Port Alden, Belmara County",Z1,Y,Frame,1956,Homeowners,297000.0,2022-12-07,2032.91
GC-001645,Hannah Lee,"02351 Eric Landing, Marsh Point, Belmara County",Z2,Y,Masonry,2013,Homeowners,237000.0,2021-06-07,1116.74
GC-001646,Renee Cooper,"93545 Jeremy Lodge, Cape Verrin, Belmara County",Z3,Y,Masonry,1998,Homeowners,261800.0,2022-08-15,1273.08
GC-001647,Robin Stokes,"393 James Estates Suite 362, Marsh Point, Belmara County",Z2,Y,Frame,1991,Homeowners,163400.0,2022-01-31,987.96
GC-001648,Brandi Cain,"9831 Marie Turnpike, Port Alden, Belmara County",Z1,Y,Masonry Veneer,2005,Homeowners,417100.0,2026-06-01,2180.95
GC-001649,Devin Martin,"5965 Stephanie Crest, Cape Verrin, Belmara County",Z3,Y,Frame,1995,Homeowners,365200.0,2022-04-07,2174.76
GC-001650,Walter Morales,"7495 Moore Bridge, Port Alden, Belmara County",Z1,Y,Masonry,1984,Commercial,1701000.0,2021-11-06,11173.07
GC-001651,Kurt Camacho,"375 Brenda Falls, Ridgeview, Belmara County",Z4,N,Masonry,1998,Homeowners,279200.0,2025-01-19,875.93
GC-001652,Billy Perez,"3626 Wells Drive Suite 461, Ridgeview, Belmara County",Z4,N,Masonry,1974,Commercial,806200.0,2025-08-31,3542.09
GC-001653,Brenda Johnson,"73009 Donna Place Suite 524, Cape Verrin, Belmara County",Z3,Y,Masonry,1995,Homeowners,152000.0,2023-10-22,747.74
GC-001654,Christopher Rodriguez,"355 Louis Groves Apt. 219, Hollow Bay, Belmara County",Z5,N,Masonry Veneer,1990,Homeowners,245900.0,2022-07-11,879.1
GC-001655,Elizabeth Wade,"779 Little Green, Port Alden, Belmara County",Z1,Y,Masonry Veneer,1969,Homeowners,364100.0,2024-07-27,2176.88
GC-001656,William Brooks,"21883 Fuller Spring Suite 819, Ridgeview, Belmara County",Z4,N,Frame,1987,Homeowners,171700.0,2025-12-25,679.88
GC-001657,Timothy Smith,"0676 Suzanne Freeway Apt. 998, Cape Verrin, Belmara County",Z3,Y,Masonry,1988,Homeowners,391400.0,2023-05-24,1977.06
GC-001658,Brandon Salas,"57846 Brown Pike, Port Alden, Belmara County",Z1,Y,Frame,2003,Homeowners,396500.0,2024-08-24,2288.78
GC-001659,Jonathan Mueller,"825 Page Neck, Millbrook, Belmara County",Z6,N,Masonry Veneer,2007,Homeowners,333600.0,2025-04-13,1120.9
GC-001660,Richard Smith,"7292 Torres Forge Suite 519, Cape Verrin, Belmara County",Z3,Y,Masonry,1993,Homeowners,232100.0,2021-03-16,1150.53
GC-001661,Justin Thompson,"18256 Katherine Hills Suite 286, Cape Verrin, Belmara County",Z3,Y,Masonry Veneer,1988,Commercial,1120800.0,2024-10-09,8017.29
GC-001662,Philip Gilmore,"22341 Hudson Extensions, Cape Verrin, Belmara County",Z3,Y,Masonry Veneer,1990,Homeowners,344400.0,2023-05-02,1908.43
GC-001663,Rachel Jacobs,"2702 Ross Greens Suite 095, Ridgeview, Belmara County",Z4,N,Frame,2001,Homeowners,350500.0,2022-11-18,1315.64
GC-001664,Cody Woods,"003 Brendan Trace Apt. 933, Marsh Point, Belmara County",Z2,Y,Frame,1984,Homeowners,491400.0,2021-02-11,3049.6
GC-001665,Curtis Harvey,"47119 Patrick Avenue, Cape Verrin, Belmara County",Z3,Y,Superior (Reinforced Concrete),1983,Homeowners,310600.0,2023-04-05,1345.85
GC-001666,Jennifer Smith,"7056 Ross Spur, Marsh Point, Belmara County",Z2,Y,Frame,1961,Homeowners,175900.0,2023-11-04,1183.93
GC-001667,Sandra Brown,"64385 Alexis Islands Apt. 723, Hollow Bay, Belmara County",Z5,N,Superior (Reinforced Concrete),2006,Homeowners,262600.0,2025-05-23,672.26
GC-001668,Brandon Mckenzie,"13361 Dawn Turnpike, Hollow Bay, Belmara County",Z5,N,Masonry Veneer,2004,Homeowners,302100.0,2024-07-14,1023.18
GC-001669,Diane Davis,"2316 Hill Viaduct Suite 137, Ridgeview, Belmara County",Z4,N,Frame,1970,Commercial,2986800.0,2022-01-29,16110.68
GC-001670,John Jacobson,"6063 Munoz Falls Apt. 461, Port Alden, Belmara County",Z1,Y,Frame,1975,Commercial,1440700.0,2025-06-11,11834.59
GC-001671,Scott Garcia,"17999 Gerald Square Apt. 024, Cape Verrin, Belmara County",Z3,Y,Frame,1988,Commercial,377800.0,2025-11-29,2959.85
GC-001672,Jill Adams,"72345 Norman Underpass Apt. 869, Millbrook, Belmara County",Z6,N,Masonry,2011,Homeowners,248700.0,2024-08-02,756.05
GC-001673,Kelly Bright,"4853 Wilkinson Dam, Hollow Bay, Belmara County",Z5,N,Masonry,2013,Homeowners,151500.0,2021-10-29,460.56
GC-001674,Keith Campbell,"38641 Tiffany Alley Suite 385, Marsh Point, Belmara County",Z2,Y,Frame,1984,Commercial,2461100.0,2025-10-31,19569.13
GC-001675,Emily Harmon,"16435 Mary Bypass Apt. 781, Cape Verrin, Belmara County",Z3,Y,Frame,1968,Commercial,786500.0,2026-04-21,6621.63
GC-001676,Jeffery Torres,"143 Wagner Pike Suite 437, Cape Verrin, Belmara County",Z3,Y,Masonry,1992,Homeowners,190100.0,2024-04-11,945.91
GC-001677,Nicholas Miller,"564 Sweeney Curve Suite 368, Ridgeview, Belmara County",Z4,N,Masonry,2000,Commercial,2936400.0,2021-05-27,11711.77
GC-001678,Stephanie Casey,"418 Velasquez Summit Apt. 027, Millbrook, Belmara County",Z6,N,Frame,1996,Homeowners,215600.0,2023-01-13,825.14
GC-001679,Michael Ray,"84507 Smith Freeway, Port Alden, Belmara County",Z1,Y,Frame,2012,Homeowners,681300.0,2021-09-28,3886.14
GC-001680,Paul Patterson,"33746 Jason Locks Suite 730, Hollow Bay, Belmara County",Z5,N,Frame,2000,Homeowners,265700.0,2026-06-05,1001.24
GC-001681,Kaitlin Moody,"222 Jenkins Walks, Marsh Point, Belmara County",Z2,Y,Frame,1980,Commercial,574900.0,2023-05-28,4638.47
GC-001682,Kenneth Campbell,"087 Murphy Parkway, Millbrook, Belmara County",Z6,N,Frame,1986,Homeowners,180000.0,2022-12-23,715.39
GC-001683,Megan Stokes,"7396 Kevin Via, Millbrook, Belmara County",Z6,N,Masonry,1985,Homeowners,382200.0,2024-02-03,1259.49
GC-001684,Jose Williamson,"0550 Duncan Dam Apt. 704, Ridgeview, Belmara County",Z4,N,Masonry,2024,Homeowners,145600.0,2023-11-05,442.62
GC-001685,Kristina Hubbard,"670 Myers Ferry, Cape Verrin, Belmara County",Z3,Y,Frame,1973,Homeowners,309600.0,2023-11-17,1999.06
GC-001686,Pamela Morales,"073 Katie Pass, Millbrook, Belmara County",Z6,N,Masonry,1986,Homeowners,639900.0,2024-04-22,2100.92
GC-001687,Angela Carney,"1826 Church Trafficway, Ridgeview, Belmara County",Z4,N,Masonry,2004,Homeowners,198600.0,2026-02-23,608.57
GC-001688,Robert Ford,"086 Bishop Extension Suite 942, Marsh Point, Belmara County",Z2,Y,Frame,1976,Commercial,969800.0,2022-11-21,7938.05
GC-001689,Mitchell Garza,"35490 Justin Trail, Cape Verrin, Belmara County",Z3,Y,Masonry Veneer,2004,Homeowners,254100.0,2023-03-17,1333.94
GC-001690,Veronica Cole,"219 Weiss Mill Apt. 054, Cape Verrin, Belmara County",Z3,Y,Masonry,1958,Homeowners,315500.0,2022-07-01,1772.07
GC-001691,Kerry Benjamin MD,"302 Steven Plain Apt. 678, Millbrook, Belmara County",Z6,N,Masonry Veneer,2024,Homeowners,425400.0,2022-07-14,1429.34
GC-001692,Abigail Walters,"315 Dakota Run Suite 928, Cape Verrin, Belmara County",Z3,Y,Frame,1971,Homeowners,572500.0,2023-10-29,3722.72
GC-001693,Aaron Ayers,"70926 Williams Causeway, Cape Verrin, Belmara County",Z3,Y,Masonry,1988,Homeowners,174500.0,2025-10-09,881.45
GC-001694,Jose Ryan,"2628 Caroline Mall, Hollow Bay, Belmara County",Z5,N,Masonry,1995,Homeowners,634800.0,2026-06-09,2014.7
GC-001695,Marilyn Townsend,"500 Thomas Parkways Suite 927, Ridgeview, Belmara County",Z4,N,Masonry,1976,Homeowners,156500.0,2026-06-11,532.85
GC-001696,Ann Barnes,"9196 George Mountains, Port Alden, Belmara County",Z1,Y,Frame,1987,Homeowners,255000.0,2026-04-25,1565.06
GC-001697,Casey Grant,"39170 Virginia Manor, Marsh Point, Belmara County",Z2,Y,Frame,1983,Commercial,1359100.0,2021-06-30,10846.45
GC-001698,Steven Baker,"59624 Murillo Springs Suite 012, Millbrook, Belmara County",Z6,N,Masonry,2012,Homeowners,188000.0,2022-09-08,571.52
GC-001699,Paul Cochran,"2536 Brenda Drives, Marsh Point, Belmara County",Z2,Y,Frame,1980,Homeowners,229700.0,2021-08-19,1446.47
GC-001700,Judy Wright,"497 Morrow Squares, Ridgeview, Belmara County",Z4,N,Masonry,2017,Homeowners,284200.0,2024-07-10,863.97
GC-001701,Leonard Banks,"24365 Megan Spurs Suite 055, Cape Verrin, Belmara County",Z3,Y,Superior (Reinforced Concrete),1997,Homeowners,481400.0,2021-06-10,1978.96
GC-001702,Phillip Scott,"875 Frazier Gardens, Ridgeview, Belmara County",Z4,N,Frame,1985,Commercial,676200.0,2023-02-15,3456.1
GC-001703,Samantha Nelson,"59773 Hill Station, Port Alden, Belmara County",Z1,Y,Masonry,2005,Homeowners,374500.0,2024-02-06,1771.7
GC-001704,Christian Gonzalez,"60667 Campbell Cliffs, Marsh Point, Belmara County",Z2,Y,Frame,2019,Homeowners,441400.0,2022-03-20,2517.75
GC-001705,Kevin Bradley,"220 Lopez Pine Suite 226, Cape Verrin, Belmara County",Z3,Y,Masonry Veneer,2005,Homeowners,229400.0,2022-03-04,1199.49
GC-001706,Betty Reyes,"79962 Patricia Lane Apt. 998, Marsh Point, Belmara County",Z2,Y,Masonry,2010,Homeowners,193700.0,2021-09-22,912.71
GC-001707,Frank Tran,"8877 Carr Landing Suite 041, Port Alden, Belmara County",Z1,Y,Masonry Veneer,1969,Homeowners,402500.0,2024-10-17,2406.46
GC-001708,Joseph Williams,"315 Carrie Summit Apt. 912, Millbrook, Belmara County",Z6,N,Masonry,2005,Homeowners,253700.0,2023-01-29,774.33
GC-001709,Jennifer Johnson DVM,"0762 Sue Inlet Apt. 049, Port Alden, Belmara County",Z1,Y,Masonry,2008,Commercial,2268500.0,2024-09-11,13695.5
GC-001710,Eric Smith,"2872 Brittany Plains Suite 564, Port Alden, Belmara County",Z1,Y,Superior (Reinforced Concrete),2008,Homeowners,228600.0,2023-05-01,907.08
GC-001711,Richard Case,"0592 April Fort, Millbrook, Belmara County",Z6,N,Frame,1999,Homeowners,397900.0,2025-11-05,1505.27
GC-001712,David Hudson,"6919 Hansen River Suite 298, Ridgeview, Belmara County",Z4,N,Masonry Veneer,2024,Homeowners,249900.0,2026-05-07,839.66
GC-001713,Veronica Johnson,"8201 Hopkins Gardens Apt. 796, Port Alden, Belmara County",Z1,Y,Frame,1992,Homeowners,200900.0,2021-09-24,1210.11
GC-001714,Timothy Jordan,"2404 Laura Inlet Suite 412, Ridgeview, Belmara County",Z4,N,Masonry Veneer,1972,Commercial,1962300.0,2024-06-24,9596.59
GC-001715,Vincent Douglas,"956 Alexander Parks Suite 732, Millbrook, Belmara County",Z6,N,Frame,2013,Commercial,616700.0,2024-12-22,2907.74
GC-001716,William Bailey,"1920 Heather Village, Port Alden, Belmara County",Z1,Y,Masonry,1957,Commercial,720500.0,2025-05-03,5202.41
GC-001717,Sara Harper,"387 Jason Canyon, Port Alden, Belmara County",Z1,Y,Masonry,1955,Homeowners,851600.0,2024-07-02,4831.34
GC-001718,Nicholas Patrick,"7489 Kimberly Park Suite 078, Hollow Bay, Belmara County",Z5,N,Frame,1990,Homeowners,391000.0,2024-10-13,1530.97
GC-001719,Carl Perez,"76519 Kristin Roads, Port Alden, Belmara County",Z1,Y,Frame,1961,Homeowners,232000.0,2025-08-12,1561.53
GC-001720,Thomas Grant,"73289 Miller Knoll Suite 340, Marsh Point, Belmara County",Z2,Y,Masonry,1963,Homeowners,171000.0,2022-09-12,944.34
GC-001721,Angel Norton,"5811 Woodard Mission, Hollow Bay, Belmara County",Z5,N,Frame,1972,Commercial,595400.0,2026-05-12,3189.11
GC-001722,Nathan Harvey,"91607 Smith Haven Apt. 930, Ridgeview, Belmara County",Z4,N,Superior (Reinforced Concrete),2018,Commercial,982000.0,2021-01-16,3220.96
GC-001723,Emma Collins,"39822 Linda Burg Apt. 966, Cape Verrin, Belmara County",Z3,Y,Superior (Reinforced Concrete),1956,Homeowners,991500.0,2023-12-15,4721.13
GC-001724,Pamela Rodgers,"85886 Fuller Square, Marsh Point, Belmara County",Z2,Y,Masonry Veneer,1952,Homeowners,246700.0,2023-06-05,1562.33
GC-001725,Mary Ferguson,"65295 Tara Light, Marsh Point, Belmara County",Z2,Y,Frame,2003,Commercial,1309300.0,2025-11-02,9683.52
GC-001726,Jeffrey Burke,"356 James Field, Hollow Bay, Belmara County",Z5,N,Frame,1991,Homeowners,124500.0,2022-09-04,485.65
GC-001727,Julie Baker,"806 Williams Stravenue, Ridgeview, Belmara County",Z4,N,Masonry,2011,Homeowners,253700.0,2021-09-28,771.25
GC-001728,Kristin Riddle,"201 Amber Stream, Port Alden, Belmara County",Z1,Y,Masonry,1978,Homeowners,300500.0,2024-02-13,1574.54
GC-001729,Lori Werner,"13266 Cole Plain, Hollow Bay, Belmara County",Z5,N,Masonry Veneer,1984,Commercial,1819900.0,2025-04-06,8524.12
GC-001730,George Williams,"3211 Johnson Motorway, Port Alden, Belmara County",Z1,Y,Masonry Veneer,1980,Homeowners,200700.0,2025-11-18,1153.95
GC-001731,Megan Moore,"3970 Woods Groves, Millbrook, Belmara County",Z6,N,Masonry,2009,Homeowners,675000.0,2022-08-09,2052.0
GC-001732,Donald Castillo,"231 Christensen Highway, Marsh Point, Belmara County",Z2,Y,Frame,2021,Homeowners,174200.0,2025-04-23,993.64
GC-001733,Benjamin Williamson,"394 Walter Oval Suite 626, Marsh Point, Belmara County",Z2,Y,Frame,1979,Homeowners,209200.0,2022-04-11,1322.15
GC-001734,Gabriel Blake,"53026 Jodi Hollow Apt. 257, Port Alden, Belmara County",Z1,Y,Masonry Veneer,1998,Homeowners,292400.0,2023-04-16,1571.55
GC-001735,Susan Smith,"605 Phillip Canyon Suite 636, Millbrook, Belmara County",Z6,N,Masonry Veneer,1992,Homeowners,312000.0,2021-04-01,1107.03
GC-001736,Jacqueline Anderson,"640 Alex Forge, Cape Verrin, Belmara County",Z3,Y,Frame,2018,Homeowners,266200.0,2025-11-25,1518.4
GC-001737,Leslie Mcneil,"302 Taylor Rest, Hollow Bay, Belmara County",Z5,N,Frame,1996,Homeowners,313100.0,2024-03-22,1198.3
GC-001738,Christopher Gonzalez,"9795 Meredith Ports Apt. 600, Ridgeview, Belmara County",Z4,N,Superior (Reinforced Concrete),2018,Homeowners,403600.0,2025-04-11,1033.22
GC-001739,Kim Williams,"7454 Jarvis Ramp Apt. 054, Cape Verrin, Belmara County",Z3,Y,Frame,2007,Commercial,1746200.0,2021-12-20,12761.67
GC-001740,Tonya Campbell,"3811 Crystal Crest Suite 558, Port Alden, Belmara County",Z1,Y,Frame,1999,Commercial,462600.0,2023-09-02,3475.46
GC-001741,Stephen Bruce,"6229 Hernandez Park Suite 056, Millbrook, Belmara County",Z6,N,Masonry,1975,Homeowners,251900.0,2023-07-26,860.73
GC-001742,David Cain,"2486 Seth Hill, Port Alden, Belmara County",Z1,Y,Frame,1980,Homeowners,278300.0,2021-06-17,1752.52
GC-001743,Martin Todd,"23515 Johnson Landing Apt. 017, Port Alden, Belmara County",Z1,Y,Frame,1954,Homeowners,183400.0,2024-08-06,1263.71
GC-001744,Nicholas Tapia,"1560 Rose Ports Apt. 522, Cape Verrin, Belmara County",Z3,Y,Masonry,1996,Homeowners,410700.0,2024-08-26,2012.63
GC-001745,Benjamin Sanchez,"7940 Schmitt Street Suite 315, Cape Verrin, Belmara County",Z3,Y,Frame,1987,Homeowners,214900.0,2021-05-27,1318.95
GC-001746,Victoria Mcdonald,"7191 Graham Summit, Hollow Bay, Belmara County",Z5,N,Frame,1988,Homeowners,263800.0,2026-03-27,1040.68
GC-001747,Sarah Sullivan,"5618 James Islands, Port Alden, Belmara County",Z1,Y,Superior (Reinforced Concrete),1961,Homeowners,439900.0,2022-05-15,2059.72
GC-001748,Kathleen Burton,"8057 Kelsey Gardens Suite 718, Hollow Bay, Belmara County",Z5,N,Masonry,1984,Homeowners,445400.0,2025-06-22,1473.17
GC-001749,Scott Shaffer,"220 Reynolds Garden, Cape Verrin, Belmara County",Z3,Y,Frame,2006,Homeowners,216400.0,2025-11-04,1234.35
GC-001750,Samuel Thomas,"23964 Williams Ways Apt. 532, Millbrook, Belmara County",Z6,N,Masonry,1999,Homeowners,270200.0,2021-06-26,844.41
GC-001751,Taylor Huang,"9924 Scott Freeway Apt. 385, Marsh Point, Belmara County",Z2,Y,Frame,1986,Homeowners,713900.0,2021-08-24,4397.85
GC-001752,Amber Allen,"91401 Jensen Forks, Hollow Bay, Belmara County",Z5,N,Frame,2002,Commercial,1576800.0,2024-05-04,7553.57
GC-001753,Casey Ramirez,"47199 Pamela Branch, Cape Verrin, Belmara County",Z3,Y,Frame,1996,Homeowners,522500.0,2023-10-10,3099.55
GC-001754,Karen Wilkins,"4526 Robin Mills, Hollow Bay, Belmara County",Z5,N,Frame,2016,Homeowners,311200.0,2023-03-08,1145.22
GC-001755,Keith Lynch,"83100 Kramer Gardens, Cape Verrin, Belmara County",Z3,Y,Frame,1976,Homeowners,252400.0,2022-02-25,1612.45
GC-001756,Christopher Ayala,"227 Mcdonald Forge Apt. 168, Hollow Bay, Belmara County",Z5,N,Masonry Veneer,1983,Homeowners,172500.0,2023-07-06,632.92
GC-001757,Amanda Ross,"707 Jared Lake Apt. 360, Hollow Bay, Belmara County",Z5,N,Frame,1996,Homeowners,171200.0,2026-01-28,655.22
GC-001758,Erik Hanson,"41074 David Park Suite 067, Port Alden, Belmara County",Z1,Y,Masonry,1984,Homeowners,213500.0,2023-03-12,1094.54
GC-001759,Holly Jackson,"2590 Greer Bridge Apt. 363, Marsh Point, Belmara County",Z2,Y,Superior (Reinforced Concrete),1985,Homeowners,254700.0,2023-06-24,1095.54
GC-001760,Mary Kelly,"6149 Adams Ranch Suite 931, Cape Verrin, Belmara County",Z3,Y,Masonry,1959,Homeowners,193300.0,2022-04-19,1082.07
GC-001761,Claudia Matthews,"984 Jonathan Squares Suite 099, Hollow Bay, Belmara County",Z5,N,Frame,2010,Commercial,931100.0,2025-07-14,4390.14
GC-001762,Robin Smith,"326 Phillips Crossroad Apt. 394, Ridgeview, Belmara County",Z4,N,Masonry Veneer,1987,Homeowners,221000.0,2022-06-04,798.99
GC-001763,Ashley Garcia,"159 Hart Junction, Cape Verrin, Belmara County",Z3,Y,Masonry,1952,Homeowners,324400.0,2025-04-23,1858.74
GC-001764,Alan Lyons,"762 Renee Viaduct, Marsh Point, Belmara County",Z2,Y,Masonry Veneer,2024,Homeowners,202700.0,2022-11-29,1055.66
GC-001765,Kiara Sexton,"2256 Francis Square Suite 188, Marsh Point, Belmara County",Z2,Y,Masonry Veneer,1995,Homeowners,609200.0,2024-07-05,3312.31
GC-001766,Susan Anderson,"870 Sandoval Vista Suite 168, Port Alden, Belmara County",Z1,Y,Masonry,1965,Commercial,537900.0,2021-02-12,3780.02
GC-001767,Michael Archer,"495 Torres Summit, Ridgeview, Belmara County",Z4,N,Masonry Veneer,2008,Homeowners,331300.0,2025-05-18,1113.17
GC-001768,Linda Compton,"0586 Hanson Port Suite 383, Marsh Point, Belmara County",Z2,Y,Superior (Reinforced Concrete),2011,Homeowners,334400.0,2023-11-18,1326.9
GC-001769,Selena Hodge,"36108 Audrey Divide Suite 166, Millbrook, Belmara County",Z6,N,Frame,1993,Homeowners,180300.0,2021-09-21,698.01
GC-001770,Brett Morris,"786 Rivera Shores Suite 555, Cape Verrin, Belmara County",Z3,Y,Frame,1959,Homeowners,198500.0,2026-03-25,1345.11
GC-001771,Heather Esparza,"7640 Brian Pine, Port Alden, Belmara County",Z1,Y,Masonry,2017,Homeowners,329600.0,2025-09-29,1553.08
GC-001772,Joseph Lamb,"0516 Gomez Islands, Ridgeview, Belmara County",Z4,N,Masonry Veneer,2006,Homeowners,305600.0,2024-12-14,1026.82
GC-001773,Christopher Scott,"1899 Fitzpatrick Avenue Apt. 338, Marsh Point, Belmara County",Z2,Y,Masonry,1986,Commercial,1945800.0,2023-11-18,12687.06
GC-001774,Joseph Simmons,"7017 Susan Lodge, Marsh Point, Belmara County",Z2,Y,Masonry,1950,Commercial,376400.0,2023-10-16,2781.44
GC-001775,Stephen Evans,"38602 Laura Isle Apt. 898, Millbrook, Belmara County",Z6,N,Masonry Veneer,2003,Homeowners,460100.0,2022-11-23,1564.49
GC-001776,William Frank,"134 Brandy Meadows Apt. 979, Port Alden, Belmara County",Z1,Y,Masonry,2005,Commercial,624400.0,2024-11-02,3784.74
GC-001777,Dr. Roberto Johnston,"45284 Jason Loaf Suite 804, Port Alden, Belmara County",Z1,Y,Masonry Veneer,2024,Homeowners,161700.0,2025-09-08,842.13
GC-001778,Andrew Harris,"748 Ashley Parks Apt. 940, Marsh Point, Belmara County",Z2,Y,Frame,1969,Homeowners,104700.0,2023-09-11,685.6
GC-001779,Lauren Burton,"60294 Thomas Well, Port Alden, Belmara County",Z1,Y,Frame,1993,Homeowners,419300.0,2022-10-09,2516.05
GC-001780,Amanda Hall,"8925 Bishop Ways, Cape Verrin, Belmara County",Z3,Y,Frame,1971,Commercial,862400.0,2026-03-19,7185.0
GC-001781,Corey Collins,"19777 Patel Mount, Marsh Point, Belmara County",Z2,Y,Masonry,2002,Homeowners,191100.0,2025-09-26,914.87
GC-001782,Jacob Fry,"86482 Adam Pike Apt. 958, Marsh Point, Belmara County",Z2,Y,Masonry Veneer,1984,Homeowners,271000.0,2025-08-10,1535.57
GC-001783,Melissa Shaffer,"96233 Tasha Meadow Apt. 586, Ridgeview, Belmara County",Z4,N,Masonry,1988,Homeowners,324400.0,2023-05-09,1057.18
GC-001784,Nicole Martin,"4831 Lee Alley Suite 629, Hollow Bay, Belmara County",Z5,N,Frame,1996,Homeowners,332100.0,2023-03-04,1271.01
GC-001785,Vincent Melendez,"1817 Kenneth Drive, Port Alden, Belmara County",Z1,Y,Frame,2002,Homeowners,176100.0,2024-04-27,1020.55
GC-001786,Samantha Underwood,"9890 Reilly Freeway Apt. 723, Millbrook, Belmara County",Z6,N,Frame,1996,Homeowners,313700.0,2021-07-12,1200.59
GC-001787,Barbara Weber,"23790 Jeanette Underpass, Port Alden, Belmara County",Z1,Y,Masonry,2005,Homeowners,240400.0,2026-01-09,1137.3
GC-001788,Jessica Holloway,"84779 Warner Cliffs Suite 675, Hollow Bay, Belmara County",Z5,N,Masonry Veneer,2022,Homeowners,271100.0,2025-04-02,910.9
GC-001789,Kevin Jones,"3781 Aguilar Islands, Port Alden, Belmara County",Z1,Y,Frame,1975,Homeowners,381900.0,2023-01-03,2448.47
GC-001790,Anthony Carpenter MD,"68384 Jenkins Pine Apt. 207, Ridgeview, Belmara County",Z4,N,Frame,1994,Homeowners,331800.0,2023-02-07,1279.63
GC-001791,Chris Wheeler,"19051 Eric Port, Cape Verrin, Belmara County",Z3,Y,Masonry,2023,Homeowners,387700.0,2023-03-09,1826.84
GC-001792,Kimberly Schneider,"207 Rose Loaf, Port Alden, Belmara County",Z1,Y,Frame,1976,Homeowners,281900.0,2021-08-01,1800.91
GC-001793,Sarah Carlson,"79237 Bridget Divide, Marsh Point, Belmara County",Z2,Y,Masonry,2000,Homeowners,216200.0,2022-12-06,1043.18
GC-001794,Lawrence Hall,"864 Morse Gardens Suite 067, Port Alden, Belmara County",Z1,Y,Superior (Reinforced Concrete),2016,Homeowners,279200.0,2022-09-03,1107.87
GC-001795,Jorge Gutierrez,"55707 Young Courts, Port Alden, Belmara County",Z1,Y,Frame,2006,Homeowners,198400.0,2022-03-02,1131.67
GC-001796,Sara Barrett,"55505 Lowe Bypass, Cape Verrin, Belmara County",Z3,Y,Frame,1952,Homeowners,259400.0,2022-04-15,1799.22
GC-001797,Mathew Warren,"444 Larry Pass, Port Alden, Belmara County",Z1,Y,Frame,2008,Homeowners,217100.0,2023-04-17,1238.34
GC-001798,Ashley Jones,"7012 Tiffany Underpass, Ridgeview, Belmara County",Z4,N,Masonry,2008,Homeowners,181900.0,2024-09-01,552.98
GC-001799,Anthony Morales,"56891 Brandi Mill Suite 978, Hollow Bay, Belmara County",Z5,N,Frame,2015,Homeowners,233900.0,2024-03-07,860.75
GC-001800,Stephen Hall,"456 Baker Mountains Suite 036, Cape Verrin, Belmara County",Z3,Y,Masonry,1994,Homeowners,129000.0,2026-04-15,637.02
GC-001801,Jessica Evans,"63295 Robinson Parks, Hollow Bay, Belmara County",Z5,N,Frame,2007,Homeowners,401700.0,2022-04-28,1478.26
GC-001802,Christine Wilson,"7292 Hall Pass Suite 830, Port Alden, Belmara County",Z1,Y,Masonry,2004,Homeowners,472500.0,2021-11-03,2244.23
GC-001803,Ronald Rivera,"423 Gregory Course Suite 518, Millbrook, Belmara County",Z6,N,Frame,2000,Homeowners,633500.0,2021-02-28,2387.23
GC-001804,Patrick Medina,"0734 Norton Vista Suite 462, Port Alden, Belmara County",Z1,Y,Frame,2013,Homeowners,311000.0,2024-07-10,1773.94
GC-001805,Haley Chen,"417 Yang Ridge Apt. 617, Millbrook, Belmara County",Z6,N,Masonry,2017,Homeowners,272600.0,2022-09-26,828.7
GC-001806,Adam Martin,"81698 Debbie Heights, Cape Verrin, Belmara County",Z3,Y,Masonry,2009,Commercial,2218900.0,2024-08-03,13396.05
GC-001807,Annette French,"7609 Roth Ford Suite 740, Cape Verrin, Belmara County",Z3,Y,Frame,2010,Homeowners,352100.0,2025-10-05,2008.38
GC-001808,Betty Patrick,"643 Kelli Burgs, Port Alden, Belmara County",Z1,Y,Masonry Veneer,2024,Homeowners,355200.0,2021-11-08,1849.88
GC-001809,Jessica Farrell,"099 Mann Ferry Apt. 836, Marsh Point, Belmara County",Z2,Y,Frame,1972,Commercial,1097100.0,2022-05-14,9108.31
GC-001810,Joe Greene,"6610 Wendy Summit Suite 342, Port Alden, Belmara County",Z1,Y,Masonry,1986,Homeowners,467800.0,2025-03-15,2380.62
GC-001811,Tammy Taylor,"34998 Charles Fords, Cape Verrin, Belmara County",Z3,Y,Frame,1983,Homeowners,356400.0,2023-12-04,2219.93
GC-001812,Valerie Spencer,"5901 Lin Ridges Apt. 524, Marsh Point, Belmara County",Z2,Y,Superior (Reinforced Concrete),1985,Homeowners,201100.0,2021-10-21,864.99
GC-001813,Jamie Hill,"233 Brown Hollow, Ridgeview, Belmara County",Z4,N,Masonry,1995,Homeowners,299000.0,2021-03-07,948.95
GC-001814,Susan Hamilton,"60186 Tracy Crossroad Suite 319, Ridgeview, Belmara County",Z4,N,Frame,2008,Commercial,627300.0,2023-05-06,2957.72
GC-001815,Nicole Moss,"559 Danielle Oval Suite 641, Ridgeview, Belmara County",Z4,N,Frame,1994,Homeowners,204800.0,2021-06-18,789.84
GC-001816,Andrew Robinson,"25513 Chan Springs Suite 867, Cape Verrin, Belmara County",Z3,Y,Masonry Veneer,1953,Homeowners,276200.0,2023-05-05,1743.4
GC-001817,Joseph Herrera,"7331 Buckley Harbor, Marsh Point, Belmara County",Z2,Y,Masonry Veneer,1967,Commercial,1537700.0,2025-01-29,11861.35
GC-001818,Patrick Miller,"9325 Danny Square Suite 887, Ridgeview, Belmara County",Z4,N,Masonry,1992,Commercial,3949800.0,2023-11-20,16246.0
GC-001819,Emily Brown,"0954 Scott Run, Marsh Point, Belmara County",Z2,Y,Frame,1973,Commercial,1649000.0,2024-02-04,13642.08
GC-001820,Brandon Lee,"001 Hanna Corner Suite 391, Hollow Bay, Belmara County",Z5,N,Frame,2010,Homeowners,139800.0,2021-04-03,514.46
GC-001821,Todd Wright,"8621 Todd Plaza Apt. 871, Port Alden, Belmara County",Z1,Y,Superior (Reinforced Concrete),1988,Homeowners,260100.0,2025-01-22,1106.39
GC-001822,Michael Mccoy,"4257 Richard Plaza Apt. 269, Millbrook, Belmara County",Z6,N,Superior (Reinforced Concrete),2010,Commercial,929700.0,2025-04-16,3049.42
GC-001823,Dana Stokes,"4230 Johnson Ferry, Port Alden, Belmara County",Z1,Y,Masonry Veneer,2017,Homeowners,204100.0,2024-06-05,1062.95
GC-001824,Cody Shaw,"505 Gary Streets Apt. 142, Ridgeview, Belmara County",Z4,N,Frame,2006,Commercial,1285300.0,2022-04-23,6060.19
GC-001825,Jason Johnson,"45992 Cody Wall Suite 633, Port Alden, Belmara County",Z1,Y,Frame,2021,Homeowners,411400.0,2025-11-18,2346.63
GC-001826,Kelly Anderson,"0053 Jack Fall, Marsh Point, Belmara County",Z2,Y,Frame,1981,Homeowners,382700.0,2024-12-14,2401.21
GC-001827,James Pena,"901 Katherine Glens, Ridgeview, Belmara County",Z4,N,Masonry,1995,Homeowners,404800.0,2024-08-12,1284.74
GC-001828,Christine Johnston,"25286 Laura Estate, Millbrook, Belmara County",Z6,N,Frame,1976,Homeowners,341500.0,2022-09-19,1407.53
GC-001829,Kyle Rogers,"452 Kevin Parkway Suite 449, Ridgeview, Belmara County",Z4,N,Masonry Veneer,2016,Homeowners,275300.0,2023-10-04,925.01
GC-001830,Ricky Thompson,"3420 Wright Terrace Suite 734, Hollow Bay, Belmara County",Z5,N,Masonry,2003,Commercial,1888400.0,2024-09-22,7443.58
GC-001831,Krista Weber,"735 Davenport Course, Cape Verrin, Belmara County",Z3,Y,Frame,2003,Homeowners,323600.0,2021-06-02,1867.96
GC-001832,Christopher Reyes,"5914 Gallagher Loaf Apt. 538, Port Alden, Belmara County",Z1,Y,Frame,1983,Homeowners,421000.0,2025-08-12,2622.31
GC-001833,Thomas Butler,"7533 Sweeney Square, Millbrook, Belmara County",Z6,N,Masonry,1997,Commercial,1632300.0,2023-12-10,6586.69
GC-001834,Dylan Alexander,"6535 Ann Square Suite 298, Port Alden, Belmara County",Z1,Y,Masonry,1991,Homeowners,238000.0,2026-02-03,1188.74
GC-001835,Nicole Moore,"679 Kenneth Junction, Port Alden, Belmara County",Z1,Y,Masonry,2016,Homeowners,220400.0,2024-05-28,1038.52
GC-001836,Christopher Ellis,"83543 Jenkins Isle Suite 390, Marsh Point, Belmara County",Z2,Y,Masonry,1974,Commercial,1123300.0,2024-04-08,7649.69
GC-001837,Brian Cross,"9793 Robert Knoll, Ridgeview, Belmara County",Z4,N,Superior (Reinforced Concrete),1986,Homeowners,511300.0,2023-05-26,1413.64
GC-001838,Megan Porter,"8371 John Parks, Cape Verrin, Belmara County",Z3,Y,Masonry Veneer,1997,Homeowners,217200.0,2021-12-18,1171.9
GC-001839,Kara Gray,"201 Herrera Manors Suite 808, Ridgeview, Belmara County",Z4,N,Masonry Veneer,2009,Homeowners,300000.0,2025-12-21,1008.0
GC-001840,Jasmine Hill,"21463 Logan Mills, Port Alden, Belmara County",Z1,Y,Frame,2004,Homeowners,187800.0,2022-06-11,1079.78
GC-001841,Frank Ramirez,"926 Cooper Lodge, Port Alden, Belmara County",Z1,Y,Frame,1990,Homeowners,116800.0,2025-12-29,708.87
GC-001842,Robert Harper,"99403 Hoover Greens Apt. 126, Marsh Point, Belmara County",Z2,Y,Superior (Reinforced Concrete),1986,Homeowners,350800.0,2021-10-17,1503.33
GC-001843,Janet Carter,"96706 Jeffery Forges Apt. 016, Marsh Point, Belmara County",Z2,Y,Frame,1991,Commercial,942600.0,2026-04-17,7302.08
GC-001844,Gregory Ayala,"63994 Kathleen Common, Cape Verrin, Belmara County",Z3,Y,Masonry,1969,Homeowners,119100.0,2024-07-06,644.26
GC-001845,David Stanton,"6734 Juan Views, Cape Verrin, Belmara County",Z3,Y,Masonry,1995,Homeowners,298800.0,2024-06-30,1469.9
GC-001846,Rebecca Baker,"67930 Virginia Plains, Cape Verrin, Belmara County",Z3,Y,Frame,1998,Homeowners,287600.0,2023-12-29,1692.97
GC-001847,James Hester,"04202 Castaneda Crest, Ridgeview, Belmara County",Z4,N,Superior (Reinforced Concrete),2009,Homeowners,240900.0,2026-01-23,616.7
GC-001848,Joshua Johnson,"903 Thomas Vista, Millbrook, Belmara County",Z6,N,Frame,2024,Homeowners,171400.0,2024-10-25,630.75
GC-001849,Deanna Woodard,"8420 Luis Club Suite 079, Ridgeview, Belmara County",Z4,N,Masonry,2024,Commercial,375400.0,2024-12-22,1462.18
GC-001850,Mrs. Sara Hebert,"86015 Garcia Squares, Marsh Point, Belmara County",Z2,Y,Superior (Reinforced Concrete),1985,Homeowners,338400.0,2022-03-11,1455.56
GC-001851,Rachel Wilson,"194 Wendy Hollow, Port Alden, Belmara County",Z1,Y,Masonry,1981,Homeowners,455800.0,2022-01-25,2362.5
GC-001852,Maureen Smith,"1128 Rosales Hills, Marsh Point, Belmara County",Z2,Y,Masonry Veneer,1985,Homeowners,361300.0,2022-12-31,2039.71
GC-001853,Terry Peck,"367 Henry Hill, Millbrook, Belmara County",Z6,N,Masonry,1994,Homeowners,660400.0,2021-01-22,2103.98
GC-001854,Chelsea Jones,"74916 Kimberly Heights, Hollow Bay, Belmara County",Z5,N,Masonry Veneer,2007,Homeowners,209600.0,2025-12-16,704.26
GC-001855,Martin Wilson,"13153 Williams Ranch Suite 261, Hollow Bay, Belmara County",Z5,N,Frame,2018,Homeowners,464600.0,2023-02-22,1709.73
GC-001856,David Cooper,"2741 Don Lakes, Millbrook, Belmara County",Z6,N,Frame,1967,Homeowners,279500.0,2023-04-29,1189.02
GC-001857,Nathan Brown,"899 Meyer Knolls Suite 694, Port Alden, Belmara County",Z1,Y,Masonry,1991,Homeowners,293500.0,2024-06-11,1465.95
GC-001858,Vicki Harper,"51956 Bailey Shore, Cape Verrin, Belmara County",Z3,Y,Frame,1970,Homeowners,189600.0,2024-09-19,1237.21
GC-001859,Christine Cox,"27172 Powell Trace Suite 650, Ridgeview, Belmara County",Z4,N,Superior (Reinforced Concrete),2005,Homeowners,495800.0,2024-11-16,1274.32
GC-001860,Shane Alvarez,"44130 Hicks Manor, Marsh Point, Belmara County",Z2,Y,Masonry,1992,Homeowners,353900.0,2022-03-22,1760.96
GC-001861,Debbie Cobb,"00668 Emily Unions Apt. 728, Port Alden, Belmara County",Z1,Y,Frame,1971,Homeowners,321100.0,2025-10-30,2087.97
GC-001862,John Jackson,"52232 Henry Point, Ridgeview, Belmara County",Z4,N,Masonry Veneer,2001,Homeowners,126000.0,2024-07-08,431.83
GC-001863,Adam Ramirez,"83599 Johnson Groves Apt. 084, Ridgeview, Belmara County",Z4,N,Masonry Veneer,1989,Homeowners,381600.0,2022-06-12,1369.36
GC-001864,Robert Perez,"135 Margaret Trail, Millbrook, Belmara County",Z6,N,Frame,1992,Homeowners,400600.0,2021-06-25,1556.76
GC-001865,Fernando Chan,"28920 Roberts Route Suite 780, Ridgeview, Belmara County",Z4,N,Frame,1989,Homeowners,270800.0,2022-08-25,1064.31
GC-001866,Julie Allen,"010 Garcia Heights, Cape Verrin, Belmara County",Z3,Y,Masonry,1971,Commercial,580400.0,2022-09-06,3994.58
GC-001867,Michelle Rivera,"95281 Roberts Point Suite 742, Marsh Point, Belmara County",Z2,Y,Frame,1996,Homeowners,481300.0,2026-06-02,2855.15
GC-001868,Casey May,"63578 Emily Forks, Cape Verrin, Belmara County",Z3,Y,Frame,1950,Homeowners,114300.0,2025-07-22,798.01
GC-001869,Kevin Wilson,"39743 Carlson Bridge, Marsh Point, Belmara County",Z2,Y,Frame,1986,Homeowners,292700.0,2023-09-14,1803.13
GC-001870,Gary Morris,"5994 Amy Harbors Apt. 906, Marsh Point, Belmara County",Z2,Y,Frame,1986,Homeowners,321000.0,2025-08-29,1977.46
GC-001871,Jessica Walsh,"2898 Smith Cliff Apt. 656, Cape Verrin, Belmara County",Z3,Y,Masonry,1994,Homeowners,267300.0,2023-07-17,1319.97
GC-001872,David Avila,"0165 Sean Course Apt. 681, Hollow Bay, Belmara County",Z5,N,Frame,1969,Homeowners,358300.0,2023-11-26,1513.69
GC-001873,Steven Brown,"08437 Gilbert Estates Suite 444, Millbrook, Belmara County",Z6,N,Masonry,1989,Homeowners,232500.0,2022-11-15,754.86
GC-001874,Ryan Heath,"0842 Julie Glen, Ridgeview, Belmara County",Z4,N,Frame,1997,Homeowners,442200.0,2026-05-02,1685.88
GC-001875,Eric Smith,"1724 Jennifer Junctions, Hollow Bay, Belmara County",Z5,N,Masonry Veneer,1986,Commercial,665200.0,2024-08-10,3092.78
GC-001876,Shane Burke,"557 Singleton Prairie Apt. 627, Ridgeview, Belmara County",Z4,N,Frame,2002,Homeowners,223900.0,2022-07-18,837.14
GC-001877,Jamie Martin,"7033 Diane River, Ridgeview, Belmara County",Z4,N,Masonry,2008,Homeowners,127700.0,2025-08-14,388.21
GC-001878,Megan Carter,"15828 Perez Harbors, Marsh Point, Belmara County",Z2,Y,Frame,1978,Homeowners,409500.0,2025-03-18,2597.4
GC-001879,Ronald Jacobs,"99172 Todd Estate Apt. 204, Cape Verrin, Belmara County",Z3,Y,Frame,1969,Homeowners,297500.0,2025-08-11,1948.09
GC-001880,John Pennington,"53926 Munoz Mountains, Marsh Point, Belmara County",Z2,Y,Superior (Reinforced Concrete),1987,Homeowners,320800.0,2022-06-04,1369.68
GC-001881,Sandra Foster,"0313 Vincent Hollow, Cape Verrin, Belmara County",Z3,Y,Masonry,1996,Homeowners,497900.0,2023-12-13,2439.95
GC-001882,Teresa Howard,"06190 Barbara Row, Ridgeview, Belmara County",Z4,N,Masonry Veneer,2013,Homeowners,508600.0,2025-04-02,1708.9
GC-001883,James Perez,"90000 Jeanne Rue Suite 616, Hollow Bay, Belmara County",Z5,N,Frame,1997,Commercial,1215800.0,2021-11-13,5938.87
GC-001884,Ryan Bennett,"718 Gomez Rapid Suite 079, Marsh Point, Belmara County",Z2,Y,Masonry,1966,Homeowners,267000.0,2026-06-02,1459.4
GC-001885,Robin Thomas MD,"323 Suzanne Run Suite 781, Marsh Point, Belmara County",Z2,Y,Frame,1980,Commercial,554100.0,2021-07-31,4470.65
GC-001886,James Alexander,"70194 Gonzalez Ridges Apt. 177, Cape Verrin, Belmara County",Z3,Y,Frame,2009,Homeowners,257800.0,2022-11-08,1470.49
GC-001887,Jason Patterson,"2761 Anthony Ports, Marsh Point, Belmara County",Z2,Y,Frame,2000,Homeowners,147400.0,2022-03-20,860.95
GC-001888,Brandon Graves,"8061 Eric Gardens Apt. 167, Port Alden, Belmara County",Z1,Y,Masonry Veneer,1986,Homeowners,243200.0,2024-06-12,1367.91
GC-001889,Meghan Ramos,"763 Sanchez Drive Apt. 718, Marsh Point, Belmara County",Z2,Y,Frame,1977,Commercial,2849700.0,2024-02-15,23242.17
GC-001890,Christopher Melton,"848 Gutierrez Parks Apt. 142, Port Alden, Belmara County",Z1,Y,Frame,1975,Homeowners,297200.0,2023-01-02,1905.44
GC-001891,Cheryl Williams,"5398 Morgan Squares, Millbrook, Belmara County",Z6,N,Masonry,1996,Homeowners,568100.0,2023-12-04,1796.1
GC-001892,Christine Green,"866 David Neck Suite 178, Marsh Point, Belmara County",Z2,Y,Frame,1984,Homeowners,277100.0,2021-01-01,1719.67
GC-001893,Michael Gutierrez,"3820 Corey Harbor, Cape Verrin, Belmara County",Z3,Y,Frame,1985,Homeowners,279200.0,2021-04-05,1726.33
GC-001894,Amanda Hughes,"66426 Glenn Wells Apt. 512, Millbrook, Belmara County",Z6,N,Frame,1986,Homeowners,323400.0,2023-05-05,1285.32
GC-001895,Wyatt Stewart MD,"5656 Madden Green, Marsh Point, Belmara County",Z2,Y,Masonry,1985,Commercial,543900.0,2022-12-11,3559.49
GC-001896,Kayla Chapman,"49451 Kurt Road, Port Alden, Belmara County",Z1,Y,Masonry Veneer,1984,Commercial,4357800.0,2024-08-13,31637.42
GC-001897,Aaron Gutierrez,"656 Trevino Divide, Marsh Point, Belmara County",Z2,Y,Frame,1974,Homeowners,265700.0,2022-02-05,1709.54
GC-001898,Amy Fisher,"6729 Jodi Squares, Port Alden, Belmara County",Z1,Y,Masonry,2020,Homeowners,536500.0,2021-09-16,2527.99
GC-001899,Jeremiah Strickland,"421 Barbara Hollow Suite 502, Ridgeview, Belmara County",Z4,N,Frame,2000,Commercial,1650900.0,2022-09-23,7970.81
GC-001900,Craig Orozco,"045 Sharp Mountain Apt. 518, Cape Verrin, Belmara County",Z3,Y,Masonry,1969,Homeowners,520400.0,2025-07-18,2815.04
GC-001901,Matthew Stevens,"98214 Peters Ville, Ridgeview, Belmara County",Z4,N,Superior (Reinforced Concrete),2019,Homeowners,265000.0,2026-02-14,678.4
GC-001902,Victoria Thomas,"72094 Brown Locks, Cape Verrin, Belmara County",Z3,Y,Frame,1981,Commercial,725400.0,2021-07-28,5831.55
GC-001903,Ralph Wallace MD,"328 Gonzalez Creek Apt. 220, Cape Verrin, Belmara County",Z3,Y,Masonry Veneer,1984,Homeowners,411100.0,2025-02-09,2329.42
GC-001904,Sarah Vance,"426 Mejia Ways Apt. 336, Hollow Bay, Belmara County",Z5,N,Frame,2002,Homeowners,133300.0,2023-06-29,498.39
GC-001905,Megan James,"896 Cummings Route, Port Alden, Belmara County",Z1,Y,Frame,1998,Commercial,918200.0,2023-06-03,6925.17
GC-001906,Daniel Smith,"494 Mcdowell Rapid Apt. 085, Cape Verrin, Belmara County",Z3,Y,Frame,1960,Commercial,698400.0,2021-04-27,6043.23
GC-001907,Diana Espinoza,"32495 Rebecca Forge, Port Alden, Belmara County",Z1,Y,Masonry,1996,Homeowners,241800.0,2023-08-21,1184.94
GC-001908,Roger Costa,"15461 Cooper Pines, Port Alden, Belmara County",Z1,Y,Masonry Veneer,1960,Homeowners,309300.0,2023-09-04,1907.23
GC-001909,Stephanie May,"88904 Little Circle, Ridgeview, Belmara County",Z4,N,Frame,2005,Homeowners,459800.0,2025-11-09,1698.83
GC-001910,Dillon Brown,"8513 Lee Roads Apt. 483, Port Alden, Belmara County",Z1,Y,Masonry,1993,Homeowners,382400.0,2021-08-10,1895.57
GC-001911,Jimmy Bell,"09016 James Mission, Hollow Bay, Belmara County",Z5,N,Masonry,1997,Homeowners,320300.0,2021-04-22,1008.77
GC-001912,Ryan Hayes,"19027 Richard Rest Apt. 716, Port Alden, Belmara County",Z1,Y,Frame,1987,Homeowners,353400.0,2021-10-05,2168.99
GC-001913,Jacob Reilly,"611 Serrano Lights Suite 598, Millbrook, Belmara County",Z6,N,Frame,2005,Homeowners,385500.0,2022-03-14,1424.31
GC-001914,Curtis Gutierrez,"50583 Lopez Knolls Apt. 956, Marsh Point, Belmara County",Z2,Y,Frame,1987,Homeowners,371500.0,2021-10-06,2280.08
GC-001915,Michael Gardner,"3399 Justin Loaf, Port Alden, Belmara County",Z1,Y,Masonry,1981,Homeowners,433300.0,2022-01-15,2245.88
GC-001916,Charles Mcdonald,"8015 Hickman Meadow Suite 930, Marsh Point, Belmara County",Z2,Y,Masonry Veneer,2016,Homeowners,206600.0,2021-01-31,1075.97
GC-001917,Paula Smith,"27276 Watkins Valleys Apt. 451, Port Alden, Belmara County",Z1,Y,Masonry,1980,Commercial,1295500.0,2025-03-31,8634.67
GC-001918,Roberta Mckinney,"2854 Rodriguez Garden, Millbrook, Belmara County",Z6,N,Frame,1990,Homeowners,462900.0,2025-02-22,1812.49
GC-001919,Joshua Meyers,"972 Danielle Track, Millbrook, Belmara County",Z6,N,Masonry,2024,Commercial,1685400.0,2023-03-15,6564.63
GC-001920,Kristi Espinoza,"7771 Natasha Parkway, Port Alden, Belmara County",Z1,Y,Frame,1954,Homeowners,242900.0,2021-05-13,1673.69
GC-001921,Francis Steele,"863 Kimberly Circle Apt. 712, Millbrook, Belmara County",Z6,N,Masonry,2012,Homeowners,362700.0,2022-07-21,1102.61
GC-001922,Ronald Moran,"34473 Michael Shoals Suite 771, Cape Verrin, Belmara County",Z3,Y,Frame,1985,Homeowners,116000.0,2024-03-18,717.24
GC-001923,Sandra Bowers,"99716 Mckinney Mews Suite 667, Marsh Point, Belmara County",Z2,Y,Frame,1984,Homeowners,438500.0,2023-05-11,2721.31
GC-001924,Andrew Lynch,"334 Smith Ridges Suite 224, Marsh Point, Belmara County",Z2,Y,Masonry,1989,Homeowners,272400.0,2023-09-18,1370.83
GC-001925,Victoria James,"79322 Bethany Trace Suite 390, Cape Verrin, Belmara County",Z3,Y,Frame,2004,Homeowners,209200.0,2026-05-31,1202.82
GC-001926,Ivan Mitchell,"0157 Christopher Isle, Millbrook, Belmara County",Z6,N,Masonry,1999,Homeowners,124700.0,2024-01-19,389.7
GC-001927,Michael Williams,"260 William Dale Suite 589, Millbrook, Belmara County",Z6,N,Masonry,2020,Homeowners,465200.0,2021-03-04,1414.21
GC-001928,Maureen Kirk,"783 Lucas Parkways Apt. 571, Hollow Bay, Belmara County",Z5,N,Masonry,2008,Homeowners,286200.0,2024-07-18,870.05
GC-001929,Ashley Duncan,"146 Tara Station Suite 643, Marsh Point, Belmara County",Z2,Y,Masonry Veneer,1989,Homeowners,516500.0,2024-03-12,2872.85
GC-001930,Allison Clark,"266 Thomas Path Apt. 468, Marsh Point, Belmara County",Z2,Y,Superior (Reinforced Concrete),1981,Homeowners,202800.0,2021-10-10,885.18
GC-001931,Scott Vargas,"724 Benjamin Bypass, Marsh Point, Belmara County",Z2,Y,Masonry Veneer,1969,Homeowners,232700.0,2024-03-18,1391.26
GC-001932,Morgan Barrett,"601 Estrada Lane, Hollow Bay, Belmara County",Z5,N,Masonry Veneer,2006,Homeowners,348200.0,2021-03-27,1169.95
GC-001933,Emma Lawrence,"3271 Best Flats Apt. 335, Hollow Bay, Belmara County",Z5,N,Frame,2002,Homeowners,176600.0,2022-02-24,660.29
GC-001934,Sarah Browning,"301 Brian Camp Apt. 899, Hollow Bay, Belmara County",Z5,N,Masonry,1980,Homeowners,747500.0,2026-03-04,2508.73
GC-001935,Juan Meyer,"8028 Matthew Harbors, Marsh Point, Belmara County",Z2,Y,Frame,1999,Homeowners,326300.0,2022-01-16,1913.33
GC-001936,Joshua Harding,"093 Sandra Squares, Hollow Bay, Belmara County",Z5,N,Masonry,2009,Homeowners,345800.0,2026-04-12,1051.23
GC-001937,Jeremy Coleman,"6280 Donald Dam, Hollow Bay, Belmara County",Z5,N,Frame,1985,Homeowners,416200.0,2023-05-21,1660.27
GC-001938,Jessica Jones,"4705 Charles Village Apt. 058, Cape Verrin, Belmara County",Z3,Y,Masonry,1970,Homeowners,197400.0,2024-04-11,1064.09
GC-001939,Megan Harmon,"673 Montgomery Highway, Port Alden, Belmara County",Z1,Y,Frame,1992,Commercial,1852300.0,2024-07-13,14295.15
GC-001940,Anna Richards,"426 Thomas Lodge, Cape Verrin, Belmara County",Z3,Y,Masonry Veneer,2001,Commercial,284000.0,2024-08-30,1932.96
GC-001941,Heather Johnson,"7671 Mendoza Ways, Hollow Bay, Belmara County",Z5,N,Masonry Veneer,2014,Commercial,351000.0,2023-03-30,1511.06
GC-001942,Mary Daniels,"3688 Johnson Stream, Port Alden, Belmara County",Z1,Y,Frame,1993,Commercial,1470400.0,2025-09-10,11304.85
GC-001943,Sherry Casey,"6292 Ronald Mews, Marsh Point, Belmara County",Z2,Y,Frame,1991,Homeowners,188000.0,2025-07-19,1136.69
GC-001944,Ronald Robertson,"6165 Jacob Row, Port Alden, Belmara County",Z1,Y,Frame,1956,Commercial,1101000.0,2025-12-22,9655.66
GC-001945,Stephanie Medina,"4993 Cunningham Coves, Port Alden, Belmara County",Z1,Y,Masonry Veneer,1985,Homeowners,192600.0,2022-07-03,1087.32
GC-001946,Glenn Woods,"65976 Johnson Villages Apt. 858, Cape Verrin, Belmara County",Z3,Y,Masonry Veneer,1985,Homeowners,312800.0,2022-06-27,1765.9
GC-001947,Allen Jones,"71657 Ashley View Apt. 956, Port Alden, Belmara County",Z1,Y,Frame,1988,Homeowners,343400.0,2025-01-18,2099.78
GC-001948,Brandon Patel,"148 Williams Well, Port Alden, Belmara County",Z1,Y,Frame,1994,Commercial,600400.0,2022-04-11,4598.49
GC-001949,Patricia Smith,"4928 Hoffman Overpass, Port Alden, Belmara County",Z1,Y,Frame,2024,Homeowners,517300.0,2022-12-18,2950.68
GC-001950,Joel Williams,"029 Andrew Cove, Marsh Point, Belmara County",Z2,Y,Frame,1968,Homeowners,401900.0,2025-12-23,2640.89
GC-001951,Brittany Schultz,"860 Hill Ports, Hollow Bay, Belmara County",Z5,N,Masonry Veneer,2003,Homeowners,481900.0,2025-03-27,1638.61
GC-001952,Allison Stanley,"22336 Lori Roads Apt. 620, Ridgeview, Belmara County",Z4,N,Frame,1996,Homeowners,125600.0,2021-09-17,480.7
GC-001953,Tristan Fowler,"42662 Miles Ports, Marsh Point, Belmara County",Z2,Y,Masonry Veneer,2015,Homeowners,255300.0,2023-07-23,1329.6
GC-001954,David Landry,"57144 Shah Ranch Suite 674, Millbrook, Belmara County",Z6,N,Masonry Veneer,2001,Commercial,594400.0,2022-01-23,2610.07
GC-001955,James Leach,"4453 Rivera Circles, Hollow Bay, Belmara County",Z5,N,Masonry,1990,Commercial,937600.0,2026-06-11,3885.68
GC-001956,Matthew Kemp,"8348 Kristin Points Apt. 586, Ridgeview, Belmara County",Z4,N,Frame,1976,Homeowners,334700.0,2022-08-15,1379.5
GC-001957,Sarah Collier,"6485 Eric Wall, Ridgeview, Belmara County",Z4,N,Masonry,2021,Commercial,1134000.0,2022-06-30,4416.93
GC-001958,Julia Diaz,"89432 Wise Ridge Apt. 443, Marsh Point, Belmara County",Z2,Y,Superior (Reinforced Concrete),1974,Homeowners,239900.0,2022-02-14,1073.77
GC-001959,Monica Shea,"050 Flores Circle Suite 092, Marsh Point, Belmara County",Z2,Y,Frame,2006,Homeowners,431000.0,2024-02-06,2458.42
GC-001960,Jennifer Martin,"73429 Ashley Square, Millbrook, Belmara County",Z6,N,Masonry,2024,Homeowners,189000.0,2022-10-19,574.56
GC-001961,Darren Rodgers,"545 John Burgs, Ridgeview, Belmara County",Z4,N,Masonry,1981,Homeowners,708200.0,2025-03-27,2368.22
GC-001962,Chad Hansen,"50204 Johnson Ferry Apt. 435, Cape Verrin, Belmara County",Z3,Y,Frame,1966,Homeowners,240000.0,2022-04-16,1587.99
GC-001963,Austin Stout,"337 Lopez Union Apt. 123, Ridgeview, Belmara County",Z4,N,Masonry Veneer,2013,Homeowners,816900.0,2022-04-29,2744.78
GC-001964,Laura Hill,"5274 Andrea Ville, Ridgeview, Belmara County",Z4,N,Superior (Reinforced Concrete),2015,Homeowners,201000.0,2022-11-23,514.56
GC-001965,Susan Drake,"08573 Angela Springs Suite 545, Marsh Point, Belmara County",Z2,Y,Masonry,1961,Homeowners,328400.0,2021-04-10,1825.96
GC-001966,Debbie Sherman,"193 Davis Neck, Port Alden, Belmara County",Z1,Y,Frame,2002,Homeowners,303500.0,2025-12-10,1758.86
GC-001967,Tammy Cooper,"3706 Thomas Plains Apt. 673, Marsh Point, Belmara County",Z2,Y,Frame,1986,Homeowners,221700.0,2022-09-10,1365.74
GC-001968,David Davis,"57562 Scott Courts, Millbrook, Belmara County",Z6,N,Masonry Veneer,2008,Homeowners,331300.0,2021-02-15,1113.17
GC-001969,Jeff Palmer,"762 Brianna Circle, Port Alden, Belmara County",Z1,Y,Frame,1988,Commercial,987500.0,2026-02-14,7736.51
GC-001970,David Munoz,"03995 Ryan Park Apt. 450, Cape Verrin, Belmara County",Z3,Y,Frame,1982,Commercial,1146600.0,2022-09-25,9184.08
GC-001971,Michelle Underwood,"67312 Juan Forks, Millbrook, Belmara County",Z6,N,Frame,2005,Homeowners,539900.0,2024-04-06,1994.78
GC-001972,Kiara Hawkins,"8514 Brian Land, Cape Verrin, Belmara County",Z3,Y,Masonry Veneer,2002,Commercial,466000.0,2022-03-26,3159.25
GC-001973,Dana Evans,"282 Daniel Glens, Hollow Bay, Belmara County",Z5,N,Superior (Reinforced Concrete),1994,Homeowners,321200.0,2024-07-26,861.74
GC-001974,Ivan Watson,"2991 Jennifer Highway Apt. 443, Ridgeview, Belmara County",Z4,N,Masonry,1994,Homeowners,592700.0,2022-07-24,1888.29
GC-001975,Kelly Mann,"69531 Gina Walks Apt. 977, Ridgeview, Belmara County",Z4,N,Masonry Veneer,2024,Commercial,583800.0,2021-07-05,2513.26
GC-001976,Marvin Flores,"91792 Berger Junction Apt. 732, Ridgeview, Belmara County",Z4,N,Frame,1984,Commercial,1038500.0,2021-06-10,5327.42
GC-001977,Sarah Thomas,"087 Lori Drives, Marsh Point, Belmara County",Z2,Y,Frame,1950,Homeowners,471300.0,2025-01-26,3290.47
GC-001978,Kevin Sanchez,"7376 Wilson Burg, Cape Verrin, Belmara County",Z3,Y,Frame,1976,Homeowners,384500.0,2025-01-15,2456.37
GC-001979,Karl Fleming,"74599 Nathaniel Flat Apt. 445, Millbrook, Belmara County",Z6,N,Masonry,2024,Homeowners,211100.0,2022-08-11,641.74
GC-001980,Robert Thompson,"683 Peters Bypass, Ridgeview, Belmara County",Z4,N,Frame,1997,Commercial,639300.0,2021-03-16,3122.81
GC-001981,Natasha Collins,"29586 Juarez Causeway Apt. 040, Port Alden, Belmara County",Z1,Y,Superior (Reinforced Concrete),1999,Commercial,818300.0,2021-03-28,4276.72
GC-001982,Michelle Harris,"754 Amanda Stream Apt. 368, Marsh Point, Belmara County",Z2,Y,Frame,1993,Homeowners,231000.0,2023-04-26,1386.14
GC-001983,Amanda Oneal,"2105 John Harbors, Port Alden, Belmara County",Z1,Y,Masonry,2001,Homeowners,180000.0,2023-10-13,865.12
GC-001984,Brian Collins,"13882 Flynn Extensions, Ridgeview, Belmara County",Z4,N,Frame,2019,Homeowners,220600.0,2024-10-20,811.81
GC-001985,Joshua Gonzalez,"681 Walker Ville, Port Alden, Belmara County",Z1,Y,Masonry,1998,Commercial,853600.0,2021-04-13,5318.31
GC-001986,Joshua Rhodes,"736 Steven Pass, Port Alden, Belmara County",Z1,Y,Frame,1972,Homeowners,238600.0,2024-08-20,1546.07
GC-001987,Elizabeth Tucker,"00052 Jonathan Stravenue Apt. 070, Port Alden, Belmara County",Z1,Y,Frame,2003,Commercial,1483500.0,2022-01-24,10971.89
GC-001988,Jeffrey Adams,"89512 Stephen Pines Suite 119, Port Alden, Belmara County",Z1,Y,Masonry,1980,Homeowners,266900.0,2022-10-29,1388.43
GC-001989,Lisa Lindsey,"4569 Thomas Locks Suite 561, Marsh Point, Belmara County",Z2,Y,Frame,1952,Commercial,3671400.0,2024-06-17,32627.12
GC-001990,Jody Jimenez,"7188 Brady Vista, Ridgeview, Belmara County",Z4,N,Frame,2011,Commercial,553400.0,2025-04-10,2609.28
GC-001991,Kevin Morales,"667 Shelby Landing, Ridgeview, Belmara County",Z4,N,Frame,1997,Commercial,2122100.0,2022-10-31,10365.91
GC-001992,Daniel Garcia,"402 Jeff Shoal Suite 614, Hollow Bay, Belmara County",Z5,N,Masonry,1971,Homeowners,510200.0,2022-04-16,1768.15
GC-001993,James James,"3304 Charles Mount Suite 142, Marsh Point, Belmara County",Z2,Y,Frame,1981,Commercial,1696500.0,2023-07-10,13638.29
GC-001994,Ashley Lopez,"96863 Green Burg, Cape Verrin, Belmara County",Z3,Y,Masonry Veneer,2008,Homeowners,420700.0,2021-06-17,2191.01
GC-001995,Jasmine Bennett,"870 Nicholas Points Apt. 004, Millbrook, Belmara County",Z6,N,Frame,1997,Commercial,2068900.0,2024-04-09,10106.04
GC-001996,Katelyn Morrison,"3159 Julie Drive, Millbrook, Belmara County",Z6,N,Masonry Veneer,2006,Homeowners,246500.0,2026-04-13,828.24
GC-001997,Michelle Gould,"270 Rivera Fork, Port Alden, Belmara County",Z1,Y,Masonry Veneer,2013,Commercial,356500.0,2024-10-04,2378.84
GC-001998,Andrew Baker,"291 Amy Extension Apt. 824, Marsh Point, Belmara County",Z2,Y,Masonry,2014,Homeowners,190500.0,2021-06-10,897.64
GC-001999,Joseph Smith,"9607 Byrd Pine, Marsh Point, Belmara County",Z2,Y,Masonry Veneer,2006,Homeowners,296900.0,2023-10-01,1546.26
GC-002000,Rachel Acosta,"749 Weber Centers Suite 221, Hollow Bay, Belmara County",Z5,N,Masonry Veneer,1990,Homeowners,221400.0,2021-02-08,791.51
GC-002001,Brian Payne MD,"5818 Wanda Branch Suite 173, Hollow Bay, Belmara County",Z5,N,Masonry,1992,Homeowners,315800.0,2025-02-28,1013.79
GC-002002,Melinda Rosario,"3163 Gary Mountain Suite 572, Ridgeview, Belmara County",Z4,N,Frame,2004,Homeowners,201200.0,2022-12-03,746.34
GC-002003,Nicole Garcia,"637 Christopher Villages Apt. 899, Hollow Bay, Belmara County",Z5,N,Masonry,2020,Homeowners,287300.0,2023-03-05,873.39
GC-002004,Amy Moreno,"013 Victor Meadow, Port Alden, Belmara County",Z1,Y,Masonry,1976,Homeowners,216800.0,2024-02-13,1144.15
GC-002005,Hannah Pope DDS,"3361 Chase Ridges, Millbrook, Belmara County",Z6,N,Frame,1993,Homeowners,399600.0,2026-04-03,1547.0
GC-002006,Erin Lane,"9037 Carolyn Summit, Marsh Point, Belmara County",Z2,Y,Frame,2002,Homeowners,276700.0,2026-01-28,1603.55
GC-002007,Jose Cook,"6399 Eric Vista, Cape Verrin, Belmara County",Z3,Y,Frame,1996,Homeowners,523600.0,2024-02-17,3106.08
GC-002008,Nicholas Munoz,"55174 Martha Squares, Marsh Point, Belmara County",Z2,Y,Frame,1986,Homeowners,206500.0,2021-02-14,1272.11
GC-002009,Erica Gilmore,"476 Rebecca Coves, Marsh Point, Belmara County",Z2,Y,Frame,1966,Homeowners,339600.0,2022-12-15,2247.01
GC-002010,Wendy Mann,"18639 Howard Courts Apt. 845, Millbrook, Belmara County",Z6,N,Frame,1987,Homeowners,246000.0,2022-10-16,974.08
GC-002011,Erik Robinson,"307 Boyd Street, Hollow Bay, Belmara County",Z5,N,Frame,2006,Homeowners,363900.0,2021-12-07,1339.15
GC-002012,Tyler Williams,"459 Taylor Harbors Apt. 899, Millbrook, Belmara County",Z6,N,Superior (Reinforced Concrete),2008,Homeowners,321600.0,2024-09-15,823.3
GC-002013,Michele Murray,"1668 Carl Ford, Cape Verrin, Belmara County",Z3,Y,Masonry Veneer,2000,Homeowners,385900.0,2022-06-02,2058.0
GC-002014,Marc Lee,"0721 Sandoval Squares Suite 024, Hollow Bay, Belmara County",Z5,N,Frame,2003,Homeowners,117600.0,2024-10-18,437.96
GC-002015,Christopher Jackson,"98306 Jack Freeway Suite 540, Millbrook, Belmara County",Z6,N,Masonry,2024,Homeowners,207300.0,2022-06-06,630.19
GC-002016,Joshua Banks,"4248 Moore Skyway Apt. 243, Marsh Point, Belmara County",Z2,Y,Masonry Veneer,1979,Homeowners,363000.0,2021-10-28,2094.68
GC-002017,Nicole Smith,"6511 Sandoval Junction Suite 409, Port Alden, Belmara County",Z1,Y,Masonry Veneer,1996,Homeowners,294600.0,2022-10-23,1595.65
GC-002018,Dominique Parker,"98913 Williams Inlet Apt. 451, Port Alden, Belmara County",Z1,Y,Masonry,2001,Homeowners,403600.0,2025-11-03,1939.8
GC-002019,Loretta Romero,"1103 Reyes Ridges, Cape Verrin, Belmara County",Z3,Y,Frame,2004,Homeowners,571800.0,2025-10-09,3287.64
GC-002020,Paul Wheeler,"23766 Aguilar Manors, Cape Verrin, Belmara County",Z3,Y,Masonry Veneer,1993,Homeowners,460200.0,2023-06-22,2521.35
GC-002021,Patricia Hudson,"86194 Mary Road, Cape Verrin, Belmara County",Z3,Y,Frame,2008,Commercial,423100.0,2021-05-13,3092.12
GC-002022,Rachel Lee,"342 Valdez Walks, Cape Verrin, Belmara County",Z3,Y,Frame,2009,Commercial,424700.0,2021-02-28,3103.81
GC-002023,Aaron Coleman,"346 James Hills, Ridgeview, Belmara County",Z4,N,Frame,1994,Homeowners,793000.0,2024-11-12,3058.32
GC-002024,Kimberly Hall,"3751 Graham Ridge, Hollow Bay, Belmara County",Z5,N,Masonry,1981,Commercial,3697300.0,2021-05-09,15841.08
GC-002025,Andrew Hamilton,"2438 Patrick River Apt. 855, Ridgeview, Belmara County",Z4,N,Masonry,1957,Homeowners,338500.0,2025-03-10,1230.73
GC-002026,Derrick Morgan,"528 Lynch Neck, Marsh Point, Belmara County",Z2,Y,Frame,2002,Commercial,1063000.0,2022-11-11,7892.97
GC-002027,Sharon Wright,"645 Marcus Court Suite 650, Hollow Bay, Belmara County",Z5,N,Frame,1972,Homeowners,429700.0,2022-06-27,1796.35
GC-002028,Caleb Dunn,"09954 Andrea Motorway, Marsh Point, Belmara County",Z2,Y,Masonry,2008,Homeowners,290200.0,2022-07-16,1367.42
GC-002029,Donald Mitchell,"686 Cole Plain Suite 706, Port Alden, Belmara County",Z1,Y,Masonry,1952,Homeowners,359600.0,2026-06-13,2060.43
GC-002030,Judith Castaneda,"9014 Odonnell Common, Port Alden, Belmara County",Z1,Y,Masonry,1986,Homeowners,529000.0,2025-03-01,2692.06
GC-002031,Peter Lindsey,"715 Castillo Knolls Suite 650, Marsh Point, Belmara County",Z2,Y,Masonry Veneer,1965,Homeowners,213900.0,2026-03-24,1296.69
GC-002032,Angela Luna,"16744 James Square Apt. 596, Port Alden, Belmara County",Z1,Y,Masonry,1982,Commercial,1664200.0,2021-03-15,11011.72
GC-002033,Erin Andrade,"0566 Todd Inlet Apt. 242, Millbrook, Belmara County",Z6,N,Frame,1987,Commercial,1376600.0,2023-04-04,6983.96
GC-002034,Jessica Ruiz,"7140 Mark Wall, Port Alden, Belmara County",Z1,Y,Frame,2008,Homeowners,374900.0,2025-08-21,2138.43
GC-002035,Cynthia Morris,"2648 Crystal Trace Apt. 849, Hollow Bay, Belmara County",Z5,N,Masonry,2009,Homeowners,130100.0,2022-03-04,395.5
GC-002036,Paul Villarreal,"635 Walker Stravenue, Millbrook, Belmara County",Z6,N,Masonry,1994,Homeowners,147400.0,2021-04-03,469.6
GC-002037,Alison Miller,"8969 Miller Valley, Marsh Point, Belmara County",Z2,Y,Frame,2011,Homeowners,144700.0,2025-06-10,825.37
GC-002038,Christine Malone,"77586 Williams Forge Suite 562, Port Alden, Belmara County",Z1,Y,Masonry Veneer,1995,Commercial,2205300.0,2022-01-03,15362.89
GC-002039,Cory Henderson,"4394 Romero Rapid Suite 331, Cape Verrin, Belmara County",Z3,Y,Superior (Reinforced Concrete),1980,Homeowners,157700.0,2021-09-17,690.83
GC-002040,Megan Hernandez,"7617 Shane Forges, Cape Verrin, Belmara County",Z3,Y,Masonry Veneer,1967,Commercial,434700.0,2021-07-21,3353.14
GC-002041,Stacey Turner,"7626 Paul Lock Suite 850, Marsh Point, Belmara County",Z2,Y,Superior (Reinforced Concrete),1957,Commercial,960700.0,2021-09-30,5841.5
GC-002042,Stephanie Spencer,"4759 Sutton Run Apt. 485, Cape Verrin, Belmara County",Z3,Y,Frame,1967,Homeowners,177600.0,2023-09-25,1171.06
GC-002043,Hector Lee,"0376 Barnes Mountains Suite 042, Millbrook, Belmara County",Z6,N,Frame,2008,Homeowners,282900.0,2024-08-25,1041.07
GC-002044,Sean Fisher,"49753 Davis Island Suite 330, Port Alden, Belmara County",Z1,Y,Masonry Veneer,1975,Homeowners,111200.0,2025-04-08,650.94
GC-002045,Amy Johnson,"406 Ross Stream, Port Alden, Belmara County",Z1,Y,Frame,1986,Commercial,1424000.0,2025-03-18,11239.5
GC-002046,Dana Roberts,"3856 Sanchez Falls Apt. 266, Port Alden, Belmara County",Z1,Y,Masonry,1985,Homeowners,251200.0,2024-09-28,1283.08
GC-002047,Miss Suzanne Lambert,"47091 Brian Gardens, Millbrook, Belmara County",Z6,N,Frame,2001,Commercial,1103900.0,2026-05-18,5308.99
GC-002048,Lauren Molina,"1199 Bass Common Apt. 815, Port Alden, Belmara County",Z1,Y,Masonry,1982,Homeowners,463600.0,2023-11-09,2394.19
GC-002049,Nicole West,"6144 West Course Suite 870, Port Alden, Belmara County",Z1,Y,Masonry,1967,Homeowners,164600.0,2025-05-14,896.59
GC-002050,Joel Silva,"682 Joy Station Apt. 565, Port Alden, Belmara County",Z1,Y,Masonry,1985,Homeowners,308300.0,2023-05-16,1574.74
GC-002051,Laurie Smith,"2330 Audrey Ferry, Cape Verrin, Belmara County",Z3,Y,Frame,1998,Homeowners,370800.0,2023-06-23,2182.72
GC-002052,Terry Wyatt MD,"398 Thompson Drives Apt. 405, Hollow Bay, Belmara County",Z5,N,Frame,1987,Homeowners,173200.0,2025-11-23,685.82
GC-002053,Shawn Patel,"47473 Andrea Villages Apt. 478, Port Alden, Belmara County",Z1,Y,Masonry Veneer,1963,Commercial,638900.0,2024-07-24,4996.49
GC-002054,Dean Evans,"03594 Garcia Summit Apt. 387, Hollow Bay, Belmara County",Z5,N,Superior (Reinforced Concrete),1981,Commercial,1261000.0,2025-02-06,4549.69
GC-002055,Sara Gay,"4774 James Ford Suite 183, Port Alden, Belmara County",Z1,Y,Masonry,2004,Homeowners,289700.0,2021-05-01,1375.99
GC-002056,Henry Brooks,"5815 Stephanie Pine Suite 217, Cape Verrin, Belmara County",Z3,Y,Masonry,1962,Homeowners,258000.0,2022-06-24,1429.66
GC-002057,Erin Mcdowell,"841 Teresa Plaza, Millbrook, Belmara County",Z6,N,Masonry,2008,Homeowners,288000.0,2024-01-03,875.52
GC-002058,Erin Aguirre,"7592 Amanda Walk, Millbrook, Belmara County",Z6,N,Masonry Veneer,2018,Homeowners,139300.0,2022-01-18,468.05
GC-002059,Daniel Patel,"003 Lori Way, Marsh Point, Belmara County",Z2,Y,Masonry,2024,Homeowners,351300.0,2023-11-26,1655.33
GC-002060,David Padilla,"2195 Garner Garden, Port Alden, Belmara County",Z1,Y,Frame,2019,Homeowners,383200.0,2021-06-29,2185.77
GC-002061,Sarah Pittman,"18527 Kenneth Corners, Ridgeview, Belmara County",Z4,N,Masonry Veneer,2002,Homeowners,188800.0,2025-07-19,644.52
GC-002062,James Gonzalez,"5530 Malik Camp, Cape Verrin, Belmara County",Z3,Y,Masonry,1991,Homeowners,347300.0,2021-10-21,1734.67
GC-002063,Robert Phillips,"8110 Ward Plaza Suite 557, Hollow Bay, Belmara County",Z5,N,Masonry,1976,Homeowners,366000.0,2021-03-29,1246.16
GC-002064,Ryan Reynolds,"4182 Donald Ridges Suite 520, Port Alden, Belmara County",Z1,Y,Frame,1983,Homeowners,277000.0,2026-05-21,1725.37
GC-002065,Michael Donovan,"61669 Andre Terrace, Cape Verrin, Belmara County",Z3,Y,Frame,1977,Commercial,714100.0,2022-01-13,5824.2
GC-002066,Sarah Acosta,"42168 Robert Parkway, Cape Verrin, Belmara County",Z3,Y,Frame,1968,Homeowners,328200.0,2022-01-02,2156.6
GC-002067,Brittany Miller,"6269 Blevins Burgs Apt. 479, Millbrook, Belmara County",Z6,N,Masonry,2010,Homeowners,241400.0,2026-04-26,733.86
GC-002068,Michelle Reese,"9325 Anderson Curve, Cape Verrin, Belmara County",Z3,Y,Masonry Veneer,1951,Homeowners,402100.0,2021-03-03,2554.85
GC-002069,Joy Warner,"00748 Gilbert Street, Cape Verrin, Belmara County",Z3,Y,Frame,1997,Commercial,735400.0,2021-12-08,5567.97
GC-002070,Robert Hawkins,"95145 Rachel Valleys, Hollow Bay, Belmara County",Z5,N,Frame,1974,Homeowners,443500.0,2024-09-17,1840.99
GC-002071,Michael Hunt,"286 Linda Cape, Ridgeview, Belmara County",Z4,N,Masonry,1982,Homeowners,431800.0,2024-03-16,1438.69
GC-002072,Allen Moody,"0654 Baker Unions, Cape Verrin, Belmara County",Z3,Y,Frame,1976,Homeowners,270200.0,2025-10-09,1726.17
GC-002073,William Church,"904 Cynthia Stream, Hollow Bay, Belmara County",Z5,N,Masonry Veneer,1987,Homeowners,376200.0,2023-01-09,1360.1
GC-002074,Erin Myers,"01655 Trujillo Forges Suite 888, Hollow Bay, Belmara County",Z5,N,Masonry,2002,Homeowners,120400.0,2023-01-08,371.87
GC-002075,Spencer Bailey,"36062 Megan Brooks, Port Alden, Belmara County",Z1,Y,Frame,2016,Commercial,1261800.0,2023-09-30,9221.55
GC-002076,Wendy Lloyd,"604 Rivas Harbor, Marsh Point, Belmara County",Z2,Y,Frame,2010,Commercial,1991200.0,2024-10-05,14552.19
GC-002077,Jillian Khan,"80351 Vincent Pike, Ridgeview, Belmara County",Z4,N,Superior (Reinforced Concrete),2005,Homeowners,247500.0,2025-08-21,636.13
GC-002078,Wanda Morris,"294 Jones Station, Marsh Point, Belmara County",Z2,Y,Frame,1993,Commercial,1880200.0,2021-11-13,14455.5
GC-002079,Debbie Lamb,"3472 Brianna Course, Hollow Bay, Belmara County",Z5,N,Masonry,1996,Homeowners,276800.0,2023-03-10,875.13
GC-002080,Jennifer Lewis,"532 Snyder Valley, Millbrook, Belmara County",Z6,N,Frame,1988,Commercial,545800.0,2022-11-16,2758.74
GC-002081,Sharon Malone,"865 Barker Drive Apt. 582, Port Alden, Belmara County",Z1,Y,Frame,1992,Homeowners,176300.0,2023-10-20,1061.93
GC-002082,Caitlin Escobar,"83235 Bobby Pass, Hollow Bay, Belmara County",Z5,N,Frame,2004,Homeowners,387000.0,2026-03-31,1435.55
GC-002083,Jessica Luna,"6780 Ramirez Unions Apt. 744, Port Alden, Belmara County",Z1,Y,Frame,1992,Homeowners,197700.0,2023-09-11,1190.83
GC-002084,Sandra Wells,"35317 Merritt Spur, Port Alden, Belmara County",Z1,Y,Masonry,2002,Homeowners,97300.0,2023-09-07,465.81
GC-002085,Erin Fuller,"8741 Janice Highway Suite 267, Ridgeview, Belmara County",Z4,N,Masonry,2015,Commercial,2541900.0,2023-05-12,9900.7
GC-002086,Bryan Goodman,"976 Cook Grove, Hollow Bay, Belmara County",Z5,N,Frame,2024,Homeowners,194100.0,2024-11-22,714.29
GC-002087,Heather Flores,"641 Alexander Rapid Suite 300, Hollow Bay, Belmara County",Z5,N,Masonry,2001,Homeowners,214500.0,2022-11-28,665.12
GC-002088,Christine Doyle,"16301 Johnston Run, Cape Verrin, Belmara County",Z3,Y,Masonry,1988,Homeowners,123200.0,2021-11-27,622.32
GC-002089,Carrie Campbell,"483 Barton Rapid, Port Alden, Belmara County",Z1,Y,Masonry,1972,Homeowners,255600.0,2021-05-17,1368.18
GC-002090,James Tran,"0180 Smith Ford Apt. 480, Marsh Point, Belmara County",Z2,Y,Masonry Veneer,2013,Homeowners,437300.0,2024-07-16,2277.46
GC-002091,Scott Harrell,"358 Ross Summit Suite 155, Ridgeview, Belmara County",Z4,N,Masonry Veneer,1980,Homeowners,547200.0,2023-10-15,2029.81
GC-002092,Jason Smith,"260 Washington Grove, Cape Verrin, Belmara County",Z3,Y,Frame,2015,Homeowners,265300.0,2021-02-02,1513.27
GC-002093,Samantha Powell,"2053 Schaefer Walk, Marsh Point, Belmara County",Z2,Y,Masonry,1950,Commercial,752800.0,2023-09-27,5562.89
GC-002094,Lori Brown,"856 Rodgers Springs, Cape Verrin, Belmara County",Z3,Y,Masonry,1982,Homeowners,246700.0,2022-08-21,1274.05
GC-002095,Jonathan Rojas,"55383 Emily Motorway, Marsh Point, Belmara County",Z2,Y,Superior (Reinforced Concrete),1976,Homeowners,310900.0,2023-09-26,1381.69
GC-002096,Francisco Taylor,"2643 Sanders Row, Millbrook, Belmara County",Z6,N,Masonry,2013,Homeowners,642200.0,2026-01-02,1952.29
GC-002097,Donna Foster,"907 Miller Tunnel Apt. 981, Marsh Point, Belmara County",Z2,Y,Frame,2000,Homeowners,255600.0,2024-06-07,1492.93
GC-002098,James Jones,"1492 Harris Courts Suite 498, Marsh Point, Belmara County",Z2,Y,Frame,1957,Homeowners,345200.0,2024-08-09,2354.95
GC-002099,Peter Wolf,"974 Wallace Keys Suite 590, Port Alden, Belmara County",Z1,Y,Masonry,1981,Homeowners,481400.0,2022-03-02,2495.19
GC-002100,Mr. Eric Salazar,"436 Sandoval Cove, Millbrook, Belmara County",Z6,N,Frame,2011,Homeowners,177900.0,2026-05-19,654.67
GC-002101,Jason Elliott,"094 Tommy Square, Ridgeview, Belmara County",Z4,N,Superior (Reinforced Concrete),1982,Homeowners,239200.0,2024-03-30,671.14
GC-002102,Sean Reed,"771 Elizabeth Creek Apt. 547, Millbrook, Belmara County",Z6,N,Masonry Veneer,1975,Homeowners,286200.0,2022-03-27,1080.87
GC-002103,Darryl Roberts,"14872 Michael Lakes Suite 856, Ridgeview, Belmara County",Z4,N,Masonry,1989,Homeowners,651300.0,2025-09-21,2114.59
GC-002104,Daniel Nelson,"1685 Mcdonald River Suite 232, Hollow Bay, Belmara County",Z5,N,Frame,1977,Homeowners,272000.0,2023-02-06,1117.07
GC-002105,Tracy Bailey,"957 Wall Lake, Cape Verrin, Belmara County",Z3,Y,Frame,2009,Homeowners,204100.0,2021-04-20,1164.19
GC-002106,Anne Ortiz,"84136 John Streets, Millbrook, Belmara County",Z6,N,Frame,1993,Homeowners,245900.0,2022-02-03,951.97
GC-002107,Rachel Little,"40714 Roman Mills Apt. 479, Port Alden, Belmara County",Z1,Y,Masonry,1991,Homeowners,371400.0,2021-04-20,1855.04
GC-002108,Robert Hoover II,"85595 April Forge Suite 456, Port Alden, Belmara County",Z1,Y,Masonry,2020,Homeowners,355900.0,2024-11-23,1677.0
GC-002109,Joel Lee,"01759 Donna Canyon Apt. 706, Port Alden, Belmara County",Z1,Y,Masonry Veneer,1957,Homeowners,272400.0,2021-03-15,1696.72
GC-002110,Richard Nelson,"8692 Edwards Courts, Port Alden, Belmara County",Z1,Y,Masonry Veneer,1985,Homeowners,572800.0,2025-12-25,3233.73
GC-002111,Michael Rodriguez,"389 Wallace Springs Apt. 536, Marsh Point, Belmara County",Z2,Y,Frame,1996,Homeowners,186300.0,2024-10-17,1105.16
GC-002112,Mr. Shawn Pope,"70722 Joseph Corner Apt. 351, Millbrook, Belmara County",Z6,N,Masonry Veneer,2000,Homeowners,211500.0,2021-07-23,727.7
GC-002113,Lisa Jones,"97427 Cantrell Forks, Cape Verrin, Belmara County",Z3,Y,Frame,1996,Homeowners,308100.0,2022-11-21,1827.7
GC-002114,Samuel Livingston,"9671 Meyer Brooks Apt. 007, Marsh Point, Belmara County",Z2,Y,Frame,1978,Homeowners,161700.0,2023-09-10,1025.64
GC-002115,Crystal Diaz,"8260 Terri Junctions Apt. 637, Port Alden, Belmara County",Z1,Y,Frame,1959,Homeowners,260800.0,2023-07-20,1767.27
GC-002116,Theresa Zimmerman,"88669 Christopher Crossroad, Port Alden, Belmara County",Z1,Y,Frame,1989,Homeowners,233100.0,2026-05-23,1420.02
GC-002117,Tina Robles,"42526 Sandra Prairie, Millbrook, Belmara County",Z6,N,Frame,2003,Homeowners,243300.0,2023-06-16,906.09
GC-002118,Martin Bradley DVM,"465 Stuart Roads Suite 653, Port Alden, Belmara County",Z1,Y,Masonry Veneer,1996,Homeowners,347200.0,2024-06-05,1880.55
GC-002119,Michael Stewart,"18185 Jason Mission Apt. 805, Hollow Bay, Belmara County",Z5,N,Frame,1995,Homeowners,331400.0,2023-03-08,1273.21
GC-002120,Daniel Petersen,"937 Palmer Tunnel, Ridgeview, Belmara County",Z4,N,Frame,1965,Homeowners,522900.0,2026-02-18,2239.85
GC-002121,Richard Ramirez,"46220 Jose Pike Apt. 335, Ridgeview, Belmara County",Z4,N,Superior (Reinforced Concrete),1985,Homeowners,157900.0,2024-04-25,438.18
GC-002122,Anthony Davis,"2836 James Pass, Ridgeview, Belmara County",Z4,N,Masonry Veneer,1983,Homeowners,223200.0,2021-08-22,818.95
GC-002123,Dr. Thomas Harrison,"90676 Teresa Freeway Suite 629, Millbrook, Belmara County",Z6,N,Masonry Veneer,2024,Commercial,960700.0,2025-12-17,4135.81
GC-002124,John Pena,"621 Thomas Haven, Port Alden, Belmara County",Z1,Y,Frame,2016,Homeowners,193000.0,2023-04-07,1100.87
GC-002125,Sarah Foster,"418 Cervantes Forges, Cape Verrin, Belmara County",Z3,Y,Frame,1972,Homeowners,224300.0,2025-01-16,1453.41
GC-002126,Stephen Lambert,"5649 Mcdonald Coves Apt. 605, Cape Verrin, Belmara County",Z3,Y,Frame,1972,Homeowners,418300.0,2024-10-27,2710.48
GC-002127,Melinda Hall,"4909 Brewer Forks, Cape Verrin, Belmara County",Z3,Y,Masonry,1990,Homeowners,245200.0,2022-11-27,1229.33
GC-002128,George Stanley,"970 Andrea Street, Port Alden, Belmara County",Z1,Y,Masonry,2017,Homeowners,261800.0,2023-05-05,1233.6
GC-002129,Kristin Garcia,"296 Best Mountain Suite 215, Marsh Point, Belmara County",Z2,Y,Frame,1996,Homeowners,90000.0,2023-11-13,533.89
GC-002130,Andrea Wright,"252 Flynn Dam Apt. 169, Port Alden, Belmara County",Z1,Y,Frame,1972,Homeowners,234000.0,2025-09-28,1516.26
GC-002131,Nicole Pierce,"4802 James Land Apt. 843, Port Alden, Belmara County",Z1,Y,Frame,1980,Homeowners,176800.0,2022-07-10,1113.35
GC-002132,Lisa Miller,"7351 Collins Glen Suite 935, Cape Verrin, Belmara County",Z3,Y,Frame,1990,Homeowners,289500.0,2024-01-03,1756.99
GC-002133,Shawn Navarro,"12833 Ashley Land Suite 990, Marsh Point, Belmara County",Z2,Y,Masonry Veneer,1998,Homeowners,288600.0,2021-06-08,1551.13
GC-002134,Gina Chang,"77170 Antonio Loop Suite 094, Port Alden, Belmara County",Z1,Y,Masonry,1979,Commercial,467500.0,2021-09-16,3127.24
GC-002135,David Cantu,"51648 Kathleen Roads Suite 337, Marsh Point, Belmara County",Z2,Y,Frame,1956,Homeowners,354800.0,2026-02-16,2428.54
GC-002136,David Avila,"7760 Paul Fork Suite 597, Port Alden, Belmara County",Z1,Y,Frame,1988,Homeowners,359100.0,2022-07-06,2195.78
GC-002137,Mary Hall,"730 Jeremiah Greens, Hollow Bay, Belmara County",Z5,N,Frame,2003,Commercial,3084400.0,2022-02-15,14717.46
GC-002138,Jennifer Poole,"7451 Kevin Harbors Apt. 947, Ridgeview, Belmara County",Z4,N,Masonry Veneer,1990,Commercial,964800.0,2021-10-14,4419.29
GC-002139,Claudia Wilson,"6054 Timothy Motorway, Cape Verrin, Belmara County",Z3,Y,Superior (Reinforced Concrete),1961,Homeowners,417300.0,2024-09-13,1953.9
GC-002140,Sarah Macdonald,"476 Daniel Center Suite 976, Hollow Bay, Belmara County",Z5,N,Masonry,1984,Homeowners,278600.0,2021-07-21,921.48
GC-002141,Jerry Roberts,"5728 Hernandez Loaf Apt. 485, Port Alden, Belmara County",Z1,Y,Masonry Veneer,1951,Homeowners,511300.0,2022-09-16,3248.68
GC-002142,William Johnson,"098 Frye Light, Marsh Point, Belmara County",Z2,Y,Frame,2007,Commercial,1076600.0,2022-01-29,7868.06
GC-002143,Hannah Butler,"9926 Jeffery Curve Suite 870, Marsh Point, Belmara County",Z2,Y,Frame,1983,Commercial,1463500.0,2021-08-22,11679.62
GC-002144,Shannon Ware,"9570 Ashley Views Suite 263, Hollow Bay, Belmara County",Z5,N,Masonry Veneer,2001,Commercial,1946500.0,2022-10-12,8547.28
GC-002145,Kevin Suarez PhD,"10735 David Ranch Suite 220, Marsh Point, Belmara County",Z2,Y,Masonry Veneer,1999,Homeowners,229900.0,2022-09-11,1230.84
GC-002146,Walter Delgado,"3233 Brett Divide, Port Alden, Belmara County",Z1,Y,Masonry,1982,Homeowners,334100.0,2022-03-26,1725.41
GC-002147,Kevin Hall,"0606 Zimmerman Springs Apt. 695, Marsh Point, Belmara County",Z2,Y,Masonry,1985,Homeowners,279300.0,2023-03-31,1426.61
GC-002148,Cheryl Kim,"2941 William Gardens Suite 006, Hollow Bay, Belmara County",Z5,N,Masonry,2002,Homeowners,493600.0,2026-01-30,1524.55
GC-002149,Deborah Schmidt,"8753 Darren Prairie Apt. 425, Marsh Point, Belmara County",Z2,Y,Frame,1976,Homeowners,303200.0,2022-05-01,1936.99
GC-002150,Eric Thomas,"3764 Michael Union, Marsh Point, Belmara County",Z2,Y,Masonry,1971,Homeowners,177400.0,2025-07-18,952.94
GC-002151,Justin Arellano,"878 Johnson Falls Apt. 392, Cape Verrin, Belmara County",Z3,Y,Frame,1980,Homeowners,292600.0,2021-04-18,1842.57
GC-002152,David Jones,"19586 Nielsen Ramp Apt. 879, Marsh Point, Belmara County",Z2,Y,Frame,1982,Commercial,1713000.0,2025-07-06,13720.86
GC-002153,Karen Gillespie,"14249 Robles Extensions Apt. 796, Millbrook, Belmara County",Z6,N,Frame,2007,Homeowners,179500.0,2023-05-05,660.56
GC-002154,Brian Smith,"88807 Andrew Common, Cape Verrin, Belmara County",Z3,Y,Masonry,1964,Homeowners,367800.0,2025-04-07,2024.23
GC-002155,Cassandra Freeman,"120 Erin Street Apt. 175, Hollow Bay, Belmara County",Z5,N,Frame,2020,Homeowners,402000.0,2025-12-18,1479.36
GC-002156,Travis Jones,"792 Brian Grove Suite 627, Port Alden, Belmara County",Z1,Y,Frame,1973,Homeowners,360400.0,2024-08-26,2327.08
GC-002157,Patrick Chan,"69744 Marcia Forks Suite 078, Cape Verrin, Belmara County",Z3,Y,Masonry Veneer,1984,Commercial,744900.0,2021-11-09,5407.94
GC-002158,Gloria Moss,"09587 Rachel Spurs, Cape Verrin, Belmara County",Z3,Y,Frame,1988,Homeowners,410800.0,2021-04-09,2511.91
GC-002159,Jennifer Mann,"0145 Levine Drives, Millbrook, Belmara County",Z6,N,Superior (Reinforced Concrete),1999,Homeowners,317500.0,2025-10-10,835.56
GC-002160,James Jones,"197 Cody Cape Apt. 967, Port Alden, Belmara County",Z1,Y,Superior (Reinforced Concrete),1992,Homeowners,164500.0,2025-03-20,689.29
GC-002161,Sarah Webb,"92519 Brandon Vista, Marsh Point, Belmara County",Z2,Y,Frame,2008,Commercial,692300.0,2021-03-27,5059.5
GC-002162,Krista Le,"32970 Johnston Vista, Marsh Point, Belmara County",Z2,Y,Superior (Reinforced Concrete),2006,Commercial,1251600.0,2022-09-14,6363.13
GC-002163,John Peterson,"158 Rocha Valleys, Ridgeview, Belmara County",Z4,N,Frame,1976,Commercial,836900.0,2026-02-22,4419.5
GC-002164,Jeffrey Clark,"49207 Rivas Mount Suite 142, Marsh Point, Belmara County",Z2,Y,Frame,1969,Homeowners,129600.0,2023-05-13,848.65
GC-002165,Robert Serrano,"62591 Heather Fall Suite 977, Marsh Point, Belmara County",Z2,Y,Masonry Veneer,2012,Homeowners,200100.0,2021-09-17,1042.12
GC-002166,Thomas Hamilton,"2443 Gonzalez Junctions Suite 978, Cape Verrin, Belmara County",Z3,Y,Masonry,2021,Homeowners,188100.0,2022-04-11,886.33
GC-002167,Larry Camacho MD,"6438 Mary Ridges, Port Alden, Belmara County",Z1,Y,Masonry,1954,Homeowners,380800.0,2024-01-12,2167.55
GC-002168,Amber Shaffer,"042 Ruiz Way Suite 000, Cape Verrin, Belmara County",Z3,Y,Frame,2003,Homeowners,214100.0,2026-01-02,1235.88
GC-002169,Alexandra Jones,"3762 Koch Lodge Suite 225, Ridgeview, Belmara County",Z4,N,Superior (Reinforced Concrete),2011,Homeowners,208000.0,2024-12-09,532.48
GC-002170,Christian Johnson,"309 Jennifer Grove Apt. 152, Millbrook, Belmara County",Z6,N,Masonry,2015,Homeowners,251300.0,2022-03-20,763.95
GC-002171,Brian Page,"26414 Choi Isle Suite 900, Port Alden, Belmara County",Z1,Y,Frame,1968,Homeowners,402000.0,2021-09-07,2641.55
GC-002172,Kelly Martinez,"59847 Martin Ports, Port Alden, Belmara County",Z1,Y,Masonry,1969,Homeowners,385000.0,2021-05-11,2082.61
GC-002173,Dana Bauer,"667 Robles Corner Suite 390, Port Alden, Belmara County",Z1,Y,Masonry Veneer,1960,Homeowners,372700.0,2023-11-10,2298.17
GC-002174,Carol Hammond,"473 Nguyen Canyon, Port Alden, Belmara County",Z1,Y,Frame,1979,Homeowners,121700.0,2025-09-26,769.15
GC-002175,Briana Hart,"064 Russell Way, Hollow Bay, Belmara County",Z5,N,Masonry Veneer,2015,Commercial,329300.0,2022-09-06,1417.64
GC-002176,Emily Thomas,"55404 Danielle Crossing Suite 979, Millbrook, Belmara County",Z6,N,Superior (Reinforced Concrete),1992,Homeowners,219200.0,2022-10-05,592.58
GC-002177,Michael Brown,"5493 Kevin Fort Suite 904, Port Alden, Belmara County",Z1,Y,Masonry,1996,Homeowners,564700.0,2025-08-01,2767.3
GC-002178,Daniel Strickland,"528 Grant Forges, Millbrook, Belmara County",Z6,N,Frame,1994,Homeowners,297000.0,2024-09-14,1145.42
GC-002179,Craig Wilcox,"30734 Wright Villages, Cape Verrin, Belmara County",Z3,Y,Frame,1991,Homeowners,263800.0,2021-05-20,1595.0
GC-002180,Amber Odom,"1224 Mahoney Brooks Suite 372, Port Alden, Belmara County",Z1,Y,Masonry,1995,Homeowners,171700.0,2026-05-05,844.65
GC-002181,David Williams,"0232 Davis Burgs, Ridgeview, Belmara County",Z4,N,Masonry,2016,Homeowners,225800.0,2023-04-20,686.43
GC-002182,Mr. Travis Nguyen,"94042 Paula Viaduct Suite 564, Millbrook, Belmara County",Z6,N,Frame,1988,Homeowners,256800.0,2023-06-13,1013.07
GC-002183,Kirk Moore,"25380 Townsend Club Apt. 350, Cape Verrin, Belmara County",Z3,Y,Frame,2014,Commercial,564800.0,2022-04-28,4127.7
GC-002184,Patrick Daniel,"419 Rodriguez Square Suite 557, Port Alden, Belmara County",Z1,Y,Frame,1965,Homeowners,208600.0,2021-08-22,1384.99
GC-002185,Stephanie Long,"82463 Mary Meadows, Cape Verrin, Belmara County",Z3,Y,Frame,2012,Homeowners,422300.0,2026-03-11,2408.8
GC-002186,Jason Bruce,"856 Leslie Branch, Cape Verrin, Belmara County",Z3,Y,Frame,1981,Homeowners,266500.0,2024-08-03,1672.13
GC-002187,April Graham,"0420 Lawson Shoals, Port Alden, Belmara County",Z1,Y,Masonry,2022,Commercial,1699300.0,2022-05-24,10259.1
GC-002188,Robert Contreras,"771 Lee Forge Suite 080, Hollow Bay, Belmara County",Z5,N,Frame,2013,Homeowners,396400.0,2024-01-06,1458.75
GC-002189,Leslie Rodriguez,"6103 Todd Passage, Millbrook, Belmara County",Z6,N,Frame,2013,Commercial,350400.0,2021-08-25,1652.14
GC-002190,Kristin Medina,"46163 Rickey Pass, Cape Verrin, Belmara County",Z3,Y,Masonry Veneer,1980,Homeowners,437500.0,2022-11-15,2515.46
GC-002191,Joseph Gomez,"9050 Cook Locks Apt. 672, Hollow Bay, Belmara County",Z5,N,Frame,2007,Homeowners,213000.0,2024-11-05,783.84
GC-002192,Alexandria Avery,"08147 Cynthia Mount Apt. 564, Cape Verrin, Belmara County",Z3,Y,Masonry,1988,Commercial,2391900.0,2023-12-12,15480.21
GC-002193,Jose Acosta,"306 Farley Pike, Port Alden, Belmara County",Z1,Y,Masonry,1997,Homeowners,235500.0,2024-03-07,1149.62
GC-002194,Lauren Hinton,"45498 Robert Common Suite 674, Port Alden, Belmara County",Z1,Y,Masonry,2007,Commercial,513900.0,2024-11-25,3102.54
GC-002195,Terri Gray,"5185 Barry Corner Suite 456, Ridgeview, Belmara County",Z4,N,Frame,2007,Homeowners,140200.0,2026-04-22,515.94
GC-002196,Michael Flynn,"43180 Clark Drive Apt. 025, Marsh Point, Belmara County",Z2,Y,Frame,2010,Homeowners,253300.0,2021-06-19,1444.82
GC-002197,Tonya Patterson,"77730 Cory Park, Cape Verrin, Belmara County",Z3,Y,Masonry,1974,Homeowners,152800.0,2025-09-09,812.15
GC-002198,Karen Vargas,"1548 Nunez Bridge, Marsh Point, Belmara County",Z2,Y,Frame,1996,Homeowners,202200.0,2024-02-21,1199.48
GC-002199,Briana Ortega,"4550 Wendy Hill, Cape Verrin, Belmara County",Z3,Y,Masonry,1981,Homeowners,219000.0,2022-01-27,1135.12
GC-002200,Amanda Holder,"998 Ashley Park, Cape Verrin, Belmara County",Z3,Y,Frame,1970,Homeowners,211900.0,2025-10-22,1382.73
GC-002201,Jimmy Meyer,"46163 James Underpass Suite 383, Port Alden, Belmara County",Z1,Y,Superior (Reinforced Concrete),1964,Homeowners,242100.0,2023-08-22,1122.04
GC-002202,Amy Johnson,"3529 Montgomery Fork, Cape Verrin, Belmara County",Z3,Y,Superior (Reinforced Concrete),1979,Homeowners,189000.0,2021-03-29,830.95
GC-002203,Mrs. Valerie Ramirez,"965 Gutierrez Loaf Apt. 897, Marsh Point, Belmara County",Z2,Y,Masonry Veneer,1990,Homeowners,373900.0,2026-04-02,2071.9
GC-002204,Heather Boyd,"25275 Brown Expressway Apt. 302, Hollow Bay, Belmara County",Z5,N,Masonry Veneer,2002,Homeowners,218100.0,2024-01-07,744.54
GC-002205,Troy Williams,"771 Michael Shoals Suite 890, Hollow Bay, Belmara County",Z5,N,Masonry,2000,Homeowners,240800.0,2024-12-12,749.6
GC-002206,Ashley Black,"051 Powell Cape, Cape Verrin, Belmara County",Z3,Y,Frame,1968,Commercial,721800.0,2024-10-30,6076.91
GC-002207,Rebecca Horn,"278 Wise Oval, Hollow Bay, Belmara County",Z5,N,Frame,2024,Homeowners,411900.0,2021-04-23,1515.79
GC-002208,Amanda Hawkins,"1527 Carr Village, Hollow Bay, Belmara County",Z5,N,Masonry,2009,Commercial,3971400.0,2024-04-09,15468.6
GC-002209,Robin Hodge,"2022 Benson Drive Suite 886, Port Alden, Belmara County",Z1,Y,Frame,2008,Homeowners,398500.0,2023-12-25,2273.04
GC-002210,Benjamin Oneill,"1450 Sherry Villages, Cape Verrin, Belmara County",Z3,Y,Frame,1986,Commercial,466400.0,2023-05-30,3681.25
GC-002211,Ashley Patel,"6914 Cassandra Gateway, Ridgeview, Belmara County",Z4,N,Frame,2007,Homeowners,308400.0,2026-01-08,1134.91
GC-002212,Jennifer Reyes,"7189 Mariah Via, Port Alden, Belmara County",Z1,Y,Masonry,1969,Commercial,529000.0,2025-06-03,3666.37
GC-002213,Rebecca Martinez,"9247 Castro Skyway Apt. 410, Ridgeview, Belmara County",Z4,N,Masonry,1984,Homeowners,200000.0,2024-04-06,661.5
GC-002214,Blake Davis,"118 Larry Junctions, Marsh Point, Belmara County",Z2,Y,Masonry,1955,Homeowners,618300.0,2026-03-03,3507.77
GC-002215,Melissa Hall,"179 Kyle Mission Apt. 856, Port Alden, Belmara County",Z1,Y,Frame,1976,Commercial,3511400.0,2026-01-19,28741.65
GC-002216,Patrick Sparks,"1487 Chad Flat Apt. 456, Ridgeview, Belmara County",Z4,N,Frame,1984,Homeowners,195900.0,2022-06-24,784.35
GC-002217,John Potts,"5794 Spencer Grove, Millbrook, Belmara County",Z6,N,Frame,2004,Homeowners,387800.0,2022-05-21,1438.52
GC-002218,Daniel Kaiser,"4999 Smith Forks Apt. 913, Hollow Bay, Belmara County",Z5,N,Masonry,1993,Homeowners,364700.0,2021-10-01,1166.34
GC-002219,Wayne Mendez,"64106 Jeffrey Meadow, Hollow Bay, Belmara County",Z5,N,Frame,1992,Homeowners,345000.0,2026-05-01,1340.7
GC-002220,Joanne Hall,"805 Schaefer Locks, Hollow Bay, Belmara County",Z5,N,Frame,2007,Homeowners,207900.0,2026-05-18,765.07
GC-002221,Michael Johnson,"965 Russell Court, Marsh Point, Belmara County",Z2,Y,Masonry Veneer,1994,Homeowners,378800.0,2022-03-26,2067.48
GC-002222,Darrell Johnson,"04748 Marshall Hills Suite 989, Port Alden, Belmara County",Z1,Y,Frame,1994,Homeowners,252000.0,2025-04-04,1506.4
GC-002223,David Jones,"361 Vanessa Motorway, Cape Verrin, Belmara County",Z3,Y,Masonry Veneer,2013,Homeowners,203200.0,2023-09-18,1058.27
GC-002224,April Jones,"75949 Lisa Via Apt. 781, Ridgeview, Belmara County",Z4,N,Frame,1974,Homeowners,257400.0,2026-01-13,1068.48
GC-002225,Stephen Ramos,"04902 Joseph Hill Apt. 559, Hollow Bay, Belmara County",Z5,N,Masonry Veneer,2006,Homeowners,265900.0,2024-04-02,893.42
GC-002226,Douglas Hall,"965 Bentley Forks Apt. 703, Port Alden, Belmara County",Z1,Y,Frame,1986,Homeowners,400600.0,2021-05-03,2467.82
GC-002227,Heather Meadows,"9992 Sims Keys, Ridgeview, Belmara County",Z4,N,Masonry,1983,Homeowners,186500.0,2026-01-25,619.12
GC-002228,James Rodriguez,"731 Robinson Port Suite 624, Ridgeview, Belmara County",Z4,N,Masonry Veneer,1991,Homeowners,452900.0,2025-03-31,1613.05
GC-002229,Michelle Hernandez,"858 Hodge Shore, Ridgeview, Belmara County",Z4,N,Masonry,2000,Homeowners,280800.0,2025-02-01,874.12
GC-002230,Marc Glenn,"714 Vickie Garden Suite 931, Marsh Point, Belmara County",Z2,Y,Superior (Reinforced Concrete),2008,Commercial,727100.0,2021-03-14,3696.58
GC-002231,Karen Lynch,"60558 Tim Forks Suite 792, Marsh Point, Belmara County",Z2,Y,Masonry,1978,Homeowners,167400.0,2022-10-10,877.13
GC-002232,Mitchell Price,"69893 Christensen Lock Suite 639, Millbrook, Belmara County",Z6,N,Frame,2018,Homeowners,317100.0,2021-02-01,1166.93
GC-002233,Linda Smith,"557 Melanie Fort Apt. 427, Port Alden, Belmara County",Z1,Y,Frame,2024,Homeowners,267900.0,2025-05-25,1528.1
GC-002234,Vickie Ramsey,"9255 Cassandra Walk Apt. 509, Port Alden, Belmara County",Z1,Y,Frame,2011,Homeowners,209000.0,2021-01-17,1192.14
GC-002235,Jean Brown,"110 Lisa Manors, Port Alden, Belmara County",Z1,Y,Frame,1985,Homeowners,253600.0,2026-02-10,1568.04
GC-002236,Benjamin Richards,"449 Donald Corners, Cape Verrin, Belmara County",Z3,Y,Frame,1981,Homeowners,119000.0,2025-08-16,746.65
GC-002237,April Chambers,"384 Collier Road, Millbrook, Belmara County",Z6,N,Masonry,2008,Homeowners,220900.0,2023-09-06,671.54
GC-002238,Michael Clements,"2331 Joseph Greens Apt. 773, Ridgeview, Belmara County",Z4,N,Frame,2024,Homeowners,324700.0,2024-09-14,1194.9
GC-002239,Jennifer Santana,"6192 Vanessa Trail Apt. 206, Hollow Bay, Belmara County",Z5,N,Frame,1994,Homeowners,140200.0,2025-06-13,540.7
GC-002240,Brad Acosta,"1761 Maria Drives Apt. 641, Marsh Point, Belmara County",Z2,Y,Masonry Veneer,1969,Homeowners,397300.0,2021-11-20,2375.37
GC-002241,Jessica Allen,"9916 Hamilton Bridge, Ridgeview, Belmara County",Z4,N,Masonry,2007,Homeowners,307500.0,2022-02-27,934.8
GC-002242,Brittany Harrington,"932 Taylor Place, Cape Verrin, Belmara County",Z3,Y,Masonry,1958,Commercial,4673200.0,2022-06-22,33630.23
GC-002243,Stephen Trujillo,"26937 Jacobs Road Suite 225, Millbrook, Belmara County",Z6,N,Frame,2002,Homeowners,337700.0,2026-03-29,1262.62
GC-002244,Lucas Gill,"8436 Hunter Well Apt. 143, Millbrook, Belmara County",Z6,N,Frame,1984,Commercial,954100.0,2023-06-04,4894.46
GC-002245,Jeffery Johnson,"8771 Stewart Keys, Cape Verrin, Belmara County",Z3,Y,Frame,2009,Commercial,803500.0,2026-01-16,5872.18
GC-002246,Mary Benson,"278 Hickman Center Apt. 591, Port Alden, Belmara County",Z1,Y,Frame,2001,Homeowners,323300.0,2023-12-08,1880.99
GC-002247,Alexis Blair,"72162 Foster Brooks Apt. 235, Cape Verrin, Belmara County",Z3,Y,Masonry Veneer,1982,Homeowners,206500.0,2021-03-23,1178.7
GC-002248,Andrea Hogan,"559 Mcdonald Forks, Ridgeview, Belmara County",Z4,N,Masonry Veneer,2024,Homeowners,503500.0,2025-10-04,1691.76
GC-002249,Tracy Hogan,"579 Gallagher Cliff, Port Alden, Belmara County",Z1,Y,Frame,2009,Homeowners,686100.0,2025-10-01,3913.51
GC-002250,Maria Thomas,"1117 Vanessa Motorway Apt. 386, Millbrook, Belmara County",Z6,N,Frame,2023,Homeowners,207300.0,2025-05-06,762.86
GC-002251,Henry Rosario,"1125 Cross Estates Apt. 300, Cape Verrin, Belmara County",Z3,Y,Masonry,1975,Homeowners,438600.0,2023-02-03,2322.95
GC-002252,Heather Huber,"829 Courtney Route, Marsh Point, Belmara County",Z2,Y,Masonry,1984,Homeowners,422400.0,2024-01-07,2165.5
GC-002253,Kayla Walker,"07883 George Mill, Marsh Point, Belmara County",Z2,Y,Frame,1980,Commercial,448300.0,2023-05-05,3617.02
GC-002254,Jeffery Gomez,"522 Thomas Avenue Apt. 970, Port Alden, Belmara County",Z1,Y,Frame,2004,Homeowners,553500.0,2025-03-26,3182.42
GC-002255,Brenda Harrison,"2796 Crystal Islands, Millbrook, Belmara County",Z6,N,Frame,1998,Homeowners,156000.0,2022-12-04,592.45
GC-002256,Mario Cross,"1005 Antonio Crescent Suite 842, Hollow Bay, Belmara County",Z5,N,Masonry Veneer,1977,Homeowners,344600.0,2022-03-19,1292.17
GC-002257,Shawn Clark,"36072 John Camp, Cape Verrin, Belmara County",Z3,Y,Masonry Veneer,1973,Homeowners,239200.0,2024-11-20,1410.19
GC-002258,Matthew Hall,"424 Wendy Isle, Hollow Bay, Belmara County",Z5,N,Superior (Reinforced Concrete),1979,Homeowners,210900.0,2026-05-23,598.21
GC-002259,Laura Hooper,"091 Fletcher Forges, Marsh Point, Belmara County",Z2,Y,Masonry Veneer,1969,Homeowners,719600.0,2022-12-31,4302.33
GC-002260,Ryan Mueller,"740 Jamie Alley Suite 544, Ridgeview, Belmara County",Z4,N,Frame,1996,Homeowners,432400.0,2025-09-14,1654.88
GC-002261,Albert Garcia,"9700 Roberts Street Suite 801, Port Alden, Belmara County",Z1,Y,Masonry,2004,Homeowners,338400.0,2024-05-10,1607.3
GC-002262,Matthew Burns,"96280 Kenneth Crest Suite 050, Marsh Point, Belmara County",Z2,Y,Frame,1975,Homeowners,321000.0,2023-11-05,2058.03
GC-002263,Tracey Russell,"31525 Moore Gardens Apt. 280, Cape Verrin, Belmara County",Z3,Y,Masonry,2014,Homeowners,389800.0,2022-07-15,1836.74
GC-002264,Ryan Lee,"743 Morse Streets Apt. 476, Ridgeview, Belmara County",Z4,N,Frame,2024,Commercial,2465300.0,2021-01-29,11623.89
GC-002265,Gerald Berg,"501 Darrell Isle, Ridgeview, Belmara County",Z4,N,Frame,2012,Homeowners,234600.0,2022-11-25,863.33
GC-002266,Ruth Flores,"77888 Richard Forges Apt. 748, Ridgeview, Belmara County",Z4,N,Masonry,2015,Homeowners,272700.0,2024-12-01,829.01
GC-002267,Tracy Smith,"809 Wilson Plains Suite 142, Port Alden, Belmara County",Z1,Y,Masonry,1996,Homeowners,476200.0,2024-03-25,2333.61
GC-002268,William Robinson,"459 Brandon Street Suite 967, Millbrook, Belmara County",Z6,N,Masonry,2005,Commercial,987000.0,2025-08-10,3859.74
GC-002269,Jon Lawson,"37983 Jeanne Trace, Cape Verrin, Belmara County",Z3,Y,Frame,1973,Homeowners,149200.0,2025-07-06,963.37
GC-002270,Jason Thomas,"1160 Faulkner Ports Suite 015, Marsh Point, Belmara County",Z2,Y,Masonry Veneer,1977,Homeowners,280700.0,2021-08-26,1631.46
GC-002271,Tracey White,"68960 Rose Flat, Cape Verrin, Belmara County",Z3,Y,Masonry,2012,Homeowners,279900.0,2024-08-09,1318.89
GC-002272,Jeffrey Goodman,"898 Adrian Park, Port Alden, Belmara County",Z1,Y,Superior (Reinforced Concrete),2005,Homeowners,407600.0,2022-10-25,1623.83
GC-002273,Steven Yang,"997 Steven Roads, Hollow Bay, Belmara County",Z5,N,Frame,2011,Homeowners,281000.0,2024-08-19,1034.08
GC-002274,Erin Long,"38788 Khan Drive, Hollow Bay, Belmara County",Z5,N,Frame,1991,Homeowners,219700.0,2023-06-10,857.01
GC-002275,Morgan Richmond,"184 Tanya Mountain Suite 309, Millbrook, Belmara County",Z6,N,Masonry Veneer,1995,Homeowners,434600.0,2022-12-26,1524.51
GC-002276,Aaron Young,"994 Edwards Spur Suite 441, Millbrook, Belmara County",Z6,N,Superior (Reinforced Concrete),1992,Homeowners,349600.0,2021-03-29,945.09
GC-002277,Amanda Powell,"626 Mitchell Fort, Millbrook, Belmara County",Z6,N,Masonry,1988,Homeowners,213800.0,2022-01-09,696.75
GC-002278,Jesse Gomez,"604 Matthew Run, Millbrook, Belmara County",Z6,N,Masonry Veneer,1994,Homeowners,258600.0,2025-02-13,910.6
GC-002279,Christine Carr,"907 Cox Walk Suite 783, Millbrook, Belmara County",Z6,N,Masonry,1988,Commercial,311300.0,2023-03-07,1299.81
GC-002280,Kathleen Butler,"7843 Byrd Overpass, Port Alden, Belmara County",Z1,Y,Frame,1971,Homeowners,198400.0,2021-08-30,1290.11
GC-002281,Melissa Brown,"177 Davis Spur Apt. 500, Port Alden, Belmara County",Z1,Y,Superior (Reinforced Concrete),2012,Homeowners,279600.0,2026-01-19,1109.45
GC-002282,Joseph Hughes Jr.,"85403 Riley Radial, Port Alden, Belmara County",Z1,Y,Superior (Reinforced Concrete),1987,Homeowners,523400.0,2021-10-23,2234.69
GC-002283,Beverly Spencer,"231 Sarah Springs, Port Alden, Belmara County",Z1,Y,Masonry,1999,Commercial,268700.0,2021-09-16,1667.63
GC-002284,Emily Moore,"5149 Moore Ranch, Hollow Bay, Belmara County",Z5,N,Masonry Veneer,1997,Homeowners,370600.0,2022-03-11,1290.04
GC-002285,Chelsea Schmitt,"7714 Sparks Isle, Port Alden, Belmara County",Z1,Y,Superior (Reinforced Concrete),1975,Homeowners,200400.0,2022-03-06,893.79
GC-002286,Lauren Page,"5702 Blake Crescent Suite 413, Marsh Point, Belmara County",Z2,Y,Frame,1979,Homeowners,312400.0,2023-04-07,1974.38
GC-002287,Eric Giles,"476 Katie Coves Apt. 912, Port Alden, Belmara County",Z1,Y,Masonry Veneer,1993,Homeowners,189500.0,2024-06-29,1038.24
GC-002288,Nicholas Floyd,"0761 Gary Drive Apt. 056, Cape Verrin, Belmara County",Z3,Y,Superior (Reinforced Concrete),2013,Homeowners,267500.0,2024-09-19,1061.44
GC-002289,Jason Neal,"045 Nguyen Junctions, Marsh Point, Belmara County",Z2,Y,Frame,1956,Commercial,1238700.0,2023-12-26,10863.28
GC-002290,Amber Montes,"560 Jimenez Trafficway, Marsh Point, Belmara County",Z2,Y,Frame,1960,Homeowners,355200.0,2022-10-12,2398.86
GC-002291,Rebecca Collins,"27639 Jose View, Port Alden, Belmara County",Z1,Y,Superior (Reinforced Concrete),1981,Homeowners,445500.0,2025-08-07,1944.52
GC-002292,Allen Thompson,"9626 Isaiah Spur, Marsh Point, Belmara County",Z2,Y,Masonry,1986,Homeowners,142700.0,2024-02-16,726.19
GC-002293,Antonio Wallace,"061 Mejia Camp Suite 701, Millbrook, Belmara County",Z6,N,Frame,2001,Homeowners,496700.0,2023-12-06,1864.41
GC-002294,Megan Thompson,"93449 Stephen Rapid, Marsh Point, Belmara County",Z2,Y,Masonry,2018,Homeowners,252900.0,2024-06-04,1191.66
GC-002295,Christopher Wilson,"183 Kari Viaduct, Millbrook, Belmara County",Z6,N,Frame,2003,Commercial,938000.0,2021-06-14,4475.74
GC-002296,Nicholas Wyatt,"929 Logan Ridge, Cape Verrin, Belmara County",Z3,Y,Superior (Reinforced Concrete),1982,Commercial,792100.0,2023-03-12,4413.63
GC-002297,Aaron Rogers,"1226 Michelle Points, Marsh Point, Belmara County",Z2,Y,Masonry,2012,Homeowners,287700.0,2024-05-29,1355.64
GC-002298,Charles Hall,"4270 Mitchell Points Suite 788, Marsh Point, Belmara County",Z2,Y,Masonry Veneer,2004,Homeowners,469000.0,2023-12-18,2462.09
GC-002299,Rachel Macdonald,"63228 Susan Expressway, Millbrook, Belmara County",Z6,N,Frame,2010,Homeowners,130800.0,2025-11-17,481.34
GC-002300,Kenneth Brown,"6658 Taylor Groves Suite 609, Millbrook, Belmara County",Z6,N,Frame,2000,Homeowners,205500.0,2025-07-22,774.39
GC-002301,Michael Smith,"7245 Michael Forge Suite 874, Marsh Point, Belmara County",Z2,Y,Frame,1988,Homeowners,174500.0,2023-10-29,1067.01
GC-002302,Joshua Herrera,"0946 Mendoza Mount, Marsh Point, Belmara County",Z2,Y,Superior (Reinforced Concrete),1999,Homeowners,183300.0,2022-01-04,747.7
GC-002303,Amy Hamilton,"889 Ashley Drives, Ridgeview, Belmara County",Z4,N,Masonry,2003,Homeowners,332100.0,2026-04-15,1021.7
GC-002304,Brittney Boyd,"261 Scott Mill, Port Alden, Belmara County",Z1,Y,Superior (Reinforced Concrete),1981,Homeowners,224300.0,2025-09-29,979.02
GC-002305,Glenn Glenn,"860 Hughes Stravenue, Ridgeview, Belmara County",Z4,N,Masonry,2018,Homeowners,90100.0,2022-02-07,273.9
GC-002306,Jose Norton,"664 Montes Ports, Hollow Bay, Belmara County",Z5,N,Frame,2014,Homeowners,306200.0,2025-05-24,1126.82
GC-002307,Makayla Thomas,"24285 Tonya Spring, Hollow Bay, Belmara County",Z5,N,Frame,2009,Homeowners,262300.0,2022-10-24,965.26
GC-002308,Angela Ross,"99198 Hawkins Pike, Port Alden, Belmara County",Z1,Y,Frame,1991,Homeowners,175900.0,2026-01-14,1063.53
GC-002309,Timothy Wilson,"867 Michael Canyon, Ridgeview, Belmara County",Z4,N,Frame,1982,Homeowners,363300.0,2025-09-01,1465.29
GC-002310,Matthew Ramsey,"4043 Roger Plaza, Ridgeview, Belmara County",Z4,N,Frame,2016,Homeowners,387400.0,2024-01-11,1425.63
GC-002311,Monique Harper,"246 Elizabeth Islands Apt. 109, Hollow Bay, Belmara County",Z5,N,Frame,1997,Homeowners,343100.0,2021-10-01,1308.06
GC-002312,Amber Harrison,"8502 Nathan Drive, Millbrook, Belmara County",Z6,N,Frame,2016,Commercial,250000.0,2024-06-12,1178.75
GC-002313,Dylan Wells,"920 Alexander Spring, Ridgeview, Belmara County",Z4,N,Frame,2005,Homeowners,216700.0,2022-09-30,800.65
GC-002314,Steven Ruiz,"7539 Morris Way Suite 442, Port Alden, Belmara County",Z1,Y,Frame,1964,Homeowners,488600.0,2021-02-02,3255.19
GC-002315,James Gregory,"204 Richard Creek Suite 374, Hollow Bay, Belmara County",Z5,N,Superior (Reinforced Concrete),1979,Homeowners,692100.0,2022-02-03,1963.13
GC-002316,Ricky Frazier,"33793 Clarke Underpass Suite 997, Millbrook, Belmara County",Z6,N,Masonry Veneer,1978,Homeowners,294100.0,2023-07-19,1098.85
GC-002317,Brian Lowe,"85571 Turner Shoals Apt. 584, Hollow Bay, Belmara County",Z5,N,Masonry Veneer,1982,Homeowners,562000.0,2025-05-16,2069.6
GC-002318,Jeanne Hicks,"9908 Jason Viaduct Suite 862, Port Alden, Belmara County",Z1,Y,Frame,1972,Commercial,602600.0,2023-09-12,5002.89
GC-002319,Andrew Kelly,"5099 Clark Green Suite 352, Ridgeview, Belmara County",Z4,N,Masonry Veneer,2005,Homeowners,196300.0,2026-05-27,662.21
GC-002320,Nancy Rodriguez,"08518 Jenkins Manors, Cape Verrin, Belmara County",Z3,Y,Frame,2004,Homeowners,242400.0,2026-04-09,1393.71
GC-002321,Lisa Barnett,"321 Michael Ports Suite 183, Cape Verrin, Belmara County",Z3,Y,Frame,1996,Homeowners,253200.0,2021-07-14,1502.02
GC-002322,Matthew Cummings,"480 Nicole Drive, Ridgeview, Belmara County",Z4,N,Masonry,2021,Homeowners,139700.0,2025-02-15,424.69
GC-002323,Jennifer Moore,"205 Phillips Views Apt. 987, Millbrook, Belmara County",Z6,N,Superior (Reinforced Concrete),2013,Homeowners,444700.0,2025-07-31,1138.43
GC-002324,Kimberly Garcia,"47498 Griffin Lights, Cape Verrin, Belmara County",Z3,Y,Masonry,1986,Homeowners,363400.0,2025-06-26,1849.33
GC-002325,Christopher Wright,"78472 Jose Common Suite 275, Marsh Point, Belmara County",Z2,Y,Frame,1995,Homeowners,157600.0,2021-10-06,938.5
GC-002326,Rhonda Cooper,"267 Harvey Parkway, Port Alden, Belmara County",Z1,Y,Masonry,1983,Homeowners,798500.0,2023-05-01,4108.68
GC-002327,Lisa Lawrence,"5445 Stephenson Trace Suite 134, Millbrook, Belmara County",Z6,N,Frame,2022,Homeowners,334900.0,2023-04-07,1232.43
GC-002328,Thomas Howe,"936 Hayley Rapids, Port Alden, Belmara County",Z1,Y,Frame,1950,Homeowners,144300.0,2025-01-01,1007.46
GC-002329,Michael Cook,"934 Huang Path, Port Alden, Belmara County",Z1,Y,Frame,1977,Homeowners,256400.0,2022-06-19,1632.16
GC-002330,Ashley Pittman,"7936 Russell Cliff Suite 686, Ridgeview, Belmara County",Z4,N,Masonry,1987,Homeowners,170600.0,2022-10-09,558.04
GC-002331,Carlos Dorsey,"0659 Stone Way, Marsh Point, Belmara County",Z2,Y,Masonry Veneer,2011,Homeowners,278200.0,2022-07-16,1448.87
GC-002332,David Gray,"274 John Forest, Hollow Bay, Belmara County",Z5,N,Frame,1998,Homeowners,423100.0,2022-11-16,1606.83
GC-002333,Toni Thompson,"86244 Brennan Knoll Suite 311, Millbrook, Belmara County",Z6,N,Superior (Reinforced Concrete),2015,Homeowners,218000.0,2022-11-11,558.08
GC-002334,Billy Stephens,"8287 Rebecca Mall, Marsh Point, Belmara County",Z2,Y,Masonry Veneer,1977,Homeowners,437700.0,2026-04-24,2543.97
GC-002335,Michael Evans,"663 Hamilton Station Suite 180, Marsh Point, Belmara County",Z2,Y,Masonry,1997,Commercial,785500.0,2021-08-10,4912.98
GC-002336,Scott Becker,"2128 Reynolds Canyon, Ridgeview, Belmara County",Z4,N,Frame,2008,Homeowners,562100.0,2026-03-04,2068.53
GC-002337,Emily Farley,"9984 Amanda Estate Suite 705, Port Alden, Belmara County",Z1,Y,Masonry Veneer,1953,Homeowners,353000.0,2025-05-01,2228.17
GC-002338,David Santiago,"887 Laura Throughway, Ridgeview, Belmara County",Z4,N,Masonry,2004,Homeowners,366600.0,2025-09-28,1123.38
GC-002339,Christine Moore,"66864 Kristin Well, Port Alden, Belmara County",Z1,Y,Frame,2004,Homeowners,158800.0,2021-05-29,913.04
GC-002340,Kimberly Taylor,"72876 Jennifer Drive Apt. 877, Hollow Bay, Belmara County",Z5,N,Masonry,2002,Homeowners,160500.0,2021-12-05,495.73
GC-002341,Sandra Kim,"062 Madison Grove, Hollow Bay, Belmara County",Z5,N,Frame,1980,Homeowners,267000.0,2022-02-19,1084.75
GC-002342,Hannah Berg,"3562 Stephanie Curve Suite 700, Marsh Point, Belmara County",Z2,Y,Masonry,2012,Homeowners,174900.0,2025-10-20,824.13
GC-002343,Daniel Schmidt,"02732 Andrea Via Suite 042, Cape Verrin, Belmara County",Z3,Y,Frame,2017,Homeowners,277500.0,2021-07-25,1582.86
GC-002344,Amanda Acosta,"5546 Tina Underpass, Cape Verrin, Belmara County",Z3,Y,Masonry,1969,Homeowners,450200.0,2022-08-15,2435.3
GC-002345,Thomas Ellis,"1167 Michael Prairie, Marsh Point, Belmara County",Z2,Y,Frame,1993,Homeowners,355600.0,2025-06-25,2133.82
GC-002346,Richard Mitchell,"86569 Kenneth Harbors Suite 673, Cape Verrin, Belmara County",Z3,Y,Masonry,2013,Homeowners,468400.0,2022-04-19,2207.1
GC-002347,Michael Hanson,"248 Bell Mountain, Cape Verrin, Belmara County",Z3,Y,Superior (Reinforced Concrete),1992,Homeowners,244400.0,2024-01-02,1024.09
GC-002348,Jessica Smith,"39459 Haley Manor Suite 076, Millbrook, Belmara County",Z6,N,Masonry,1994,Homeowners,304100.0,2022-03-11,968.84
GC-002349,Justin Morris,"20339 Heather Garden, Millbrook, Belmara County",Z6,N,Frame,1986,Homeowners,242200.0,2024-05-12,962.6
GC-002350,Kathy Davis,"83356 Luke Plaza Apt. 080, Port Alden, Belmara County",Z1,Y,Masonry,1981,Homeowners,389200.0,2022-03-16,2017.3
GC-002351,Holly Robinson,"3567 David Shoal Suite 728, Port Alden, Belmara County",Z1,Y,Superior (Reinforced Concrete),1993,Homeowners,289300.0,2024-03-07,1207.64
GC-002352,Andrea Flores,"9695 Terry Prairie Suite 575, Cape Verrin, Belmara County",Z3,Y,Frame,1996,Homeowners,277100.0,2025-05-04,1643.8
GC-002353,Lisa Wood,"55362 Scott Hills Suite 418, Port Alden, Belmara County",Z1,Y,Frame,1950,Homeowners,246900.0,2023-03-22,1723.78
GC-002354,Gregory Martin,"52078 Kimberly Club Suite 511, Port Alden, Belmara County",Z1,Y,Frame,2002,Homeowners,415900.0,2026-04-19,2410.25
GC-002355,Michelle Davis,"4452 Linda Canyon Apt. 769, Port Alden, Belmara County",Z1,Y,Masonry,1964,Homeowners,204100.0,2022-11-22,1123.29
GC-002356,Julie Johnson,"0353 Jennifer Course, Millbrook, Belmara County",Z6,N,Frame,2009,Homeowners,240200.0,2026-03-14,883.94
GC-002357,Nancy Mitchell,"29363 Schneider Underpass Apt. 941, Port Alden, Belmara County",Z1,Y,Masonry,2005,Homeowners,327300.0,2021-03-02,1548.41
GC-002358,Mitchell Carson,"2579 Aguilar Circle, Millbrook, Belmara County",Z6,N,Frame,2024,Homeowners,701400.0,2025-09-27,2581.15
GC-002359,Diane Roth,"23254 Smith Plaza Apt. 134, Ridgeview, Belmara County",Z4,N,Masonry,1984,Homeowners,462100.0,2024-08-03,1528.4
GC-002360,Monica Hall,"1339 Holt Mountain Suite 861, Port Alden, Belmara County",Z1,Y,Masonry Veneer,1986,Homeowners,304400.0,2025-02-25,1712.14
GC-002361,David Weiss,"20291 Wayne Fork, Cape Verrin, Belmara County",Z3,Y,Frame,1981,Homeowners,256700.0,2022-08-12,1610.64
GC-002362,Dylan Villarreal,"98908 Beth Springs, Hollow Bay, Belmara County",Z5,N,Frame,1999,Commercial,2186300.0,2021-08-31,10597.04
GC-002363,Robert Moore,"199 William Cliff, Marsh Point, Belmara County",Z2,Y,Frame,1976,Commercial,1832400.0,2024-12-03,14998.63
GC-002364,Cheryl Long,"72366 Brown Hills, Cape Verrin, Belmara County",Z3,Y,Masonry Veneer,2011,Homeowners,270100.0,2021-12-09,1406.68
GC-002365,Michelle Dominguez,"1038 Christine Parkways, Port Alden, Belmara County",Z1,Y,Masonry Veneer,1975,Homeowners,116700.0,2024-02-22,683.14
GC-002366,Karen Johnson,"33203 Cisneros Greens, Cape Verrin, Belmara County",Z3,Y,Frame,1967,Homeowners,226300.0,2024-06-28,1492.18
GC-002367,Jessica Rubio,"8765 Margaret Park, Cape Verrin, Belmara County",Z3,Y,Masonry,1973,Commercial,691100.0,2026-01-05,4723.09
GC-002368,Paul Hernandez,"31631 Johnson Flat Suite 811, Ridgeview, Belmara County",Z4,N,Masonry,2024,Homeowners,228700.0,2022-04-10,695.25
GC-002369,Sarah Garner,"7039 Heath Ford, Millbrook, Belmara County",Z6,N,Masonry,1990,Homeowners,161900.0,2025-10-26,523.68
GC-002370,James Murray,"9946 Sanders Rapids, Hollow Bay, Belmara County",Z5,N,Masonry Veneer,2000,Homeowners,260500.0,2025-06-15,896.29
GC-002371,Mike Hatfield,"70071 Mills Branch, Cape Verrin, Belmara County",Z3,Y,Frame,1955,Homeowners,129300.0,2024-01-09,887.98
GC-002372,Lauren Delacruz,"0863 Ian Hills, Port Alden, Belmara County",Z1,Y,Frame,1976,Homeowners,207700.0,2025-02-17,1326.89
GC-002373,Andre Goodwin,"744 Cindy Run Apt. 375, Cape Verrin, Belmara County",Z3,Y,Masonry,1995,Homeowners,304800.0,2021-03-15,1499.41
GC-002374,Abigail Lane,"85825 Newton Knolls, Port Alden, Belmara County",Z1,Y,Frame,1988,Homeowners,259600.0,2024-05-30,1587.37
GC-002375,Seth Lewis,"603 Stone Expressway, Millbrook, Belmara County",Z6,N,Frame,1978,Homeowners,192100.0,2023-05-09,786.1
GC-002376,Cynthia Simpson,"736 Dustin Garden, Ridgeview, Belmara County",Z4,N,Masonry,2014,Homeowners,265100.0,2023-04-26,805.9
GC-002377,Amanda Neal,"7584 Fisher Union Suite 867, Cape Verrin, Belmara County",Z3,Y,Superior (Reinforced Concrete),1974,Homeowners,113100.0,2022-02-08,506.22
GC-002378,Deborah Long,"20631 Cook Extension Suite 760, Millbrook, Belmara County",Z6,N,Masonry Veneer,2014,Homeowners,463600.0,2022-03-10,1557.7
GC-002379,Ian Turner,"44157 Amy Squares, Cape Verrin, Belmara County",Z3,Y,Frame,1971,Homeowners,245100.0,2026-02-21,1593.78
GC-002380,Daniel Gray,"68611 Hughes Burgs, Port Alden, Belmara County",Z1,Y,Frame,1976,Homeowners,394300.0,2021-07-23,2518.98
GC-002381,Sherry Jones,"0555 Gray Keys, Millbrook, Belmara County",Z6,N,Masonry Veneer,2013,Homeowners,334500.0,2022-05-20,1123.92
GC-002382,Casey Sanders,"8437 Davis Grove, Marsh Point, Belmara County",Z2,Y,Masonry Veneer,1979,Commercial,2505300.0,2023-07-22,18522.7
GC-002383,Christina Wiley,"545 Craig Turnpike Suite 003, Ridgeview, Belmara County",Z4,N,Masonry Veneer,2012,Commercial,1117300.0,2021-03-07,4809.98
GC-002384,Sarah Davis DVM,"72386 Meadows Spur, Hollow Bay, Belmara County",Z5,N,Masonry,1979,Homeowners,278200.0,2025-08-31,937.07
GC-002385,Brett Vincent,"368 Amanda Shoals Apt. 957, Marsh Point, Belmara County",Z2,Y,Frame,1994,Homeowners,325700.0,2023-08-03,1946.97
GC-002386,Richard Lee,"991 Vega Lake, Marsh Point, Belmara County",Z2,Y,Masonry,1999,Homeowners,359700.0,2025-11-23,1742.36
GC-002387,Brian Lopez,"34848 Lopez Summit Suite 700, Ridgeview, Belmara County",Z4,N,Masonry,2011,Homeowners,288000.0,2021-04-22,875.52
GC-002388,Carrie Tucker,"951 Shepherd Ranch Suite 449, Marsh Point, Belmara County",Z2,Y,Masonry,1999,Homeowners,248400.0,2023-10-01,1203.23
GC-002389,Jessica Murphy,"75627 Jackson Avenue, Cape Verrin, Belmara County",Z3,Y,Frame,1990,Homeowners,232900.0,2021-12-02,1413.48
GC-002390,Ashley Rasmussen,"734 Murray Shore, Marsh Point, Belmara County",Z2,Y,Masonry,1992,Homeowners,194700.0,2023-12-11,968.8
GC-002391,Melissa Flores,"51638 Madeline Manors, Cape Verrin, Belmara County",Z3,Y,Frame,1995,Homeowners,446500.0,2025-06-13,2658.9
GC-002392,Nicholas Obrien,"001 Smith Point, Cape Verrin, Belmara County",Z3,Y,Masonry,1983,Homeowners,200600.0,2025-10-22,1032.19
GC-002393,Ashley Vega,"576 Joan Garden Apt. 494, Marsh Point, Belmara County",Z2,Y,Masonry,1987,Homeowners,159600.0,2022-02-27,809.19
GC-002394,Ann Mccall,"35528 Danielle Orchard Apt. 875, Port Alden, Belmara County",Z1,Y,Masonry Veneer,1983,Homeowners,370500.0,2025-04-16,2107.08
GC-002395,Mary Berry,"302 Mcclure Lane, Marsh Point, Belmara County",Z2,Y,Frame,1991,Homeowners,302000.0,2022-01-19,1825.96
GC-002396,Jesus Dawson,"58821 Moyer Spring, Hollow Bay, Belmara County",Z5,N,Frame,2013,Homeowners,256800.0,2021-12-25,945.02
GC-002397,Rachel Ramirez,"9116 Charles Locks, Port Alden, Belmara County",Z1,Y,Frame,2024,Homeowners,288700.0,2026-01-13,1646.74
GC-002398,James Banks,"830 Cox Hollow, Marsh Point, Belmara County",Z2,Y,Frame,1984,Homeowners,263700.0,2026-04-01,1636.51
GC-002399,Randall Marks,"88523 Cooke Skyway Suite 487, Millbrook, Belmara County",Z6,N,Frame,2005,Commercial,2001700.0,2022-01-17,9475.77
GC-002400,Anthony Castro,"253 Matthew Court, Port Alden, Belmara County",Z1,Y,Masonry Veneer,1982,Homeowners,431200.0,2021-11-02,2461.28
GC-002401,Paul Acosta,"226 Armstrong Prairie, Hollow Bay, Belmara County",Z5,N,Frame,2014,Homeowners,258500.0,2025-10-26,951.28
GC-002402,Jason Sullivan,"86538 Maria Rue, Port Alden, Belmara County",Z1,Y,Frame,1985,Homeowners,208800.0,2024-01-26,1291.04
GC-002403,Julia Ortiz MD,"00370 Sergio Valleys, Port Alden, Belmara County",Z1,Y,Frame,1978,Homeowners,177200.0,2024-10-09,1123.95
GC-002404,Joseph Brown,"693 Benjamin Union Apt. 983, Port Alden, Belmara County",Z1,Y,Masonry,2012,Homeowners,222500.0,2024-08-20,1048.42
GC-002405,Devon Moore,"4876 Christina Key Apt. 744, Hollow Bay, Belmara County",Z5,N,Masonry Veneer,1998,Homeowners,262500.0,2022-12-06,910.22
GC-002406,Jennifer Alexander,"6541 Wayne Mission Suite 779, Millbrook, Belmara County",Z6,N,Frame,2002,Commercial,1569000.0,2023-11-01,7516.2
GC-002407,Scott Drake,"5220 Samuel Fall, Port Alden, Belmara County",Z1,Y,Frame,2005,Homeowners,244800.0,2026-02-10,1401.92
GC-002408,William Perez,"64525 Walker Branch, Cape Verrin, Belmara County",Z3,Y,Superior (Reinforced Concrete),2013,Commercial,892600.0,2025-12-08,4537.98
GC-002409,Michelle Johnson,"0635 Ryan Junctions Apt. 247, Marsh Point, Belmara County",Z2,Y,Masonry,1997,Homeowners,90700.0,2024-01-21,442.76
GC-002410,John Martinez,"837 Bryan Union Suite 366, Hollow Bay, Belmara County",Z5,N,Masonry,2005,Homeowners,284300.0,2022-12-04,867.73
GC-002411,Christine Taylor,"34228 Terry Estate Apt. 723, Hollow Bay, Belmara County",Z5,N,Masonry,1978,Homeowners,342900.0,2023-03-09,1159.17
GC-002412,Christopher Rogers MD,"33700 Thomas Fords, Marsh Point, Belmara County",Z2,Y,Frame,1965,Homeowners,330900.0,2022-10-08,2197.0
GC-002413,Steven Harris,"43333 Cynthia Plain Apt. 845, Marsh Point, Belmara County",Z2,Y,Masonry,2008,Homeowners,393600.0,2022-08-02,1854.64
GC-002414,Ralph Miller,"780 Marshall Mill Apt. 985, Marsh Point, Belmara County",Z2,Y,Frame,1998,Homeowners,339000.0,2024-12-28,1995.53
GC-002415,Melissa Wilson,"680 Phillips Vista Suite 442, Cape Verrin, Belmara County",Z3,Y,Masonry,1983,Homeowners,190700.0,2023-10-13,981.25
GC-002416,John Horton,"9264 Marcus Station, Port Alden, Belmara County",Z1,Y,Masonry,1984,Homeowners,480700.0,2024-11-20,2464.38
GC-002417,Rodney Gonzalez,"859 Jose Curve Apt. 903, Ridgeview, Belmara County",Z4,N,Frame,1971,Homeowners,167400.0,2025-07-06,702.28
GC-002418,Lisa Lawson,"315 John Court, Cape Verrin, Belmara County",Z3,Y,Masonry Veneer,1964,Commercial,521500.0,2022-04-25,4064.45
GC-002419,Jacqueline Perkins,"5102 Smith Mews Suite 860, Port Alden, Belmara County",Z1,Y,Frame,1979,Homeowners,225100.0,2021-04-13,1422.64
GC-002420,Jimmy Mooney,"7149 Wright Points Suite 910, Marsh Point, Belmara County",Z2,Y,Masonry Veneer,1994,Homeowners,168200.0,2022-10-06,918.03
GC-002421,George Collins,"2215 Knight Locks Apt. 743, Cape Verrin, Belmara County",Z3,Y,Superior (Reinforced Concrete),1994,Homeowners,391100.0,2025-01-31,1626.38
GC-002422,Victoria Perez,"594 James Port Suite 546, Millbrook, Belmara County",Z6,N,Superior (Reinforced Concrete),1992,Homeowners,213500.0,2024-11-25,577.17
GC-002423,Richard Delgado,"70873 Brian Streets, Hollow Bay, Belmara County",Z5,N,Masonry Veneer,2008,Homeowners,478700.0,2024-06-25,1608.43
GC-002424,Alexis Thomas,"66325 Douglas Mountain Apt. 223, Cape Verrin, Belmara County",Z3,Y,Frame,2010,Homeowners,275900.0,2024-08-24,1573.73
GC-002425,Jonathan Adams,"166 Laura Prairie, Millbrook, Belmara County",Z6,N,Frame,2019,Homeowners,223100.0,2026-05-03,821.01
GC-002426,Larry Turner,"0732 Collins Throughway Suite 893, Cape Verrin, Belmara County",Z3,Y,Masonry,1984,Homeowners,176600.0,2021-07-09,905.37
GC-002427,Kayla Mendez,"76090 Tyler Mall Suite 581, Hollow Bay, Belmara County",Z5,N,Frame,1980,Homeowners,445300.0,2025-10-09,1809.13
GC-002428,Gregory Henry,"466 Scott Park, Port Alden, Belmara County",Z1,Y,Masonry,1966,Homeowners,333200.0,2025-11-13,1821.24
GC-002429,Melissa Schmitt,"052 Donna Loaf Suite 518, Marsh Point, Belmara County",Z2,Y,Frame,1974,Commercial,466700.0,2026-03-25,3847.34
GC-002430,Joshua Shannon,"1988 Tiffany Harbor Apt. 450, Marsh Point, Belmara County",Z2,Y,Masonry Veneer,2008,Homeowners,335600.0,2022-02-20,1747.8
GC-002431,Jennifer Flores,"062 Brown Garden, Millbrook, Belmara County",Z6,N,Frame,2011,Homeowners,250400.0,2021-11-30,921.47
GC-002432,Scott Newman,"6924 Kenneth Well Apt. 548, Ridgeview, Belmara County",Z4,N,Masonry,2006,Homeowners,349300.0,2025-07-13,1061.87
GC-002433,Gary Barajas,"56038 Brown Pike, Port Alden, Belmara County",Z1,Y,Masonry,1991,Homeowners,174500.0,2022-06-27,871.58
GC-002434,Christine Parrish,"466 Rebecca Radial Apt. 376, Port Alden, Belmara County",Z1,Y,Masonry Veneer,1997,Homeowners,167800.0,2026-03-21,905.36
GC-002435,Donald Jordan,"161 Gregory Valleys, Port Alden, Belmara County",Z1,Y,Frame,1978,Commercial,2562000.0,2023-09-13,20820.79
GC-002436,William Young,"558 Mckinney Station Apt. 900, Port Alden, Belmara County",Z1,Y,Masonry,1998,Commercial,364700.0,2026-04-27,2272.24
GC-002437,Elizabeth Edwards,"35286 Smith Via, Marsh Point, Belmara County",Z2,Y,Masonry Veneer,1985,Commercial,1435200.0,2023-02-26,10381.18
GC-002438,Erik Curry,"95738 Daniel Wells, Marsh Point, Belmara County",Z2,Y,Masonry Veneer,1996,Homeowners,464700.0,2021-12-22,2516.96
GC-002439,Andrea Foley,"1815 Paul Shoal Apt. 949, Marsh Point, Belmara County",Z2,Y,Frame,1988,Homeowners,250000.0,2025-05-24,1528.67
GC-002440,Laura Lopez,"505 Martinez Court Apt. 968, Ridgeview, Belmara County",Z4,N,Frame,1990,Homeowners,151900.0,2022-03-30,594.77
GC-002441,Jonathan Norton,"70804 Carla Ford Apt. 850, Marsh Point, Belmara County",Z2,Y,Frame,1954,Homeowners,346000.0,2021-10-29,2384.09
GC-002442,Thomas Garcia MD,"332 Kathryn Harbors, Cape Verrin, Belmara County",Z3,Y,Frame,1992,Homeowners,276300.0,2024-06-03,1664.27
GC-002443,Carla Taylor,"03717 Cox Point Suite 627, Marsh Point, Belmara County",Z2,Y,Superior (Reinforced Concrete),1992,Homeowners,449900.0,2023-07-19,1885.17
GC-002444,Adam Ross,"262 Debra Circle, Cape Verrin, Belmara County",Z3,Y,Masonry,1967,Homeowners,311900.0,2025-05-24,1698.94
GC-002445,Leslie Greer DVM,"7121 Angela Causeway Apt. 811, Port Alden, Belmara County",Z1,Y,Masonry Veneer,1981,Commercial,1870700.0,2025-11-08,13730.98
GC-002446,Bonnie Barnett,"993 Brian Islands, Ridgeview, Belmara County",Z4,N,Superior (Reinforced Concrete),2009,Commercial,840900.0,2024-02-24,2758.15
GC-002447,Shaun Romero,"206 Jeffrey Turnpike Suite 596, Cape Verrin, Belmara County",Z3,Y,Frame,1990,Homeowners,155900.0,2026-04-19,946.17
GC-002448,Melissa Haynes,"96196 Tammy Knolls, Port Alden, Belmara County",Z1,Y,Frame,1997,Homeowners,371900.0,2021-11-29,2197.69
GC-002449,Christopher Brown,"60816 Parsons Spurs, Cape Verrin, Belmara County",Z3,Y,Masonry Veneer,1987,Commercial,935600.0,2023-07-24,6717.49
GC-002450,Patricia King,"81971 Johnson Trail Apt. 469, Cape Verrin, Belmara County",Z3,Y,Masonry,1985,Homeowners,611700.0,2022-09-05,3124.45
GC-002451,Douglas Hutchinson,"0958 Robert Curve, Hollow Bay, Belmara County",Z5,N,Masonry,2018,Homeowners,288500.0,2025-04-13,877.04
GC-002452,Joyce Peterson,"839 Duncan Canyon Suite 429, Ridgeview, Belmara County",Z4,N,Masonry,2001,Homeowners,324200.0,2022-12-13,1005.28
GC-002453,Mrs. Briana Montgomery,"9577 White Vista, Cape Verrin, Belmara County",Z3,Y,Masonry Veneer,1992,Homeowners,570900.0,2022-12-10,3139.75
GC-002454,Philip Ferguson,"6919 Lee Court Suite 472, Marsh Point, Belmara County",Z2,Y,Masonry,1975,Homeowners,547600.0,2025-03-07,2900.25
GC-002455,Lorraine Martinez,"685 Dennis Tunnel Suite 297, Hollow Bay, Belmara County",Z5,N,Frame,1994,Homeowners,167000.0,2024-02-19,644.06
GC-002456,Angela Blake,"86603 Carlson Crossroad Suite 689, Port Alden, Belmara County",Z1,Y,Masonry,1994,Homeowners,518300.0,2022-04-26,2559.46
GC-002457,Yolanda Leonard,"016 Gray Villages Suite 740, Marsh Point, Belmara County",Z2,Y,Masonry Veneer,1986,Homeowners,139100.0,2021-06-11,782.39
GC-002458,Steven Underwood,"31252 White Flats Suite 256, Millbrook, Belmara County",Z6,N,Frame,1995,Homeowners,354800.0,2021-06-05,1363.11
GC-002459,April Morris,"617 Daniel Vista Apt. 520, Cape Verrin, Belmara County",Z3,Y,Masonry Veneer,1997,Commercial,1522400.0,2023-12-22,10524.3
GC-002460,Susan Prince,"13184 Sellers Brook Suite 993, Port Alden, Belmara County",Z1,Y,Masonry,2005,Homeowners,518700.0,2021-06-26,2453.89
GC-002461,Chase Hernandez,"91294 Small Fork, Cape Verrin, Belmara County",Z3,Y,Masonry,1977,Homeowners,146400.0,2024-12-08,769.86
GC-002462,Rebecca Ramirez,"0878 Joseph Union, Marsh Point, Belmara County",Z2,Y,Masonry Veneer,1978,Homeowners,184300.0,2021-09-30,1067.34
GC-002463,Melanie Reid,"824 Katelyn Court Apt. 682, Ridgeview, Belmara County",Z4,N,Frame,2024,Commercial,625200.0,2021-01-16,2947.82
GC-002464,Daniel Dean,"100 Hernandez Inlet, Millbrook, Belmara County",Z6,N,Masonry,2017,Homeowners,244300.0,2022-07-16,742.67
GC-002465,Jason Holder,"55877 Parsons Ways Suite 263, Marsh Point, Belmara County",Z2,Y,Masonry Veneer,2024,Homeowners,286100.0,2021-08-19,1490.01
GC-002466,Elizabeth Mills,"72544 David Islands, Cape Verrin, Belmara County",Z3,Y,Masonry Veneer,1998,Homeowners,139800.0,2026-02-28,751.38
GC-002467,Bruce Nolan,"050 Johnathan Lakes, Marsh Point, Belmara County",Z2,Y,Frame,1990,Homeowners,317000.0,2021-02-24,1923.89
GC-002468,Noah Lopez,"04767 James Lane Apt. 828, Marsh Point, Belmara County",Z2,Y,Frame,1955,Homeowners,162100.0,2024-12-11,1113.24
GC-002469,Kathleen Flores,"20753 Gabriella View Apt. 685, Port Alden, Belmara County",Z1,Y,Masonry Veneer,1983,Homeowners,277300.0,2021-04-07,1577.04
GC-002470,Ashley Waters,"2107 Joseph Corner, Hollow Bay, Belmara County",Z5,N,Frame,1984,Homeowners,788000.0,2026-02-14,3155.03
GC-002471,Troy Robinson,"61445 Brittany Ways, Port Alden, Belmara County",Z1,Y,Masonry Veneer,1972,Homeowners,214100.0,2021-11-30,1266.68
GC-002472,Tara Gomez,"4331 Davis Crossing Suite 333, Cape Verrin, Belmara County",Z3,Y,Frame,1989,Homeowners,205400.0,2024-01-22,1251.27
GC-002473,Rachel Cantu,"697 Christopher Terrace, Millbrook, Belmara County",Z6,N,Frame,1997,Homeowners,222400.0,2021-11-07,847.9
GC-002474,Daniel Schultz,"4997 Rodgers Plains, Ridgeview, Belmara County",Z4,N,Masonry Veneer,2006,Homeowners,90000.0,2025-03-04,302.4
GC-002475,Robin Love,"888 Mary Mountains, Port Alden, Belmara County",Z1,Y,Superior (Reinforced Concrete),1995,Homeowners,257900.0,2025-01-31,1068.37
GC-002476,Amy Page,"59927 Robinson Mews, Port Alden, Belmara County",Z1,Y,Masonry Veneer,2012,Homeowners,203400.0,2024-05-24,1059.31
GC-002477,Colleen Anderson,"033 Ethan Ferry Apt. 954, Cape Verrin, Belmara County",Z3,Y,Masonry,1982,Homeowners,287800.0,2022-08-29,1486.3
GC-002478,Tanya Gonzales,"3148 Lauren Point Suite 477, Port Alden, Belmara County",Z1,Y,Frame,1988,Homeowners,179000.0,2021-11-18,1094.53
GC-002479,Kathleen Smith,"66656 Adam Mission, Millbrook, Belmara County",Z6,N,Masonry,1984,Homeowners,502200.0,2024-08-27,1661.04
GC-002480,Mitchell Martin,"28219 Michele Parkway, Port Alden, Belmara County",Z1,Y,Frame,1971,Commercial,864600.0,2025-06-05,7203.33
GC-002481,Tyler Martin,"2643 James Branch Suite 596, Cape Verrin, Belmara County",Z3,Y,Masonry,1957,Homeowners,137500.0,2023-12-28,774.89
GC-002482,Mary Johnson,"6048 Hinton Court Apt. 344, Hollow Bay, Belmara County",Z5,N,Frame,2024,Commercial,1635800.0,2022-08-18,7712.8
GC-002483,Gerald Shepherd,"811 Jarvis Union Suite 512, Hollow Bay, Belmara County",Z5,N,Masonry,2003,Homeowners,144200.0,2024-09-24,443.63
GC-002484,Catherine Johnson,"378 Thomas Station Apt. 483, Port Alden, Belmara County",Z1,Y,Frame,1981,Homeowners,520400.0,2022-03-03,3265.2
GC-002485,Dawn Herring,"65955 Armstrong Green, Hollow Bay, Belmara County",Z5,N,Frame,2004,Homeowners,340900.0,2022-09-30,1264.55
GC-002486,Marcus Porter,"36365 Thompson Locks, Port Alden, Belmara County",Z1,Y,Masonry,1962,Homeowners,308800.0,2021-08-27,1711.16
GC-002487,Joseph Alvarez,"358 Jones Village Suite 174, Marsh Point, Belmara County",Z2,Y,Masonry,2006,Homeowners,1037700.0,2026-03-18,4889.64
GC-002488,Mrs. Hannah Schroeder DVM,"842 Buchanan Walk, Cape Verrin, Belmara County",Z3,Y,Masonry Veneer,2000,Commercial,2163600.0,2026-04-05,14783.65
GC-002489,Curtis Lawson,"1500 Charles Fork Apt. 548, Cape Verrin, Belmara County",Z3,Y,Masonry,1991,Commercial,473400.0,2025-06-26,3029.52
GC-002490,Elizabeth White,"4792 Jose Prairie, Port Alden, Belmara County",Z1,Y,Frame,1967,Homeowners,398400.0,2023-10-02,2626.98
GC-002491,Anita Shields,"64790 Combs Union Apt. 573, Port Alden, Belmara County",Z1,Y,Superior (Reinforced Concrete),2017,Homeowners,239600.0,2023-05-09,950.73
GC-002492,Tammy James,"3672 Brandy Lock Apt. 023, Cape Verrin, Belmara County",Z3,Y,Masonry,2007,Commercial,1028400.0,2022-06-23,6208.71
GC-002493,Jeffrey Walker,"58699 Pollard Grove, Hollow Bay, Belmara County",Z5,N,Masonry,2004,Homeowners,359600.0,2022-02-19,1101.93
GC-002494,Lisa Harrison,"7932 Owens Crest Apt. 549, Port Alden, Belmara County",Z1,Y,Masonry Veneer,2006,Homeowners,162700.0,2023-01-17,847.34
GC-002495,Vincent Lowe,"260 Romero Lodge, Millbrook, Belmara County",Z6,N,Frame,2017,Homeowners,413500.0,2024-06-02,1521.68
GC-002496,Melissa Dillon,"08597 Shelly Parkway Suite 794, Hollow Bay, Belmara County",Z5,N,Frame,2016,Homeowners,272400.0,2023-02-09,1002.43
GC-002497,Tiffany Moon,"4702 Gonzalez Overpass Suite 765, Marsh Point, Belmara County",Z2,Y,Masonry,1980,Homeowners,305000.0,2025-07-29,1586.62
GC-002498,Rhonda Lindsey,"766 Fuentes Roads Suite 715, Marsh Point, Belmara County",Z2,Y,Masonry,1994,Homeowners,341100.0,2024-12-24,1684.41
GC-002499,Mark Rodgers,"4502 Johnson Lakes Apt. 772, Hollow Bay, Belmara County",Z5,N,Frame,1999,Commercial,811700.0,2022-05-29,3934.33
GC-002500,Abigail Hardy,"3945 Joel Valley Suite 480, Cape Verrin, Belmara County",Z3,Y,Frame,1981,Homeowners,255500.0,2021-06-22,1603.11
GC-002501,Karen Smith,"338 Buckley Prairie, Ridgeview, Belmara County",Z4,N,Masonry,1979,Homeowners,152000.0,2024-08-25,511.98
GC-002502,Nathan Martinez,"648 Heather Harbor Apt. 737, Ridgeview, Belmara County",Z4,N,Frame,2000,Homeowners,388400.0,2024-01-17,1463.62
GC-002503,Walter Hutchinson,"0632 Roberson Island, Millbrook, Belmara County",Z6,N,Frame,2002,Commercial,1960600.0,2025-01-31,9392.14
GC-002504,Robert Suarez,"8387 Harris Highway Suite 746, Port Alden, Belmara County",Z1,Y,Frame,1992,Homeowners,183200.0,2021-02-25,1103.49
GC-002505,William Kramer,"0332 Gonzalez Tunnel Suite 415, Marsh Point, Belmara County",Z2,Y,Frame,1985,Homeowners,697100.0,2021-12-13,4310.26
GC-002506,Rachel Erickson,"01027 Williams Unions Apt. 951, Marsh Point, Belmara County",Z2,Y,Masonry,1975,Homeowners,275900.0,2021-01-26,1461.25
GC-002507,William Baker,"9738 Wendy Wall Apt. 614, Hollow Bay, Belmara County",Z5,N,Frame,1983,Homeowners,291200.0,2024-02-11,1170.2
GC-002508,Steve West,"7893 Johnson Valley Suite 260, Port Alden, Belmara County",Z1,Y,Masonry Veneer,1995,Homeowners,313400.0,2025-06-10,1704.0
GC-002509,John Barber,"6707 Dana Squares Apt. 292, Millbrook, Belmara County",Z6,N,Frame,1985,Homeowners,225400.0,2021-07-22,899.15
GC-002510,Nathan Nielsen,"123 Murray Lakes, Cape Verrin, Belmara County",Z3,Y,Masonry,1976,Homeowners,198900.0,2022-07-01,1049.68
GC-002511,Leah Sanford,"337 Mcconnell Mission, Port Alden, Belmara County",Z1,Y,Masonry,1987,Commercial,3020900.0,2025-10-28,19624.01
GC-002512,Thomas Wagner,"9106 Wilson Burgs, Port Alden, Belmara County",Z1,Y,Masonry Veneer,1971,Homeowners,191200.0,2022-04-27,1135.18
GC-002513,Debra Crawford,"384 Schmidt Grove Apt. 034, Port Alden, Belmara County",Z1,Y,Frame,1969,Homeowners,382800.0,2021-05-26,2506.65
GC-002514,Patricia Ford,"4044 Timothy Passage Apt. 903, Marsh Point, Belmara County",Z2,Y,Frame,2018,Homeowners,451700.0,2022-05-14,2576.5
GC-002515,Jesse Booth,"643 Ronnie Summit, Cape Verrin, Belmara County",Z3,Y,Masonry,1998,Homeowners,153400.0,2021-04-28,745.95
GC-002516,Nichole Shaw,"4088 Barajas Radial Apt. 032, Ridgeview, Belmara County",Z4,N,Frame,1986,Homeowners,466700.0,2026-03-06,1854.85
GC-002517,Amanda Sims,"0526 David Lake Apt. 302, Port Alden, Belmara County",Z1,Y,Frame,1994,Homeowners,162500.0,2026-03-28,971.39
GC-002518,Linda Dean,"30923 Atkinson Locks Suite 403, Millbrook, Belmara County",Z6,N,Masonry,2008,Commercial,1507400.0,2025-09-18,5871.32
GC-002519,Kyle Watkins,"0273 Anthony Drive Suite 318, Marsh Point, Belmara County",Z2,Y,Frame,1973,Homeowners,287700.0,2024-12-23,1857.66
GC-002520,Erin Johnson,"18206 Lindsey Centers, Marsh Point, Belmara County",Z2,Y,Masonry,1972,Homeowners,211800.0,2021-09-12,1133.73
GC-002521,Shannon Casey,"305 Schmidt Station, Cape Verrin, Belmara County",Z3,Y,Frame,1994,Homeowners,287000.0,2026-05-04,1715.63
GC-002522,Thomas Howard,"739 Joseph Stravenue Suite 538, Marsh Point, Belmara County",Z2,Y,Masonry Veneer,1993,Homeowners,308100.0,2026-01-11,1688.02
GC-002523,Jade Miller,"2382 Frederick Walk, Port Alden, Belmara County",Z1,Y,Masonry,1994,Homeowners,721800.0,2025-08-22,3564.38
GC-002524,Henry Frye,"55768 Matthew Junction Apt. 308, Marsh Point, Belmara County",Z2,Y,Frame,1991,Homeowners,163600.0,2025-08-02,989.16
GC-002525,Jay Acosta,"4876 Emma Junction Apt. 488, Cape Verrin, Belmara County",Z3,Y,Masonry Veneer,1988,Homeowners,210500.0,2026-04-14,1175.22
GC-002526,Patrick Dyer,"089 Destiny Heights Suite 403, Port Alden, Belmara County",Z1,Y,Frame,2006,Commercial,929700.0,2023-04-27,6794.48
GC-002527,Alyssa Cantu,"555 Micheal Isle Apt. 082, Millbrook, Belmara County",Z6,N,Masonry,1966,Homeowners,493500.0,2026-03-26,1740.28
GC-002528,Jillian Parsons,"7774 Andrews Falls Suite 412, Millbrook, Belmara County",Z6,N,Masonry,1998,Homeowners,189600.0,2024-06-10,594.83
GC-002529,Jermaine York,"9790 Trevor Station, Hollow Bay, Belmara County",Z5,N,Superior (Reinforced Concrete),1997,Homeowners,414700.0,2025-12-30,1099.85
GC-002530,Gary Diaz,"496 Mosley Stravenue Apt. 662, Millbrook, Belmara County",Z6,N,Frame,2007,Homeowners,226900.0,2025-01-28,834.99
GC-002531,Justin French,"25593 Valenzuela Extension Suite 674, Marsh Point, Belmara County",Z2,Y,Frame,2003,Homeowners,134400.0,2022-08-28,775.82
GC-002532,Raven Bennett,"27276 Gonzalez Circles, Ridgeview, Belmara County",Z4,N,Superior (Reinforced Concrete),1991,Homeowners,352200.0,2021-09-16,955.73
GC-002533,Ruth Fry,"1700 Campbell Lakes, Port Alden, Belmara County",Z1,Y,Masonry,2005,Commercial,1426100.0,2025-12-22,8644.16
GC-002534,David Roberts,"556 Susan Manors Apt. 357, Marsh Point, Belmara County",Z2,Y,Frame,1963,Homeowners,361600.0,2022-03-02,2417.33
GC-002535,Shannon Perry,"950 Hinton Summit, Marsh Point, Belmara County",Z2,Y,Superior (Reinforced Concrete),1986,Homeowners,303400.0,2023-02-24,1300.2
GC-002536,Amanda Butler,"3171 Bartlett Springs, Marsh Point, Belmara County",Z2,Y,Masonry,1993,Commercial,1023900.0,2023-05-13,6502.98
GC-002537,Frank Moore,"336 Eaton Tunnel Apt. 160, Marsh Point, Belmara County",Z2,Y,Frame,1972,Homeowners,292100.0,2026-04-25,1892.73
GC-002538,Tina Ware,"010 Watson Track Apt. 911, Millbrook, Belmara County",Z6,N,Masonry,2007,Homeowners,406400.0,2025-05-18,1235.46
GC-002539,Ryan Thompson,"4009 Gina Street, Marsh Point, Belmara County",Z2,Y,Masonry,2006,Homeowners,232000.0,2023-05-18,1093.18
GC-002540,Daniel Duncan,"9020 Amy Roads, Marsh Point, Belmara County",Z2,Y,Frame,1977,Homeowners,309300.0,2025-10-28,1968.9
GC-002541,Christopher Pena,"893 Campbell Mission, Cape Verrin, Belmara County",Z3,Y,Frame,1997,Homeowners,121100.0,2026-01-28,715.62
GC-002542,Nicole Gutierrez,"6342 Amy Hills Apt. 242, Port Alden, Belmara County",Z1,Y,Frame,2001,Homeowners,202600.0,2025-03-23,1178.74
GC-002543,Jennifer Carter,"64404 Wong Fields Apt. 796, Ridgeview, Belmara County",Z4,N,Frame,2004,Commercial,941400.0,2025-10-22,4474.21
GC-002544,Jeremy Glover,"187 Summers Hollow Suite 992, Ridgeview, Belmara County",Z4,N,Frame,1999,Homeowners,339300.0,2023-08-07,1283.59
GC-002545,Joseph Alvarado,"6939 Wright Valleys Suite 566, Cape Verrin, Belmara County",Z3,Y,Masonry,2010,Homeowners,293500.0,2022-04-18,1382.97
GC-002546,Charles Gilbert,"69089 Adams Radial, Cape Verrin, Belmara County",Z3,Y,Frame,1965,Homeowners,167400.0,2022-03-28,1111.44
GC-002547,Jason Ferrell,"82292 Elizabeth Run, Port Alden, Belmara County",Z1,Y,Masonry,1981,Homeowners,455300.0,2023-08-05,2359.91
GC-002548,Sierra Taylor,"722 Jeremy Fords Apt. 784, Ridgeview, Belmara County",Z4,N,Masonry,2003,Homeowners,221500.0,2022-10-26,681.44
GC-002549,James Joseph,"674 Simpson Gardens, Marsh Point, Belmara County",Z2,Y,Masonry Veneer,2000,Homeowners,302000.0,2023-05-28,1610.56
GC-002550,Derek Rivera,"576 Petersen Mount Suite 800, Cape Verrin, Belmara County",Z3,Y,Masonry,2001,Commercial,3257200.0,2021-09-16,20057.82
GC-002551,Gail Atkinson,"7644 Lewis Mall, Port Alden, Belmara County",Z1,Y,Masonry Veneer,1985,Homeowners,280800.0,2025-04-14,1585.25
GC-002552,Carol Johnson,"46534 Thompson Circle Suite 218, Cape Verrin, Belmara County",Z3,Y,Masonry Veneer,2002,Homeowners,227800.0,2025-02-13,1205.36
GC-002553,David Baldwin,"03519 Ashley Pines Suite 056, Hollow Bay, Belmara County",Z5,N,Masonry,1993,Commercial,1471100.0,2024-07-31,6027.89
GC-002554,Brian Walker,"81432 Jenna Parkway Suite 663, Millbrook, Belmara County",Z6,N,Masonry,2012,Commercial,1213400.0,2022-01-16,4726.19
GC-002555,John Garza,"2338 Aaron Canyon, Marsh Point, Belmara County",Z2,Y,Masonry,1978,Homeowners,403500.0,2024-04-13,2114.24
GC-002556,Natasha Wagner,"700 Hernandez Rapids, Marsh Point, Belmara County",Z2,Y,Frame,2012,Homeowners,231300.0,2021-06-04,1319.34
GC-002557,Derek Stevens,"659 Matthew Curve Suite 025, Ridgeview, Belmara County",Z4,N,Frame,1994,Commercial,1411900.0,2021-06-10,6976.65
GC-002558,Jessica Bernard,"58304 Courtney Neck Suite 130, Cape Verrin, Belmara County",Z3,Y,Masonry Veneer,1990,Homeowners,162600.0,2025-07-29,901.02
GC-002559,Adam Potter,"68974 Lara Flats, Cape Verrin, Belmara County",Z3,Y,Masonry Veneer,2007,Homeowners,177300.0,2021-02-24,923.38
GC-002560,Ashley Murillo,"04319 Scott Gateway, Port Alden, Belmara County",Z1,Y,Frame,1981,Homeowners,194900.0,2022-05-12,1222.88
GC-002561,Catherine Coleman,"0233 Miller Loop Suite 580, Port Alden, Belmara County",Z1,Y,Masonry,1989,Homeowners,379800.0,2022-12-29,1911.31
GC-002562,Charles Chavez,"2672 Emily Lodge Suite 027, Ridgeview, Belmara County",Z4,N,Superior (Reinforced Concrete),1991,Commercial,1056700.0,2021-11-29,3673.93
GC-002563,Ashley Smith,"687 Ronald Alley Suite 711, Ridgeview, Belmara County",Z4,N,Frame,2000,Homeowners,168400.0,2022-07-14,634.59
GC-002564,Angela Mills,"9323 Lloyd Field Apt. 305, Port Alden, Belmara County",Z1,Y,Frame,1987,Homeowners,309800.0,2023-05-15,1901.4
GC-002565,Douglas Aguilar,"65707 Lopez Wall Apt. 830, Port Alden, Belmara County",Z1,Y,Masonry,1997,Homeowners,632400.0,2022-12-06,3087.14
GC-002566,Christopher Vega,"855 Ashley Divide Apt. 411, Marsh Point, Belmara County",Z2,Y,Superior (Reinforced Concrete),2000,Commercial,1738900.0,2023-05-13,9052.74
GC-002567,Eric Gordon,"09334 Hampton Stream Apt. 363, Ridgeview, Belmara County",Z4,N,Masonry,2008,Homeowners,492700.0,2022-03-14,1497.81
GC-002568,Abigail Olson,"437 Aaron Viaduct Suite 164, Port Alden, Belmara County",Z1,Y,Masonry Veneer,1967,Homeowners,144900.0,2022-06-08,872.36
GC-002569,Timothy Johnson,"70470 Lori Junctions, Ridgeview, Belmara County",Z4,N,Frame,2022,Homeowners,388000.0,2021-04-16,1427.84
GC-002570,Shelly Jackson,"97178 James Coves, Port Alden, Belmara County",Z1,Y,Frame,2002,Homeowners,291200.0,2025-12-10,1687.58
GC-002571,Larry Brooks,"173 Anthony Squares Apt. 055, Port Alden, Belmara County",Z1,Y,Masonry,1957,Homeowners,154200.0,2024-10-06,869.0
GC-002572,Leah Schroeder,"17936 Schneider Burgs, Marsh Point, Belmara County",Z2,Y,Masonry,2005,Homeowners,261600.0,2023-08-08,1237.59
GC-002573,Michelle Scott,"65452 Duncan Ville Suite 707, Marsh Point, Belmara County",Z2,Y,Superior (Reinforced Concrete),2004,Homeowners,340200.0,2025-05-04,1360.71
GC-002574,Wanda Hancock,"462 Taylor Rue, Cape Verrin, Belmara County",Z3,Y,Masonry Veneer,2012,Homeowners,158600.0,2021-04-23,825.99
GC-002575,Charles David,"1926 Kathleen Village, Port Alden, Belmara County",Z1,Y,Frame,1976,Homeowners,110800.0,2023-10-30,707.84
GC-002576,Janet Singh,"86801 Veronica Turnpike, Hollow Bay, Belmara County",Z5,N,Masonry,1990,Homeowners,378900.0,2022-02-03,1225.57
GC-002577,Ryan Matthews,"490 Desiree Causeway, Cape Verrin, Belmara County",Z3,Y,Masonry,1992,Commercial,731000.0,2025-04-22,4660.37
GC-002578,Craig Taylor,"280 Hickman Unions Suite 777, Port Alden, Belmara County",Z1,Y,Frame,1990,Commercial,537000.0,2022-09-24,4175.7
GC-002579,Angela Lambert,"68211 Simmons Shoal Suite 460, Cape Verrin, Belmara County",Z3,Y,Frame,1984,Homeowners,271600.0,2023-03-14,1685.54
GC-002580,Joanna Reid,"9192 Benjamin Way Apt. 356, Marsh Point, Belmara County",Z2,Y,Superior (Reinforced Concrete),2006,Homeowners,398000.0,2021-07-05,1579.26
GC-002581,Timothy Bass,"8925 Brandon Knolls Apt. 674, Cape Verrin, Belmara County",Z3,Y,Frame,2008,Commercial,781600.0,2026-02-03,5712.13
GC-002582,Miranda Perry,"58182 Tracy Parks Suite 874, Ridgeview, Belmara County",Z4,N,Masonry Veneer,1990,Homeowners,187100.0,2024-07-10,668.89
GC-002583,Mr. James Mercer DVM,"843 Nathan Rapids Suite 125, Port Alden, Belmara County",Z1,Y,Frame,1989,Homeowners,145200.0,2024-10-02,884.54
GC-002584,Andrew Miller,"64691 Patrick Overpass, Ridgeview, Belmara County",Z4,N,Masonry,2024,Commercial,718600.0,2021-11-28,2798.95
GC-002585,Brandon Fisher,"53031 Kathy Neck, Cape Verrin, Belmara County",Z3,Y,Masonry,1999,Commercial,1726400.0,2022-03-30,10714.54
GC-002586,Amanda Davidson,"753 Mark Isle, Marsh Point, Belmara County",Z2,Y,Masonry,1950,Homeowners,315700.0,2023-10-31,1820.8
GC-002587,Michael Brown,"747 Daniel Point Apt. 699, Port Alden, Belmara County",Z1,Y,Masonry,2015,Homeowners,396600.0,2022-10-04,1868.78
GC-002588,Paul Martinez,"222 Christopher Rue, Cape Verrin, Belmara County",Z3,Y,Frame,1998,Homeowners,136000.0,2024-06-27,800.57
GC-002589,Jeffrey Bullock,"94750 Nguyen Orchard, Marsh Point, Belmara County",Z2,Y,Superior (Reinforced Concrete),2011,Homeowners,334400.0,2026-01-22,1326.9
GC-002590,Kathleen Olson,"4312 Lewis Row, Ridgeview, Belmara County",Z4,N,Frame,1994,Commercial,4124600.0,2022-03-15,20380.97
GC-002591,Gregory Shaw,"57509 Rachel Mount, Ridgeview, Belmara County",Z4,N,Frame,2013,Homeowners,243700.0,2022-02-23,896.82
GC-002592,Malik Robertson,"9575 Lopez Ridge, Cape Verrin, Belmara County",Z3,Y,Masonry,2007,Homeowners,98900.0,2026-04-14,466.02
GC-002593,Curtis Garcia,"0885 Smith Ports Suite 394, Hollow Bay, Belmara County",Z5,N,Masonry,1970,Homeowners,237100.0,2023-05-27,824.58
GC-002594,Brian Floyd,"42797 Dean Keys, Ridgeview, Belmara County",Z4,N,Masonry,2013,Homeowners,248300.0,2025-10-13,754.83
GC-002595,Kevin Wilson,"81889 Carr Road, Ridgeview, Belmara County",Z4,N,Frame,2000,Homeowners,236900.0,2023-03-21,892.72
GC-002596,Cindy Moore,"7538 Hogan Roads, Marsh Point, Belmara County",Z2,Y,Masonry Veneer,1996,Homeowners,187000.0,2026-06-06,1012.85
GC-002597,Brandon Moran,"47560 Monica Villages, Marsh Point, Belmara County",Z2,Y,Superior (Reinforced Concrete),1996,Homeowners,343900.0,2023-08-30,1419.18
GC-002598,Ryan Koch,"2455 Butler Estates, Marsh Point, Belmara County",Z2,Y,Frame,1998,Homeowners,345100.0,2024-06-15,2031.44
GC-002599,Christopher Martinez,"4692 Elizabeth Port, Marsh Point, Belmara County",Z2,Y,Frame,1961,Homeowners,191700.0,2023-08-26,1290.28
GC-002600,John Dalton,"43466 Samantha Unions Suite 470, Ridgeview, Belmara County",Z4,N,Frame,2000,Homeowners,443400.0,2024-05-17,1670.87
GC-002601,Amber Williams,"810 Lane Trail, Ridgeview, Belmara County",Z4,N,Frame,2023,Homeowners,423700.0,2023-04-29,1559.22
GC-002602,James Rogers,"1202 Kelly Coves, Cape Verrin, Belmara County",Z3,Y,Frame,2000,Homeowners,237100.0,2023-09-03,1384.88
GC-002603,Mr. James Williams,"4185 Martinez Forge Apt. 665, Port Alden, Belmara County",Z1,Y,Frame,2002,Homeowners,391200.0,2024-08-31,2267.11
GC-002604,Alexandria Holmes,"6581 Lucas Courts, Port Alden, Belmara County",Z1,Y,Frame,2004,Homeowners,699500.0,2025-12-31,4021.87
GC-002605,Monica Dunn,"524 George Via, Cape Verrin, Belmara County",Z3,Y,Frame,1991,Commercial,363900.0,2025-04-12,2819.04
GC-002606,Audrey Jennings,"99948 Kelly Haven Apt. 138, Cape Verrin, Belmara County",Z3,Y,Frame,2022,Homeowners,283500.0,2022-07-24,1617.08
GC-002607,Melissa Sanders,"142 Morris Avenue, Port Alden, Belmara County",Z1,Y,Frame,1953,Homeowners,144600.0,2024-10-26,999.66
GC-002608,Sandra Hoover,"74020 Miles Mews, Cape Verrin, Belmara County",Z3,Y,Superior (Reinforced Concrete),1995,Homeowners,491400.0,2022-09-20,2035.67
GC-002609,Kathy Horne,"5948 Hannah Drive Suite 291, Port Alden, Belmara County",Z1,Y,Masonry Veneer,2012,Homeowners,203700.0,2024-12-08,1060.87
GC-002610,James Eaton,"164 Benson Ports Apt. 532, Marsh Point, Belmara County",Z2,Y,Masonry Veneer,2008,Homeowners,296800.0,2021-03-25,1545.73
GC-002611,Kristin Johnson,"30852 Curtis Lodge, Ridgeview, Belmara County",Z4,N,Frame,2010,Homeowners,205100.0,2024-07-11,754.77
GC-002612,Kimberly Jackson,"2840 Dylan Stream, Marsh Point, Belmara County",Z2,Y,Masonry,2012,Homeowners,635600.0,2023-04-12,2994.95
GC-002613,Tammy Foster,"1320 Lawrence Village Suite 238, Marsh Point, Belmara County",Z2,Y,Frame,2016,Commercial,706400.0,2025-06-28,5162.55
GC-002614,Robert Li,"0429 Denise Roads Suite 667, Ridgeview, Belmara County",Z4,N,Masonry,2003,Homeowners,257100.0,2022-08-14,790.96
GC-002615,Wesley Haynes,"2107 White Highway Apt. 033, Port Alden, Belmara County",Z1,Y,Masonry,1978,Homeowners,416500.0,2025-02-26,2182.35
GC-002616,Sonya Wood,"97247 Melvin Falls, Port Alden, Belmara County",Z1,Y,Superior (Reinforced Concrete),1977,Commercial,3700200.0,2024-04-21,20993.99
GC-002617,Dylan Brown,"276 Beverly Island, Port Alden, Belmara County",Z1,Y,Frame,1975,Homeowners,292400.0,2025-03-23,1874.66
GC-002618,Colleen Sandoval,"936 Tara Road, Cape Verrin, Belmara County",Z3,Y,Masonry,1982,Homeowners,562000.0,2023-08-12,2902.37
GC-002619,Roy Dunn,"070 White Wells Apt. 573, Port Alden, Belmara County",Z1,Y,Frame,1999,Homeowners,311200.0,2021-05-30,1824.79
GC-002620,Lucas Richardson,"16992 Debra Island, Millbrook, Belmara County",Z6,N,Masonry,2004,Homeowners,196800.0,2024-07-30,603.06
GC-002621,Michael Cortez,"70775 Jennifer Plaza Suite 949, Ridgeview, Belmara County",Z4,N,Frame,1988,Homeowners,170900.0,2021-03-22,674.19
GC-002622,Rebecca Ross,"6866 Kayla Freeway Apt. 595, Millbrook, Belmara County",Z6,N,Masonry,2004,Homeowners,264500.0,2022-08-28,810.51
GC-002623,Richard Scott,"542 Rachel Prairie Suite 513, Port Alden, Belmara County",Z1,Y,Frame,1987,Homeowners,180800.0,2026-04-26,1109.66
GC-002624,Samantha Zimmerman,"154 Bonnie Fords Suite 110, Port Alden, Belmara County",Z1,Y,Masonry,2001,Homeowners,136800.0,2021-10-28,657.49
GC-002625,Kathleen Cooper,"3659 Sherri Isle, Ridgeview, Belmara County",Z4,N,Masonry,2022,Homeowners,181800.0,2026-03-19,552.67
GC-002626,Darlene Henry,"23426 Bridges Turnpike Suite 032, Millbrook, Belmara County",Z6,N,Frame,1991,Homeowners,170800.0,2025-01-07,666.26
GC-002627,Roger Rodriguez,"1899 Michael Wall, Cape Verrin, Belmara County",Z3,Y,Frame,1971,Homeowners,181200.0,2022-07-05,1178.26
GC-002628,Jeremy Fleming,"11275 Sanchez Walks Suite 311, Port Alden, Belmara County",Z1,Y,Frame,1987,Homeowners,453900.0,2022-05-02,2785.81
GC-002629,Ryan Harris,"88623 Lisa Street, Hollow Bay, Belmara County",Z5,N,Masonry,1999,Commercial,1908200.0,2022-02-15,7640.55
GC-002630,Rachael Perkins,"003 William Brook Apt. 648, Port Alden, Belmara County",Z1,Y,Frame,2024,Homeowners,199100.0,2021-08-21,1135.67
GC-002631,Michelle Byrd,"18241 Johnson Corners, Cape Verrin, Belmara County",Z3,Y,Masonry,1978,Homeowners,336900.0,2021-03-19,1765.27
GC-002632,Chad Green,"68787 Isaiah Circles Suite 999, Cape Verrin, Belmara County",Z3,Y,Frame,1977,Homeowners,152100.0,2021-09-07,968.22
GC-002633,Thomas Smith,"43474 Jennifer Inlet, Hollow Bay, Belmara County",Z5,N,Masonry,1999,Homeowners,234200.0,2024-08-14,731.9
GC-002634,Brian Jenkins,"04601 Cristina Creek, Cape Verrin, Belmara County",Z3,Y,Masonry Veneer,1988,Homeowners,342700.0,2024-06-01,1913.29
GC-002635,David Richardson,"420 Wolf Drive Apt. 395, Marsh Point, Belmara County",Z2,Y,Frame,1989,Homeowners,250300.0,2021-12-12,1524.8
GC-002636,Scott Schwartz,"176 Jennifer Union, Marsh Point, Belmara County",Z2,Y,Frame,1968,Homeowners,499100.0,2023-05-02,3279.59
GC-002637,Stephanie Hansen,"877 Alvarez Mill Suite 138, Port Alden, Belmara County",Z1,Y,Masonry,1970,Homeowners,223700.0,2023-11-07,1205.86
GC-002638,Mr. Carl Lewis,"939 Day Union, Cape Verrin, Belmara County",Z3,Y,Frame,1986,Homeowners,271100.0,2025-10-13,1670.06
GC-002639,Donald Woods,"5194 Peterson Parkway, Cape Verrin, Belmara County",Z3,Y,Masonry Veneer,1959,Homeowners,367400.0,2023-06-01,2273.14
GC-002640,Jordan Calderon,"341 Victor Prairie Suite 403, Port Alden, Belmara County",Z1,Y,Masonry,1970,Commercial,895700.0,2022-06-14,6186.25
GC-002641,Rebecca Bailey,"8593 Katrina Plains Suite 362, Marsh Point, Belmara County",Z2,Y,Frame,1982,Commercial,927300.0,2022-04-11,7427.53
GC-002642,Steven Wilcox,"92719 King Loop, Marsh Point, Belmara County",Z2,Y,Frame,1987,Homeowners,360800.0,2025-08-27,2214.41
GC-002643,Erik Fisher,"20715 Stephen Shoals Suite 205, Port Alden, Belmara County",Z1,Y,Masonry Veneer,1960,Homeowners,219800.0,2023-12-21,1355.35
GC-002644,Matthew Ball,"544 Shannon Path, Ridgeview, Belmara County",Z4,N,Masonry,2019,Homeowners,112300.0,2021-12-31,341.39
GC-002645,Megan Bryant,"210 Stanley Dam, Port Alden, Belmara County",Z1,Y,Masonry Veneer,1967,Homeowners,153400.0,2023-11-02,923.54
GC-002646,Alexa Ramirez,"1124 Garcia Mills Suite 780, Cape Verrin, Belmara County",Z3,Y,Frame,1980,Commercial,759200.0,2025-09-13,6125.46
GC-002647,Diana Bender,"486 Webb Pike, Port Alden, Belmara County",Z1,Y,Frame,1984,Homeowners,432600.0,2021-11-29,2684.69
GC-002648,Trevor Hernandez,"44704 Harrison Crescent Apt. 187, Port Alden, Belmara County",Z1,Y,Frame,1980,Homeowners,245000.0,2022-11-25,1542.82
GC-002649,Adam Allen,"0443 Steven Dale Suite 668, Cape Verrin, Belmara County",Z3,Y,Masonry Veneer,1965,Homeowners,174600.0,2025-10-12,1058.44
GC-002650,Lisa Webb,"030 Yates Forks Apt. 779, Port Alden, Belmara County",Z1,Y,Frame,1992,Homeowners,338300.0,2023-07-19,2037.72
GC-002651,Natalie Mahoney,"6924 Johnson Walk, Marsh Point, Belmara County",Z2,Y,Masonry,2000,Homeowners,116100.0,2026-02-26,560.19
GC-002652,Ashley Donovan,"18643 John Via, Cape Verrin, Belmara County",Z3,Y,Frame,1955,Homeowners,496600.0,2025-07-02,3410.46
GC-002653,Howard Gray,"81275 Priscilla Mountains Apt. 034, Ridgeview, Belmara County",Z4,N,Masonry Veneer,2018,Homeowners,267900.0,2023-11-22,900.14
GC-002654,Peter Nelson,"6740 Clark Dam, Hollow Bay, Belmara County",Z5,N,Frame,2006,Homeowners,549400.0,2021-01-07,2021.79
GC-002655,Shaun Powers,"15411 Brittany Burg, Marsh Point, Belmara County",Z2,Y,Masonry,2024,Homeowners,376800.0,2025-03-02,1775.48
GC-002656,Alyssa Smith,"69300 Pitts Fall, Hollow Bay, Belmara County",Z5,N,Superior (Reinforced Concrete),2004,Homeowners,199800.0,2024-06-26,515.58
GC-002657,Michael Baker,"3538 Santiago Island Suite 116, Hollow Bay, Belmara County",Z5,N,Superior (Reinforced Concrete),1992,Commercial,1069700.0,2023-06-04,3705.1
GC-002658,Michael Barnett,"2618 Rosales Isle Suite 375, Port Alden, Belmara County",Z1,Y,Frame,1976,Commercial,2046500.0,2025-06-07,16751.09
GC-002659,Brittany Moreno,"81499 Ponce Falls Apt. 235, Marsh Point, Belmara County",Z2,Y,Frame,1993,Homeowners,285300.0,2024-08-17,1711.97
GC-002660,Leslie Petersen,"352 Matthew Valley, Port Alden, Belmara County",Z1,Y,Masonry Veneer,1984,Homeowners,194200.0,2025-07-28,1100.4
GC-002661,Angel Crawford DDS,"735 Kramer View, Hollow Bay, Belmara County",Z5,N,Masonry,2015,Homeowners,403900.0,2024-11-13,1227.86
GC-002662,Carlos White,"7744 Cunningham Greens Apt. 046, Marsh Point, Belmara County",Z2,Y,Superior (Reinforced Concrete),1985,Commercial,708100.0,2021-10-31,3902.38
GC-002663,Anthony Graham,"882 Evans Mews Apt. 755, Cape Verrin, Belmara County",Z3,Y,Frame,1994,Homeowners,483700.0,2023-03-13,2891.46
GC-002664,Kathleen Wheeler,"460 Donald Brooks Suite 072, Port Alden, Belmara County",Z1,Y,Masonry,1996,Homeowners,209700.0,2025-08-06,1027.63
GC-002665,Dawn Levine,"601 Brown Village, Millbrook, Belmara County",Z6,N,Frame,2022,Homeowners,331200.0,2021-02-07,1218.82
GC-002666,Sarah Olsen MD,"0792 Farley Lake Apt. 743, Marsh Point, Belmara County",Z2,Y,Superior (Reinforced Concrete),1980,Commercial,2159700.0,2023-11-16,12121.83
GC-002667,James Brown,"0394 Emily Ranch, Marsh Point, Belmara County",Z2,Y,Frame,1979,Homeowners,308800.0,2025-08-14,1951.63
GC-002668,Kim Gould,"8952 Ronald Turnpike, Ridgeview, Belmara County",Z4,N,Frame,2013,Homeowners,317800.0,2026-04-04,1169.5
GC-002669,Leslie Baker,"454 Dawson Knoll Suite 812, Marsh Point, Belmara County",Z2,Y,Frame,1959,Homeowners,327700.0,2021-02-02,2220.61
GC-002670,Corey Rodriguez,"271 David Drive Suite 023, Millbrook, Belmara County",Z6,N,Frame,1999,Homeowners,173300.0,2021-06-09,655.6
GC-002671,Christine Huffman,"6176 Page Trafficway, Millbrook, Belmara County",Z6,N,Masonry Veneer,2001,Homeowners,444800.0,2021-06-04,1524.42
GC-002672,Veronica Ramirez,"5112 Hall Common Apt. 050, Millbrook, Belmara County",Z6,N,Masonry,1990,Commercial,263600.0,2023-03-23,1092.43
GC-002673,Michelle Ballard,"74595 Laura Pine, Cape Verrin, Belmara County",Z3,Y,Frame,1966,Homeowners,314300.0,2023-11-20,2079.61
GC-002674,Theresa Ramos,"7423 Lucas Greens Apt. 373, Cape Verrin, Belmara County",Z3,Y,Masonry Veneer,1963,Homeowners,226400.0,2021-11-08,1381.89
GC-002675,Brandi Alexander,"692 Mallory Key, Cape Verrin, Belmara County",Z3,Y,Masonry,1999,Homeowners,261100.0,2024-12-03,1264.75
GC-002676,Adam Gray,"2143 Mckay Square Suite 965, Marsh Point, Belmara County",Z2,Y,Masonry Veneer,1968,Homeowners,387200.0,2024-04-22,2323.05
GC-002677,Jonathan Ward,"3105 Adam Port Apt. 187, Ridgeview, Belmara County",Z4,N,Masonry,2024,Homeowners,320100.0,2025-11-18,973.1
GC-002678,Maurice Carroll,"79337 Horn Forks Apt. 297, Hollow Bay, Belmara County",Z5,N,Superior (Reinforced Concrete),1998,Homeowners,153600.0,2022-05-02,405.8
GC-002679,Stacy Hill MD,"502 Santiago Landing Apt. 826, Port Alden, Belmara County",Z1,Y,Frame,1986,Homeowners,343100.0,2025-09-27,2113.61
GC-002680,Alicia Lawson,"20871 Sherry Crossing Suite 523, Millbrook, Belmara County",Z6,N,Masonry,2002,Homeowners,253700.0,2024-08-04,783.59
GC-002681,Maria Morris,"23315 Shah Crescent Suite 579, Cape Verrin, Belmara County",Z3,Y,Superior (Reinforced Concrete),1981,Commercial,857500.0,2022-06-08,4795.48
GC-002682,Christopher Smith,"0941 Rogers Extension, Cape Verrin, Belmara County",Z3,Y,Frame,1980,Homeowners,261000.0,2022-07-22,1643.57
GC-002683,Morgan Martinez,"07886 Banks Path, Cape Verrin, Belmara County",Z3,Y,Masonry,1971,Homeowners,230900.0,2025-08-02,1240.32
GC-002684,Kari Peterson,"95914 Williams River Suite 236, Hollow Bay, Belmara County",Z5,N,Masonry,1999,Homeowners,314600.0,2025-11-24,983.16
GC-002685,Eddie Long,"86518 Keith Spurs Apt. 043, Marsh Point, Belmara County",Z2,Y,Frame,1998,Homeowners,227500.0,2023-01-21,1339.19
GC-002686,Debra Bates,"462 Tony Lights, Cape Verrin, Belmara County",Z3,Y,Masonry,1966,Commercial,1241800.0,2022-11-23,8696.59
GC-002687,Corey Phillips,"416 Cole Bypass, Port Alden, Belmara County",Z1,Y,Masonry Veneer,1994,Homeowners,381300.0,2025-02-14,2081.13
GC-002688,Steven Castro,"858 Griffin River Apt. 106, Millbrook, Belmara County",Z6,N,Masonry,2012,Homeowners,651100.0,2023-05-09,1979.34
GC-002689,Teresa Ellis,"4187 Denise Mission, Ridgeview, Belmara County",Z4,N,Superior (Reinforced Concrete),2024,Homeowners,323100.0,2025-05-20,827.14
GC-002690,Stephanie Robinson,"12493 Ryan Grove Suite 982, Marsh Point, Belmara County",Z2,Y,Masonry,1980,Homeowners,366500.0,2022-09-20,1906.55
GC-002691,Deanna Wright,"047 Kelly Orchard Apt. 651, Millbrook, Belmara County",Z6,N,Frame,1997,Homeowners,322500.0,2022-07-07,1229.52
GC-002692,Sara Brooks,"9203 Terrence Fords, Millbrook, Belmara County",Z6,N,Frame,1958,Homeowners,272000.0,2026-01-29,1193.14
GC-002693,Paula Wilson,"7212 Adam Plaza Suite 789, Ridgeview, Belmara County",Z4,N,Frame,2009,Homeowners,282900.0,2022-09-24,1041.07
GC-002694,Kevin Richardson,"425 James Avenue, Marsh Point, Belmara County",Z2,Y,Frame,1976,Commercial,1103400.0,2023-01-08,9031.59
GC-002695,Rachel Dickerson,"8369 Heidi Ford Apt. 341, Marsh Point, Belmara County",Z2,Y,Masonry,1989,Homeowners,336900.0,2022-04-13,1695.42
GC-002696,Vanessa Underwood,"3298 Hamilton Plain Suite 997, Ridgeview, Belmara County",Z4,N,Masonry,2024,Homeowners,244300.0,2025-12-12,742.67
GC-002697,Rebekah Velasquez,"706 Angel Groves, Port Alden, Belmara County",Z1,Y,Masonry,1968,Commercial,846400.0,2021-02-14,5886.64
GC-002698,Ariana Ramirez,"70049 Jessica Shore, Port Alden, Belmara County",Z1,Y,Frame,1972,Homeowners,260700.0,2024-11-25,1689.27
GC-002699,Eric Dodson Jr.,"63876 Nancy Knolls Suite 740, Ridgeview, Belmara County",Z4,N,Frame,1982,Homeowners,173900.0,2021-06-28,701.39
GC-002700,Dawn Brooks,"1824 Parker Harbor Apt. 785, Cape Verrin, Belmara County",Z3,Y,Masonry Veneer,1991,Homeowners,382800.0,2025-06-10,2113.24
GC-002701,Lori King,"63492 Cynthia Dale Apt. 399, Marsh Point, Belmara County",Z2,Y,Masonry,1979,Homeowners,436200.0,2022-01-06,2277.35
GC-002702,Kelly Randall,"59007 Jason Dam, Ridgeview, Belmara County",Z4,N,Masonry Veneer,1992,Homeowners,223700.0,2022-04-07,793.72
GC-002703,Adriana Higgins,"6771 Greer Shores Suite 176, Ridgeview, Belmara County",Z4,N,Frame,2008,Homeowners,356500.0,2023-02-09,1311.92
GC-002704,Edward Butler,"116 Wood Shoal, Ridgeview, Belmara County",Z4,N,Masonry Veneer,1989,Homeowners,335800.0,2021-04-21,1205.01
GC-002705,Thomas Fuentes,"5766 Callahan Orchard Suite 085, Hollow Bay, Belmara County",Z5,N,Masonry Veneer,1987,Homeowners,172800.0,2022-07-09,624.73
GC-002706,Jonathan Mclaughlin,"296 Rivera Islands Apt. 175, Ridgeview, Belmara County",Z4,N,Masonry,2017,Homeowners,181400.0,2021-06-16,551.46
GC-002707,Kenneth Medina,"298 Ferrell Mountain Suite 442, Marsh Point, Belmara County",Z2,Y,Masonry,1958,Homeowners,381700.0,2022-12-28,2143.9
GC-002708,Jeffrey Mcdaniel,"069 Brooke Plain Suite 386, Cape Verrin, Belmara County",Z3,Y,Masonry Veneer,1989,Homeowners,122700.0,2023-09-11,682.48
GC-002709,Desiree Brown,"46639 John Union Apt. 430, Cape Verrin, Belmara County",Z3,Y,Masonry,1997,Commercial,454600.0,2024-08-05,2843.34
GC-002710,Joshua Lee,"01118 Barnett Locks, Port Alden, Belmara County",Z1,Y,Frame,1987,Homeowners,291900.0,2026-05-17,1791.54
GC-002711,Jonathan Morris,"5245 Ashley Cove Suite 143, Port Alden, Belmara County",Z1,Y,Masonry,2011,Commercial,1691500.0,2022-03-01,10212.01
GC-002712,Jim King,"835 Sharon Ports Apt. 871, Ridgeview, Belmara County",Z4,N,Frame,2004,Homeowners,334200.0,2025-03-08,1239.69
GC-002713,Erin Novak,"633 Page Summit Suite 417, Port Alden, Belmara County",Z1,Y,Masonry,2002,Homeowners,402000.0,2023-04-29,1924.53
GC-002714,Tammy Murphy,"19991 Anderson Wall Suite 947, Cape Verrin, Belmara County",Z3,Y,Masonry,2020,Homeowners,194200.0,2021-06-12,915.07
GC-002715,Travis Vargas,"842 Fox Lake Apt. 797, Millbrook, Belmara County",Z6,N,Masonry,1972,Commercial,1983900.0,2026-06-14,8778.2
GC-002716,John Acosta,"02719 Erin River, Hollow Bay, Belmara County",Z5,N,Frame,2019,Commercial,700700.0,2023-01-27,3303.8
GC-002717,Nathan Lowe,"38721 David Wall, Ridgeview, Belmara County",Z4,N,Frame,1990,Homeowners,270500.0,2023-04-20,1059.15
GC-002718,Mallory Armstrong,"6244 Barker Drive Apt. 165, Marsh Point, Belmara County",Z2,Y,Superior (Reinforced Concrete),1978,Homeowners,166500.0,2025-12-08,734.67
GC-002719,Daniel Conner,"508 Keith Street, Cape Verrin, Belmara County",Z3,Y,Masonry,1999,Homeowners,781900.0,2025-02-22,3787.47
GC-002720,Carl Allen,"0307 Edwards Walk, Ridgeview, Belmara County",Z4,N,Masonry,1989,Homeowners,165800.0,2025-03-22,538.31
GC-002721,Kelsey Campbell,"02484 Karen Key Apt. 745, Marsh Point, Belmara County",Z2,Y,Frame,1967,Homeowners,334400.0,2022-11-25,2204.97
GC-002722,Troy Burke,"80999 Johnson Greens, Millbrook, Belmara County",Z6,N,Frame,1997,Homeowners,399000.0,2024-04-12,1521.18
GC-002723,Eric French,"90771 Joe Isle, Hollow Bay, Belmara County",Z5,N,Frame,2015,Commercial,1009400.0,2025-11-03,4759.32
GC-002724,Dana Mcfarland,"3765 Scott Locks Apt. 727, Marsh Point, Belmara County",Z2,Y,Frame,1968,Homeowners,318400.0,2022-11-29,2092.21
GC-002725,Travis Morgan,"147 Hector Loaf Suite 615, Ridgeview, Belmara County",Z4,N,Masonry Veneer,1969,Commercial,2406200.0,2023-11-17,11891.78
GC-002726,Danielle Robinson,"427 Marisa Cliff, Hollow Bay, Belmara County",Z5,N,Frame,1960,Homeowners,280000.0,2022-09-04,1219.99
GC-002727,Timothy Garcia,"39062 Montgomery Streets Suite 824, Ridgeview, Belmara County",Z4,N,Frame,1981,Homeowners,686500.0,2021-01-09,2778.95
GC-002728,Kara Lewis,"99037 Haley Creek, Hollow Bay, Belmara County",Z5,N,Masonry Veneer,2024,Homeowners,175400.0,2023-08-28,589.34
GC-002729,Jeremy Greene,"7142 Kristine Corners Suite 220, Ridgeview, Belmara County",Z4,N,Masonry,1985,Homeowners,552100.0,2022-08-19,1819.37
GC-002730,Michelle Gates,"100 Flowers Field Suite 436, Cape Verrin, Belmara County",Z3,Y,Masonry Veneer,1973,Homeowners,240900.0,2021-07-07,1420.22
GC-002731,David Colon,"142 Hannah Station Apt. 072, Hollow Bay, Belmara County",Z5,N,Superior (Reinforced Concrete),2016,Homeowners,249300.0,2021-09-28,638.21
GC-002732,Steve Alexander,"2780 Dorsey Island, Cape Verrin, Belmara County",Z3,Y,Masonry,1964,Homeowners,400300.0,2022-07-17,2203.1
GC-002733,Ashley Guzman,"85300 Brianna Circle, Port Alden, Belmara County",Z1,Y,Masonry Veneer,1997,Homeowners,195100.0,2024-11-19,1052.66
GC-002734,Christine Cantrell,"677 Campbell Land Suite 172, Millbrook, Belmara County",Z6,N,Masonry,2020,Homeowners,294700.0,2025-03-23,895.89
GC-002735,Ellen Ford,"44633 Jennifer Viaduct, Cape Verrin, Belmara County",Z3,Y,Frame,2008,Homeowners,233500.0,2022-03-27,1331.88
GC-002736,Matthew Stanton,"415 Goodman Street Apt. 517, Cape Verrin, Belmara County",Z3,Y,Masonry Veneer,2002,Homeowners,278700.0,2025-04-23,1474.69
GC-002737,Damon Dudley,"517 Carroll Lights, Port Alden, Belmara County",Z1,Y,Frame,2015,Commercial,519900.0,2025-06-24,3799.56
GC-002738,Robert Ward,"6003 Seth Island Apt. 296, Cape Verrin, Belmara County",Z3,Y,Frame,1991,Commercial,723000.0,2022-08-30,5600.9
GC-002739,Kelli Walsh,"92225 Jessica Junction, Cape Verrin, Belmara County",Z3,Y,Superior (Reinforced Concrete),2011,Homeowners,458800.0,2023-02-01,1820.52
GC-002740,Thomas Walters,"2376 Williams Cliff, Millbrook, Belmara County",Z6,N,Frame,2011,Homeowners,532200.0,2021-06-22,1958.5
GC-002741,Timothy Parker,"97081 Kristy Drives, Millbrook, Belmara County",Z6,N,Masonry,2001,Homeowners,388500.0,2021-10-27,1204.66
GC-002742,Justin Martinez,"2439 Gabriel Route, Millbrook, Belmara County",Z6,N,Frame,1997,Commercial,4441200.0,2023-11-28,21694.11
GC-002743,Brandon Hays,"628 Johnson Valley Suite 953, Marsh Point, Belmara County",Z2,Y,Masonry,1982,Homeowners,146300.0,2026-02-23,755.54
GC-002744,Tammy Mcdonald,"476 Mcdaniel Burg, Hollow Bay, Belmara County",Z5,N,Masonry Veneer,2024,Homeowners,597300.0,2023-12-04,2006.93
GC-002745,William Wagner,"6666 Watts Forges Suite 094, Cape Verrin, Belmara County",Z3,Y,Superior (Reinforced Concrete),1992,Homeowners,204100.0,2021-09-23,855.22
GC-002746,Jason Moore,"085 Riley Isle Suite 297, Marsh Point, Belmara County",Z2,Y,Masonry,1963,Homeowners,535900.0,2025-11-02,2959.49
GC-002747,Jamie Cunningham,"25727 Crystal Hollow, Marsh Point, Belmara County",Z2,Y,Frame,1974,Commercial,546500.0,2022-06-16,4505.19
GC-002748,Sonia Weeks,"0472 Kimberly Springs, Cape Verrin, Belmara County",Z3,Y,Superior (Reinforced Concrete),1987,Homeowners,212100.0,2024-06-17,905.58
GC-002749,Mark Hutchinson,"6105 Sharon Hills Suite 180, Port Alden, Belmara County",Z1,Y,Frame,1997,Homeowners,312300.0,2022-09-10,1845.49
GC-002750,Dr. Jennifer Shaw,"887 Joseph Glen Suite 039, Ridgeview, Belmara County",Z4,N,Masonry,2006,Homeowners,457300.0,2024-11-19,1390.19
GC-002751,Joseph Simmons,"1344 Melissa Plains Apt. 318, Port Alden, Belmara County",Z1,Y,Frame,1966,Homeowners,262800.0,2026-05-17,1738.85
GC-002752,Alexander Foster,"7691 Deanna Turnpike, Ridgeview, Belmara County",Z4,N,Superior (Reinforced Concrete),1984,Homeowners,170800.0,2021-10-29,475.73
GC-002753,Kathleen Snyder,"980 Kimberly Wells, Port Alden, Belmara County",Z1,Y,Frame,1979,Homeowners,199100.0,2022-03-31,1258.32
GC-002754,Timothy Johnson,"18520 Courtney Garden Apt. 523, Port Alden, Belmara County",Z1,Y,Masonry,1995,Homeowners,614800.0,2022-03-30,3024.4
GC-002755,Cory Cervantes,"314 Brittney Fall Apt. 270, Ridgeview, Belmara County",Z4,N,Frame,1963,Commercial,499000.0,2023-04-29,2757.46
GC-002756,Bryan Larson,"2012 Munoz Vista Apt. 177, Ridgeview, Belmara County",Z4,N,Superior (Reinforced Concrete),2024,Homeowners,346800.0,2024-06-14,887.81
GC-002757,Jennifer Johnston,"01917 Melton Ville, Ridgeview, Belmara County",Z4,N,Masonry,1992,Homeowners,505300.0,2025-02-12,1622.13
GC-002758,Christy Todd,"8343 Wilson Cliffs Suite 474, Marsh Point, Belmara County",Z2,Y,Frame,1998,Homeowners,167500.0,2024-10-03,985.99
GC-002759,Brian Marshall,"870 Timothy Place, Port Alden, Belmara County",Z1,Y,Masonry,1994,Homeowners,115400.0,2023-03-15,569.87
GC-002760,Susan Anthony,"93808 Justin Station, Marsh Point, Belmara County",Z2,Y,Frame,1994,Homeowners,156100.0,2023-06-26,933.13
GC-002761,Ashley Monroe,"60059 Gregory Square, Millbrook, Belmara County",Z6,N,Masonry,1995,Commercial,2345000.0,2025-04-25,9535.66
GC-002762,David Vega,"76252 Nicole Corners Apt. 116, Cape Verrin, Belmara County",Z3,Y,Frame,2004,Homeowners,329900.0,2024-12-22,1896.8
GC-002763,Gregory Roberts,"67011 Griffin Creek, Port Alden, Belmara County",Z1,Y,Masonry,1971,Homeowners,279200.0,2023-03-15,1499.77
GC-002764,Jeffrey Leblanc,"290 Luis Isle Apt. 864, Hollow Bay, Belmara County",Z5,N,Frame,2004,Homeowners,318100.0,2021-11-16,1179.97
GC-002765,Jessica Hall,"20994 Timothy Valley, Marsh Point, Belmara County",Z2,Y,Masonry Veneer,1970,Commercial,250000.0,2022-07-10,1908.41
GC-002766,Gina Davidson,"0531 Maxwell Circle, Port Alden, Belmara County",Z1,Y,Frame,1996,Commercial,910800.0,2026-02-14,6922.61
GC-002767,Alyssa Morris,"84852 Gutierrez Overpass Suite 037, Marsh Point, Belmara County",Z2,Y,Superior (Reinforced Concrete),1988,Homeowners,445800.0,2023-06-19,1896.3
GC-002768,Jessica Bishop,"083 Debra Lock, Cape Verrin, Belmara County",Z3,Y,Masonry,1995,Homeowners,447400.0,2026-04-28,2200.91
GC-002769,Edward Williams,"5017 Scott Motorway, Port Alden, Belmara County",Z1,Y,Masonry,1993,Homeowners,352400.0,2024-11-08,1746.86
GC-002770,Vicki Sanchez,"290 Melanie Plaza, Ridgeview, Belmara County",Z4,N,Masonry,2001,Homeowners,528700.0,2021-01-23,1639.39
GC-002771,Bianca Ward,"13406 Melissa Place, Ridgeview, Belmara County",Z4,N,Frame,1998,Commercial,873300.0,2024-04-09,4249.37
GC-002772,Stephen Carlson,"24065 Carl Mountains Suite 711, Millbrook, Belmara County",Z6,N,Masonry,1997,Homeowners,204900.0,2021-04-17,645.32
GC-002773,Michael Nelson,"9688 Crane Roads Apt. 240, Cape Verrin, Belmara County",Z3,Y,Masonry,2020,Homeowners,273700.0,2021-12-28,1289.67
GC-002774,Matthew Johnson,"138 Becky Crossing Apt. 456, Marsh Point, Belmara County",Z2,Y,Frame,1980,Homeowners,242500.0,2025-06-19,1527.07
GC-002775,Mr. John Butler Jr.,"49601 Williams Drives Apt. 764, Ridgeview, Belmara County",Z4,N,Frame,2003,Homeowners,176100.0,2021-08-13,655.82
GC-002776,Timothy Webb,"22380 Padilla Keys Apt. 478, Ridgeview, Belmara County",Z4,N,Frame,2001,Homeowners,861100.0,2021-01-15,3232.22
GC-002777,Jessica Sandoval,"20959 Amanda Pine Suite 358, Marsh Point, Belmara County",Z2,Y,Masonry,1985,Homeowners,315200.0,2024-12-11,1609.98
GC-002778,Dr. Tyler Harvey PhD,"57024 Patricia Ridge, Ridgeview, Belmara County",Z4,N,Masonry Veneer,1981,Homeowners,213100.0,2021-07-07,787.62
GC-002779,Jonathan Wade,"984 Mitchell Heights, Ridgeview, Belmara County",Z4,N,Masonry Veneer,2002,Homeowners,521000.0,2024-08-01,1778.57
GC-002780,Michael Wright,"6523 Angela Plaza, Millbrook, Belmara County",Z6,N,Frame,1976,Homeowners,256900.0,2025-11-24,1058.84
GC-002781,Jesse Martin,"3533 Jacobson Loaf, Cape Verrin, Belmara County",Z3,Y,Masonry Veneer,2011,Commercial,6137500.0,2026-06-11,40954.0
GC-002782,Amy Garcia,"34014 Christopher Locks Apt. 452, Millbrook, Belmara County",Z6,N,Frame,2018,Homeowners,292600.0,2022-10-11,1076.77
GC-002783,Jennifer Morales,"33570 Hill Lakes Suite 143, Millbrook, Belmara County",Z6,N,Masonry Veneer,1989,Homeowners,160000.0,2025-12-20,574.16
GC-002784,Dylan Thomas,"75494 Frey Isle, Ridgeview, Belmara County",Z4,N,Masonry,2013,Homeowners,263400.0,2024-06-10,800.74
GC-002785,Dylan Hubbard,"884 Melissa Trafficway, Cape Verrin, Belmara County",Z3,Y,Masonry,1974,Homeowners,635000.0,2021-02-10,3375.11
GC-002786,David Rodriguez,"29116 Goodwin Row Apt. 464, Port Alden, Belmara County",Z1,Y,Masonry,2002,Homeowners,202800.0,2023-09-21,970.88
GC-002787,Kyle Mason,"47353 Brooks Rue Apt. 530, Port Alden, Belmara County",Z1,Y,Masonry,1984,Commercial,636600.0,2025-07-15,4181.52
GC-002788,Eugene Wilson,"183 Castillo Port Apt. 305, Marsh Point, Belmara County",Z2,Y,Frame,1987,Homeowners,201800.0,2021-10-29,1238.55
GC-002789,Robin Grant,"3108 Donald Lodge Suite 378, Ridgeview, Belmara County",Z4,N,Frame,2016,Homeowners,301000.0,2022-09-04,1107.68
GC-002790,Samantha Cruz,"3014 Smith Manor, Port Alden, Belmara County",Z1,Y,Superior (Reinforced Concrete),1970,Homeowners,477400.0,2024-07-13,2167.11
GC-002791,Leslie Wilson,"9637 Lawson Valleys, Marsh Point, Belmara County",Z2,Y,Frame,1989,Homeowners,123500.0,2025-05-20,752.35
GC-002792,Scott Brown,"065 Roger Vista Suite 715, Hollow Bay, Belmara County",Z5,N,Masonry Veneer,2009,Homeowners,272400.0,2026-03-21,915.26
GC-002793,Ashley Mccullough,"23160 Renee Trace Apt. 272, Millbrook, Belmara County",Z6,N,Masonry,2007,Homeowners,372400.0,2025-06-29,1132.1
GC-002794,Roberta Weaver,"212 Angela Common, Port Alden, Belmara County",Z1,Y,Frame,1988,Homeowners,208100.0,2025-01-01,1272.47
GC-002795,Michael Kelley,"0796 Williamson Via, Port Alden, Belmara County",Z1,Y,Masonry Veneer,1993,Homeowners,297300.0,2021-10-31,1628.85
GC-002796,Traci Wagner,"00141 Massey Dale Suite 607, Cape Verrin, Belmara County",Z3,Y,Frame,1990,Homeowners,188800.0,2022-07-28,1145.84
GC-002797,John Wright,"59528 Singh Station Suite 757, Hollow Bay, Belmara County",Z5,N,Masonry Veneer,2006,Homeowners,160100.0,2023-12-07,537.94
GC-002798,Cindy Molina,"982 Anthony Island Suite 797, Port Alden, Belmara County",Z1,Y,Masonry Veneer,1997,Homeowners,382600.0,2023-06-28,2064.31
GC-002799,Lindsay Nichols,"7607 Cortez Courts, Hollow Bay, Belmara County",Z5,N,Masonry,1983,Commercial,441800.0,2024-06-18,1879.13
GC-002800,Kevin Jacobs,"0439 Theresa Junctions, Cape Verrin, Belmara County",Z3,Y,Masonry,1982,Commercial,2240200.0,2021-08-31,14823.01
GC-002801,Jessica Johnson,"586 Coleman Bridge, Port Alden, Belmara County",Z1,Y,Masonry Veneer,1980,Homeowners,135400.0,2025-05-19,778.5
GC-002802,Jennifer Howard,"0751 Christopher Corners Suite 262, Millbrook, Belmara County",Z6,N,Frame,2000,Homeowners,431900.0,2025-05-10,1627.54
GC-002803,Jamie Roberson,"80245 Brown Keys Apt. 565, Port Alden, Belmara County",Z1,Y,Masonry,2000,Homeowners,318600.0,2026-03-14,1537.27
GC-002804,Christopher Hill,"7950 Sharp Mall, Cape Verrin, Belmara County",Z3,Y,Superior (Reinforced Concrete),1980,Homeowners,329700.0,2024-01-26,1444.31
GC-002805,Tammy Ayala,"3748 Luna Summit Apt. 512, Marsh Point, Belmara County",Z2,Y,Masonry,1998,Homeowners,388200.0,2026-04-07,1887.73
GC-002806,Gary Meyers,"7901 Trujillo Trail Apt. 279, Marsh Point, Belmara County",Z2,Y,Frame,2003,Commercial,1348000.0,2024-01-03,9969.74
GC-002807,Susan Howell,"2396 Scott Well Apt. 203, Ridgeview, Belmara County",Z4,N,Masonry,2015,Homeowners,480000.0,2021-11-01,1459.2
GC-002808,Gina Johnson,"84159 Shelly Haven, Ridgeview, Belmara County",Z4,N,Masonry Veneer,1993,Homeowners,179000.0,2022-11-16,632.71
GC-002809,Justin Flores,"85139 Brooks Gateway Suite 294, Marsh Point, Belmara County",Z2,Y,Masonry,1986,Homeowners,322900.0,2021-01-21,1643.23
GC-002810,Erik Sharp,"40852 Raymond Gardens, Hollow Bay, Belmara County",Z5,N,Masonry,2000,Homeowners,222100.0,2023-05-28,691.39
GC-002811,Stephen Jones,"737 Adrienne Run Suite 593, Cape Verrin, Belmara County",Z3,Y,Frame,1970,Homeowners,343100.0,2024-06-17,2238.86
GC-002812,Melissa Williams,"917 Linda Valley, Millbrook, Belmara County",Z6,N,Masonry,1990,Homeowners,228000.0,2025-02-15,737.48
GC-002813,Willie Harris,"85441 Wright Shoal, Marsh Point, Belmara County",Z2,Y,Frame,1959,Homeowners,249100.0,2025-02-01,1687.99
GC-002814,Jessica Ortega,"931 Thomas Plaza, Ridgeview, Belmara County",Z4,N,Frame,1999,Commercial,1415700.0,2022-05-05,6861.93
GC-002815,Monique Sutton,"93676 Ayers Tunnel, Port Alden, Belmara County",Z1,Y,Frame,1983,Commercial,746800.0,2025-05-26,5959.92
GC-002816,David Perry,"4554 Williamson Centers Apt. 481, Millbrook, Belmara County",Z6,N,Masonry,1973,Commercial,1217900.0,2024-08-07,5369.89
GC-002817,Renee Dominguez,"1102 Weber Ports, Port Alden, Belmara County",Z1,Y,Masonry Veneer,1991,Homeowners,390900.0,2022-09-07,2157.96
GC-002818,Daniel Carson,"33135 Larry Shoal, Cape Verrin, Belmara County",Z3,Y,Frame,2008,Homeowners,180800.0,2022-03-04,1031.28
GC-002819,Gabrielle Floyd,"26406 Lauren Manors Apt. 674, Hollow Bay, Belmara County",Z5,N,Masonry,2013,Homeowners,216500.0,2024-01-17,658.16
GC-002820,Erica Duarte,"8762 Sarah Manor Suite 834, Cape Verrin, Belmara County",Z3,Y,Frame,1987,Homeowners,488700.0,2025-08-02,2999.4
GC-002821,Jody Koch,"02940 Knight Views Suite 252, Ridgeview, Belmara County",Z4,N,Masonry Veneer,2006,Commercial,1004800.0,2022-12-19,4325.66
GC-002822,Brooke Yang,"937 Tate Estates Suite 828, Hollow Bay, Belmara County",Z5,N,Frame,1992,Homeowners,224200.0,2022-07-11,871.26
GC-002823,William Hansen,"949 Lynn Lights, Port Alden, Belmara County",Z1,Y,Masonry,1972,Homeowners,294800.0,2021-02-13,1578.01
GC-002824,Felicia Aguilar,"6446 Saunders Divide Apt. 900, Ridgeview, Belmara County",Z4,N,Superior (Reinforced Concrete),1983,Homeowners,215900.0,2024-08-15,603.55
GC-002825,Warren Jackson,"867 Rivera Park, Ridgeview, Belmara County",Z4,N,Masonry Veneer,2014,Commercial,1011100.0,2021-01-31,4352.79
GC-002826,Rachel Shaw,"9501 Bennett Cape Apt. 672, Cape Verrin, Belmara County",Z3,Y,Masonry Veneer,2004,Homeowners,221300.0,2022-03-17,1161.75
GC-002827,Tiffany Mckee,"004 Steven Station, Ridgeview, Belmara County",Z4,N,Frame,1990,Homeowners,251100.0,2023-09-23,983.19
GC-002828,Mark Allen,"31613 Smith Oval Apt. 164, Marsh Point, Belmara County",Z2,Y,Masonry,1975,Homeowners,362100.0,2023-05-15,1917.79
GC-002829,Franklin Thompson,"2832 Burns Parkway Suite 150, Marsh Point, Belmara County",Z2,Y,Masonry Veneer,1998,Homeowners,444700.0,2022-09-26,2390.11
GC-002830,Stephen Meyer,"5715 Houston Springs, Hollow Bay, Belmara County",Z5,N,Frame,2007,Homeowners,356000.0,2021-11-06,1310.08
GC-002831,Scott Perry,"93636 Russell Bridge Suite 955, Port Alden, Belmara County",Z1,Y,Frame,1989,Homeowners,325300.0,2025-05-26,1981.69
GC-002832,Jason Boyer,"39563 David Landing, Port Alden, Belmara County",Z1,Y,Masonry Veneer,1999,Homeowners,186600.0,2025-03-17,999.02
GC-002833,Kayla Brooks,"92126 Singleton Inlet Suite 978, Millbrook, Belmara County",Z6,N,Masonry,2003,Homeowners,179600.0,2024-08-18,552.54
GC-002834,John Molina,"319 Spears Centers Suite 270, Cape Verrin, Belmara County",Z3,Y,Masonry,2021,Homeowners,131700.0,2024-06-11,620.57
GC-002835,Daniel Duncan,"59164 Jimmy Crest, Ridgeview, Belmara County",Z4,N,Frame,2010,Commercial,560000.0,2022-07-14,2640.4
GC-002836,Douglas Willis,"76319 Ashley Parkway, Millbrook, Belmara County",Z6,N,Frame,2007,Homeowners,292400.0,2021-11-06,1076.03
GC-002837,Dana Ferrell,"553 Smith Turnpike, Hollow Bay, Belmara County",Z5,N,Frame,2024,Homeowners,428600.0,2024-01-22,1577.25
GC-002838,Corey Gutierrez,"7357 Brooks River Suite 298, Marsh Point, Belmara County",Z2,Y,Frame,2012,Commercial,702000.0,2026-04-20,5130.39
GC-002839,Austin Lloyd,"032 Harris Forge, Port Alden, Belmara County",Z1,Y,Superior (Reinforced Concrete),2013,Homeowners,385000.0,2022-03-24,1527.68
GC-002840,Elizabeth Mills,"6352 Kristin Villages Suite 118, Hollow Bay, Belmara County",Z5,N,Frame,2008,Homeowners,286400.0,2023-08-02,1053.95
GC-002841,Nicole Smith,"069 Wagner Loop, Cape Verrin, Belmara County",Z3,Y,Frame,2013,Homeowners,300300.0,2024-09-14,1712.91
GC-002842,Mary Hart,"111 Wayne Common, Marsh Point, Belmara County",Z2,Y,Frame,1994,Homeowners,430700.0,2023-03-31,2574.64
GC-002843,Robert Johnson,"666 Perez Run, Ridgeview, Belmara County",Z4,N,Masonry,1996,Homeowners,210000.0,2023-03-03,663.94
GC-002844,Lisa Castillo,"326 Perkins Harbors, Cape Verrin, Belmara County",Z3,Y,Superior (Reinforced Concrete),1967,Homeowners,568300.0,2022-07-29,2606.8
GC-002845,Corey Rowland,"029 Travis Burgs Apt. 753, Marsh Point, Belmara County",Z2,Y,Frame,1994,Homeowners,227600.0,2023-08-06,1360.55
GC-002846,Michael Wade,"324 Martinez Spurs, Hollow Bay, Belmara County",Z5,N,Masonry,1983,Homeowners,311300.0,2023-03-15,1033.42
GC-002847,Michael Perry,"503 Mike Parkway, Cape Verrin, Belmara County",Z3,Y,Masonry Veneer,1977,Homeowners,264100.0,2022-01-03,1534.98
GC-002848,Antonio Clarke,"652 Sweeney Road, Millbrook, Belmara County",Z6,N,Superior (Reinforced Concrete),2024,Homeowners,357900.0,2022-07-03,916.22
GC-002849,Joshua Jones,"98388 Regina Station Apt. 514, Hollow Bay, Belmara County",Z5,N,Superior (Reinforced Concrete),1997,Commercial,606700.0,2022-02-15,2061.62
GC-002850,Jessica Gutierrez,"61657 Combs Dam, Ridgeview, Belmara County",Z4,N,Frame,1984,Homeowners,241800.0,2024-08-03,968.13
GC-002851,Whitney Benjamin,"95490 Anna Points Suite 943, Marsh Point, Belmara County",Z2,Y,Frame,1972,Homeowners,508400.0,2023-03-06,3294.3
GC-002852,Natasha Scott,"7661 Samantha Plain Suite 550, Ridgeview, Belmara County",Z4,N,Masonry,2006,Homeowners,132100.0,2021-05-27,401.58
GC-002853,Tina Sexton,"595 Garner Passage, Millbrook, Belmara County",Z6,N,Masonry,1995,Homeowners,247300.0,2024-04-01,784.87
GC-002854,Tracy Elliott,"360 Beth Haven Apt. 270, Hollow Bay, Belmara County",Z5,N,Frame,1977,Homeowners,236700.0,2025-07-28,972.1
GC-002855,Brian Hampton,"0878 Wanda Mill, Marsh Point, Belmara County",Z2,Y,Masonry,1996,Homeowners,462100.0,2022-01-12,2264.51
GC-002856,Michael Johnson,"388 Sherry Estate, Hollow Bay, Belmara County",Z5,N,Superior (Reinforced Concrete),1991,Homeowners,691600.0,2021-05-14,1876.73
GC-002857,Thomas Williamson,"6372 James Mills Apt. 448, Millbrook, Belmara County",Z6,N,Frame,1990,Homeowners,199500.0,2025-02-04,781.15
GC-002858,Steven Ward,"71905 Hopkins Islands Suite 439, Port Alden, Belmara County",Z1,Y,Frame,1969,Homeowners,181600.0,2023-11-06,1189.15
GC-002859,John Stewart,"3931 King Ranch Apt. 954, Port Alden, Belmara County",Z1,Y,Masonry,1989,Homeowners,265500.0,2024-11-04,1336.11
GC-002860,Stephanie Valdez DDS,"058 Ferguson Centers, Port Alden, Belmara County",Z1,Y,Masonry,1995,Homeowners,297000.0,2021-06-14,1461.04
GC-002861,Erin Pollard,"266 Leslie Park, Cape Verrin, Belmara County",Z3,Y,Masonry,1997,Homeowners,375800.0,2022-12-17,1834.52
GC-002862,Stephanie Parks,"040 Kimberly Lights Apt. 597, Port Alden, Belmara County",Z1,Y,Masonry Veneer,1985,Homeowners,438900.0,2023-12-15,2477.8
GC-002863,Alexis Johnson,"73885 Long Trace, Port Alden, Belmara County",Z1,Y,Masonry,1991,Commercial,1689600.0,2025-02-15,10812.57
GC-002864,Lynn Chandler,"69390 Garcia Coves Suite 967, Port Alden, Belmara County",Z1,Y,Superior (Reinforced Concrete),2002,Homeowners,308500.0,2023-11-30,1243.71
GC-002865,Daniel Rodriguez,"4284 Michael Cliff, Ridgeview, Belmara County",Z4,N,Masonry,2011,Homeowners,385000.0,2025-11-18,1170.4
GC-002866,Vincent Aguilar,"59409 Martin Ports, Port Alden, Belmara County",Z1,Y,Masonry,2009,Homeowners,849000.0,2023-11-20,4000.49
GC-002867,Roger Edwards,"990 Kathleen Dam Apt. 887, Marsh Point, Belmara County",Z2,Y,Frame,2024,Homeowners,298700.0,2025-04-22,1703.78
GC-002868,Victoria Price,"62895 Patricia Tunnel Suite 039, Cape Verrin, Belmara County",Z3,Y,Masonry Veneer,1982,Homeowners,147900.0,2021-07-11,844.21
GC-002869,Valerie Pierce,"4308 William Lodge Apt. 293, Marsh Point, Belmara County",Z2,Y,Masonry,2002,Homeowners,393100.0,2024-01-21,1881.92
GC-002870,Shelia Fuentes,"66382 Thomas Keys, Ridgeview, Belmara County",Z4,N,Masonry,2007,Homeowners,458800.0,2025-04-07,1394.75
GC-002871,Kristin Pierce,"31178 Brown Mill, Marsh Point, Belmara County",Z2,Y,Frame,2008,Homeowners,279200.0,2023-03-21,1592.56
GC-002872,Jennifer Chavez,"288 Kathryn Well, Marsh Point, Belmara County",Z2,Y,Frame,1968,Commercial,814500.0,2023-08-11,6857.36
GC-002873,Thomas Schmidt,"7405 John Villages Apt. 360, Marsh Point, Belmara County",Z2,Y,Frame,1965,Homeowners,143300.0,2021-05-06,951.43
GC-002874,John Olson,"9726 Peterson Mountain, Cape Verrin, Belmara County",Z3,Y,Masonry,1984,Commercial,250000.0,2026-02-07,1642.13
GC-002875,Thomas Campbell,"4514 Perez Knolls Apt. 574, Cape Verrin, Belmara County",Z3,Y,Masonry Veneer,1996,Homeowners,247000.0,2022-11-02,1337.83
GC-002876,Elizabeth Cochran,"2699 Jasmine Via, Marsh Point, Belmara County",Z2,Y,Frame,1983,Homeowners,307600.0,2022-12-22,1915.97
GC-002877,Tiffany Gill,"56733 Jones Mount, Cape Verrin, Belmara County",Z3,Y,Masonry,1959,Homeowners,388400.0,2024-07-25,2174.21
GC-002878,Noah Snyder,"506 Tara Plains, Hollow Bay, Belmara County",Z5,N,Frame,2009,Homeowners,142300.0,2025-04-29,523.66
GC-002879,Nicholas Riddle,"6502 Flores Meadow, Ridgeview, Belmara County",Z4,N,Frame,2021,Homeowners,733200.0,2025-07-29,2698.18
GC-002880,Thomas Evans,"3338 John Road Suite 245, Millbrook, Belmara County",Z6,N,Frame,1994,Homeowners,292400.0,2023-09-27,1127.68
GC-002881,Gerald Stewart,"782 Lee Plains Apt. 324, Millbrook, Belmara County",Z6,N,Masonry,1967,Homeowners,252300.0,2024-02-06,886.64
GC-002882,Nancy Odonnell DDS,"86286 Benjamin Glen Suite 623, Ridgeview, Belmara County",Z4,N,Frame,1987,Homeowners,215400.0,2025-07-15,852.92
GC-002883,Allison Cohen,"478 Goodwin Square Apt. 681, Ridgeview, Belmara County",Z4,N,Masonry,2010,Homeowners,182900.0,2024-01-02,556.02
GC-002884,Shawna Hardin,"94123 William Square, Cape Verrin, Belmara County",Z3,Y,Masonry,1972,Homeowners,319500.0,2025-10-30,1710.23
GC-002885,Todd Duarte,"53941 Hill Land Suite 189, Cape Verrin, Belmara County",Z3,Y,Masonry,1954,Commercial,259200.0,2021-12-23,1890.35
GC-002886,Joshua Moreno,"40035 Walker Flats, Marsh Point, Belmara County",Z2,Y,Masonry Veneer,2004,Homeowners,644500.0,2021-08-10,3383.41
GC-002887,Brooke Hernandez,"54904 Riley Throughway Suite 571, Marsh Point, Belmara County",Z2,Y,Frame,1971,Homeowners,400700.0,2026-06-02,2605.58
GC-002888,Ricky Silva,"213 Kimberly Underpass Suite 086, Port Alden, Belmara County",Z1,Y,Masonry,2002,Homeowners,220500.0,2025-01-27,1055.62
GC-002889,Joshua Solomon,"4347 Williams Springs Apt. 309, Port Alden, Belmara County",Z1,Y,Frame,1980,Homeowners,213600.0,2021-08-05,1345.09
GC-002890,Isaiah Gonzales,"7363 Randy Gardens Apt. 846, Cape Verrin, Belmara County",Z3,Y,Frame,1998,Homeowners,489200.0,2022-04-25,2879.69
GC-002891,John Garner,"033 Collins Causeway, Ridgeview, Belmara County",Z4,N,Frame,1992,Homeowners,293000.0,2021-08-31,1138.62
GC-002892,Rhonda Patton,"9116 Jonathan Run Apt. 031, Marsh Point, Belmara County",Z2,Y,Superior (Reinforced Concrete),2015,Homeowners,162500.0,2023-01-12,644.8
GC-002893,Trevor Garcia,"66228 Cox Island Suite 140, Cape Verrin, Belmara County",Z3,Y,Superior (Reinforced Concrete),2021,Homeowners,227700.0,2022-11-13,903.51
GC-002894,Erin Gilbert,"29511 William Pine Suite 106, Ridgeview, Belmara County",Z4,N,Frame,1985,Homeowners,279000.0,2024-10-19,1112.96
GC-002895,Patricia Burgess,"60469 Dana Mills, Cape Verrin, Belmara County",Z3,Y,Frame,2006,Homeowners,116300.0,2021-05-27,663.38
GC-002896,Matthew Gonzalez,"624 Jones Burg, Cape Verrin, Belmara County",Z3,Y,Frame,2024,Commercial,1565500.0,2022-08-09,11441.07
GC-002897,Mark Gardner,"7321 Bailey Well Apt. 423, Port Alden, Belmara County",Z1,Y,Masonry Veneer,1971,Homeowners,455800.0,2022-01-21,2706.14
GC-002898,Laura Reed,"71107 Christina Landing Apt. 230, Port Alden, Belmara County",Z1,Y,Superior (Reinforced Concrete),1994,Commercial,966700.0,2022-03-23,5150.61
GC-002899,Margaret Curry DVM,"1485 Sarah Shoals Apt. 171, Hollow Bay, Belmara County",Z5,N,Superior (Reinforced Concrete),2011,Homeowners,217800.0,2022-06-28,557.57
GC-002900,Kenneth Stewart,"129 Kelly Trace Apt. 202, Cape Verrin, Belmara County",Z3,Y,Superior (Reinforced Concrete),2022,Commercial,1335100.0,2024-08-13,6787.65
GC-002901,Megan Dunn,"208 Taylor Vista Suite 680, Cape Verrin, Belmara County",Z3,Y,Frame,2000,Homeowners,437900.0,2024-12-17,2557.73
GC-002902,Robert Butler,"50507 Valerie Dale Suite 913, Cape Verrin, Belmara County",Z3,Y,Superior (Reinforced Concrete),1990,Homeowners,170000.0,2022-01-10,717.73
GC-002903,Elizabeth Brown,"0274 Cervantes Turnpike, Cape Verrin, Belmara County",Z3,Y,Superior (Reinforced Concrete),2005,Homeowners,158500.0,2023-02-04,631.44
GC-002904,Kristina Wagner,"0376 Scott Ranch Suite 285, Ridgeview, Belmara County",Z4,N,Frame,2024,Homeowners,206400.0,2025-11-01,759.55
GC-002905,Alicia Walker,"641 Hawkins Shoal, Marsh Point, Belmara County",Z2,Y,Superior (Reinforced Concrete),1984,Homeowners,267600.0,2026-02-15,1155.28
GC-002906,Carl Banks,"50487 Matthew Burgs Suite 182, Marsh Point, Belmara County",Z2,Y,Frame,1987,Commercial,1015800.0,2025-05-07,7987.92
GC-002907,Julie Jackson,"074 Scott Ports, Marsh Point, Belmara County",Z2,Y,Masonry,2005,Homeowners,319100.0,2022-07-16,1509.61
GC-002908,Laura Holt,"74003 Kelly Pines Suite 865, Hollow Bay, Belmara County",Z5,N,Frame,2022,Commercial,250000.0,2023-11-30,1178.75
GC-002909,Katelyn Clark,"9666 Scott Forges Suite 604, Marsh Point, Belmara County",Z2,Y,Frame,1994,Homeowners,483100.0,2024-02-29,2887.87
GC-002910,Rebecca Baker,"81803 Black Fords, Millbrook, Belmara County",Z6,N,Frame,2005,Homeowners,259100.0,2024-11-15,957.3
GC-002911,Brittany Larsen,"940 Robinson Gateway, Cape Verrin, Belmara County",Z3,Y,Masonry,1954,Homeowners,878500.0,2025-08-25,5000.51
GC-002912,Autumn Smith,"577 Anderson Meadows Suite 848, Port Alden, Belmara County",Z1,Y,Frame,1989,Homeowners,202500.0,2025-09-10,1233.6
GC-002913,Claire Yang,"67817 Hernandez Village Apt. 353, Marsh Point, Belmara County",Z2,Y,Frame,2016,Homeowners,198300.0,2024-01-13,1131.1
GC-002914,Dr. Christopher Greer,"303 Allen Lakes, Hollow Bay, Belmara County",Z5,N,Frame,2024,Commercial,1403000.0,2022-04-14,6615.14
GC-002915,Michael Sweeney,"853 Carol Points, Millbrook, Belmara County",Z6,N,Masonry Veneer,1985,Homeowners,391200.0,2022-12-03,1424.84
GC-002916,Sheryl Roberts,"14997 Gibson Isle, Millbrook, Belmara County",Z6,N,Masonry Veneer,1997,Homeowners,345200.0,2021-12-31,1201.63
GC-002917,John Powers,"0499 Barbara Mall Suite 819, Port Alden, Belmara County",Z1,Y,Masonry,1987,Homeowners,194600.0,2024-03-02,986.64
GC-002918,Rodney Price,"773 Davis Bypass Apt. 405, Cape Verrin, Belmara County",Z3,Y,Masonry Veneer,1950,Homeowners,462300.0,2021-05-14,2946.97
GC-002919,Terry Morales,"80417 Patterson Route, Marsh Point, Belmara County",Z2,Y,Masonry,2018,Homeowners,811700.0,2023-10-26,3824.73
GC-002920,Daniel Wells,"88771 Benton Ports, Millbrook, Belmara County",Z6,N,Masonry,2009,Commercial,1289500.0,2022-01-28,5022.6
GC-002921,Jasmine Hunter,"63411 Joseph Walks, Cape Verrin, Belmara County",Z3,Y,Frame,2014,Homeowners,258600.0,2024-05-10,1475.05
GC-002922,Zachary Stark,"1265 Benson Plaza Apt. 829, Ridgeview, Belmara County",Z4,N,Superior (Reinforced Concrete),1977,Commercial,1378700.0,2023-07-01,5046.7
GC-002923,Carol Henry,"249 Claudia Lodge Apt. 841, Ridgeview, Belmara County",Z4,N,Frame,2012,Homeowners,164900.0,2022-02-15,606.83
GC-002924,Hannah Kidd,"3730 Lewis Mall Apt. 185, Millbrook, Belmara County",Z6,N,Masonry Veneer,2009,Homeowners,236300.0,2021-09-18,793.97
GC-002925,Jamie Snyder,"69448 Joseph Inlet Apt. 004, Hollow Bay, Belmara County",Z5,N,Masonry,1998,Commercial,1036500.0,2021-04-12,4166.36
GC-002926,Jeremy Jenkins,"10640 Mack Rest, Hollow Bay, Belmara County",Z5,N,Frame,1988,Homeowners,340900.0,2023-10-14,1344.84
GC-002927,Mr. Joseph Martin,"427 Julia Green Suite 992, Marsh Point, Belmara County",Z2,Y,Frame,1950,Homeowners,200500.0,2024-07-30,1399.83
GC-002928,Jade Robles,"366 Braun Mission Suite 878, Marsh Point, Belmara County",Z2,Y,Masonry,1981,Homeowners,281600.0,2023-07-07,1459.59
GC-002929,Teresa Ponce,"710 Lopez Radial, Marsh Point, Belmara County",Z2,Y,Frame,2009,Homeowners,334900.0,2023-08-24,1910.27
GC-002930,Brenda Holland,"7718 Lee Locks, Millbrook, Belmara County",Z6,N,Superior (Reinforced Concrete),1956,Homeowners,153800.0,2024-01-23,472.47
GC-002931,Mark Alvarez,"040 Michael Underpass, Ridgeview, Belmara County",Z4,N,Frame,1997,Homeowners,165800.0,2023-08-27,632.11
GC-002932,Edward Harris,"6775 Timothy Alley, Ridgeview, Belmara County",Z4,N,Masonry,1994,Homeowners,278600.0,2022-12-17,887.6
GC-002933,William Keith,"76350 Marks Trace Suite 272, Hollow Bay, Belmara County",Z5,N,Frame,1983,Homeowners,312100.0,2024-10-28,1254.19
GC-002934,Lisa Johnson,"88176 Sanders Way Apt. 702, Millbrook, Belmara County",Z6,N,Masonry Veneer,2003,Homeowners,238600.0,2022-06-03,811.32
GC-002935,Emily Sampson,"391 Dixon Manor Suite 725, Hollow Bay, Belmara County",Z5,N,Frame,1989,Homeowners,340900.0,2023-05-14,1339.82
GC-002936,Ronald Cruz,"203 Oliver Lock Apt. 550, Ridgeview, Belmara County",Z4,N,Frame,1999,Homeowners,406000.0,2025-12-20,1535.91
GC-002937,Cathy Kent,"0973 Michelle Drives, Hollow Bay, Belmara County",Z5,N,Frame,2001,Commercial,2133000.0,2024-05-11,10258.24
GC-002938,Megan Ochoa,"7665 Douglas Islands Apt. 242, Cape Verrin, Belmara County",Z3,Y,Masonry,1976,Homeowners,326500.0,2025-06-16,1723.08
GC-002939,Marissa Holt,"435 Jacqueline Parkway Suite 178, Cape Verrin, Belmara County",Z3,Y,Masonry Veneer,1986,Commercial,443700.0,2026-05-07,3197.56
GC-002940,Holly Preston,"057 Jacob Fork, Hollow Bay, Belmara County",Z5,N,Masonry,2003,Commercial,611600.0,2022-12-05,2410.77
GC-002941,Robert Mathews,"5552 Rodriguez Crest Apt. 705, Ridgeview, Belmara County",Z4,N,Masonry,1997,Homeowners,264100.0,2025-10-04,831.77
GC-002942,Vicki Smith,"508 Schmidt Union, Millbrook, Belmara County",Z6,N,Frame,2002,Homeowners,215300.0,2023-04-07,804.98
GC-002943,Brandon Barton,"998 Rios Island Suite 926, Ridgeview, Belmara County",Z4,N,Masonry,2000,Homeowners,170300.0,2026-04-10,530.14
GC-002944,Jeffrey Johnson,"5151 Mcbride Radial, Hollow Bay, Belmara County",Z5,N,Frame,2009,Homeowners,334700.0,2022-04-07,1231.7
GC-002945,Jillian Crane,"378 Matthews Forge, Cape Verrin, Belmara County",Z3,Y,Frame,1995,Homeowners,319400.0,2021-11-18,1902.02
GC-002946,William Gibson,"4580 Claudia Park, Millbrook, Belmara County",Z6,N,Frame,2006,Homeowners,239900.0,2025-02-19,882.83
GC-002947,Christopher Gonzalez,"1646 Luis Squares Suite 532, Cape Verrin, Belmara County",Z3,Y,Masonry Veneer,1968,Homeowners,343900.0,2023-12-13,2063.27
GC-002948,Bethany Leonard,"0810 Joseph Spurs Apt. 297, Cape Verrin, Belmara County",Z3,Y,Frame,2024,Homeowners,251500.0,2022-11-25,1434.56
GC-002949,Justin Nelson,"74812 Robertson Oval Apt. 008, Ridgeview, Belmara County",Z4,N,Masonry,2007,Homeowners,465000.0,2022-11-21,1413.6
GC-002950,Erica Weaver,"8081 Smith Forge, Ridgeview, Belmara County",Z4,N,Masonry Veneer,1993,Commercial,1004500.0,2022-10-30,4549.24
GC-002951,Ryan Morgan,"105 Pollard Station, Ridgeview, Belmara County",Z4,N,Frame,2003,Commercial,1100500.0,2022-04-07,5251.12
GC-002952,Tyler Holmes,"902 Kimberly Cliff Apt. 669, Marsh Point, Belmara County",Z2,Y,Frame,2009,Homeowners,192300.0,2023-08-27,1096.88
GC-002953,Alex Taylor,"46764 William Drive, Port Alden, Belmara County",Z1,Y,Masonry Veneer,2001,Commercial,1494700.0,2022-06-12,10173.23
GC-002954,Misty Reed,"2074 Richards Spurs, Port Alden, Belmara County",Z1,Y,Frame,2010,Homeowners,240100.0,2024-11-17,1369.53
GC-002955,Linda Boone,"92033 Jennifer Green Suite 565, Cape Verrin, Belmara County",Z3,Y,Masonry,1993,Homeowners,149300.0,2022-06-02,740.08
GC-002956,Steven Wilson MD,"8130 Whitney Road Suite 043, Port Alden, Belmara County",Z1,Y,Frame,1982,Homeowners,302000.0,2025-07-16,1887.98
GC-002957,Laura Molina,"164 Williams Lights Apt. 953, Millbrook, Belmara County",Z6,N,Masonry,2008,Commercial,1756600.0,2021-02-12,6841.96
GC-002958,Beverly Martinez,"72487 Scott Ferry, Marsh Point, Belmara County",Z2,Y,Frame,1986,Homeowners,419300.0,2024-05-22,2583.02
GC-002959,Steven Caldwell,"7458 Wilson Summit Apt. 583, Port Alden, Belmara County",Z1,Y,Frame,1993,Commercial,534300.0,2022-12-16,4107.85
GC-002960,Emily Brandt,"4427 Cunningham Pass, Hollow Bay, Belmara County",Z5,N,Superior (Reinforced Concrete),1978,Homeowners,258900.0,2024-08-05,737.02
GC-002961,Christopher Hamilton,"6932 Beck Rapid Suite 276, Ridgeview, Belmara County",Z4,N,Masonry Veneer,1998,Homeowners,329300.0,2022-05-08,1141.85
GC-002962,Brenda Perry,"27534 Amanda Ridge, Cape Verrin, Belmara County",Z3,Y,Masonry,1980,Homeowners,356800.0,2021-09-26,1856.09
GC-002963,Michele Key,"780 Rebecca Tunnel Apt. 801, Ridgeview, Belmara County",Z4,N,Masonry,2012,Homeowners,214000.0,2022-07-02,650.56
GC-002964,Kathleen Gregory,"2945 Dennis Lights, Port Alden, Belmara County",Z1,Y,Frame,1966,Homeowners,378100.0,2022-07-06,2501.75
GC-002965,Laura Adams,"3414 Christine Burgs, Port Alden, Belmara County",Z1,Y,Superior (Reinforced Concrete),1963,Homeowners,246600.0,2023-10-14,1146.81
GC-002966,Charlotte Allen,"667 Pamela Manors, Hollow Bay, Belmara County",Z5,N,Masonry,1998,Commercial,1249600.0,2023-04-20,5022.94
GC-002967,Tina Scott,"201 Dorothy Circle Suite 083, Port Alden, Belmara County",Z1,Y,Masonry,2004,Homeowners,320200.0,2023-01-26,1520.85
GC-002968,Danielle Mcdonald,"0187 Dawson Turnpike, Cape Verrin, Belmara County",Z3,Y,Masonry Veneer,1986,Homeowners,295200.0,2022-04-07,1660.39
GC-002969,Haley Walker,"25393 Dennis Crossroad Suite 777, Ridgeview, Belmara County",Z4,N,Frame,2010,Homeowners,290900.0,2025-03-03,1070.51
GC-002970,Joy King,"502 Dominique Pike Suite 211, Millbrook, Belmara County",Z6,N,Frame,2010,Homeowners,325400.0,2024-01-14,1197.47
GC-002971,Diane Parker,"63839 Dawson Place, Cape Verrin, Belmara County",Z3,Y,Frame,1997,Homeowners,552800.0,2024-05-09,3266.69
GC-002972,Ronnie Marks Jr.,"475 Miguel Parkway, Port Alden, Belmara County",Z1,Y,Frame,2000,Homeowners,386500.0,2023-06-14,2257.51
GC-002973,Emily Mullins,"9392 Allen Rue, Ridgeview, Belmara County",Z4,N,Frame,1970,Homeowners,328300.0,2023-07-27,1382.12
GC-002974,Brittany Mcpherson,"6167 Jenkins Mills Suite 818, Marsh Point, Belmara County",Z2,Y,Frame,1962,Homeowners,375100.0,2025-07-08,2516.13
GC-002975,Laura Cobb MD,"139 Montgomery Highway Suite 921, Port Alden, Belmara County",Z1,Y,Masonry,1950,Homeowners,326300.0,2023-02-03,1881.93
GC-002976,Justin Goodman,"50194 Lewis Oval, Ridgeview, Belmara County",Z4,N,Masonry Veneer,1996,Homeowners,215000.0,2023-07-10,751.3
GC-002977,Brenda Leonard,"4997 Hudson Station Suite 822, Cape Verrin, Belmara County",Z3,Y,Masonry,1965,Homeowners,265800.0,2025-02-25,1457.85
GC-002978,Joshua Newman,"14286 Carlson Locks, Marsh Point, Belmara County",Z2,Y,Frame,2005,Homeowners,178100.0,2024-11-19,1019.95
GC-002979,Brady Freeman,"49096 Garcia Square Apt. 800, Marsh Point, Belmara County",Z2,Y,Masonry Veneer,2022,Homeowners,385300.0,2025-12-28,2006.64
GC-002980,Lynn Gomez,"42274 Henderson Squares Apt. 948, Marsh Point, Belmara County",Z2,Y,Masonry,1987,Homeowners,208300.0,2022-10-10,1056.1
GC-002981,Andrew Mcknight,"1972 Brown Shoal, Cape Verrin, Belmara County",Z3,Y,Masonry,1999,Homeowners,456300.0,2024-10-31,2210.29
GC-002982,Thomas Harris,"3675 Frazier Parks, Ridgeview, Belmara County",Z4,N,Frame,1986,Homeowners,357500.0,2022-12-09,1420.85
GC-002983,David Bowen,"5875 Jamie Cliff, Marsh Point, Belmara County",Z2,Y,Frame,2014,Homeowners,128200.0,2025-03-18,731.25
GC-002984,Michael Garza,"0771 Michelle Burgs, Millbrook, Belmara County",Z6,N,Masonry,2007,Homeowners,445600.0,2025-07-07,1354.62
GC-002985,Jennifer Bentley,"4666 Wall Groves, Marsh Point, Belmara County",Z2,Y,Superior (Reinforced Concrete),1981,Homeowners,208000.0,2024-10-22,907.88
GC-002986,Riley Hurst,"1243 Price Parkway, Port Alden, Belmara County",Z1,Y,Frame,1998,Homeowners,115000.0,2023-07-10,676.95
GC-002987,Danielle Mayo,"25369 Espinoza Lake, Marsh Point, Belmara County",Z2,Y,Superior (Reinforced Concrete),1982,Homeowners,213300.0,2021-07-26,927.63
GC-002988,Jeremy Fitzgerald,"3507 Julie Shore Suite 283, Port Alden, Belmara County",Z1,Y,Masonry,1962,Homeowners,304400.0,2021-02-02,1686.78
GC-002989,Elizabeth Murray,"6126 Jorge Square Apt. 631, Hollow Bay, Belmara County",Z5,N,Frame,1986,Homeowners,331000.0,2023-10-16,1315.53
GC-002990,Jennifer Valencia,"6443 Brandy Circles Suite 663, Cape Verrin, Belmara County",Z3,Y,Masonry,1996,Homeowners,390200.0,2024-02-09,1912.17
GC-002991,Mrs. Jennifer Price DDS,"51640 Dixon Ways, Cape Verrin, Belmara County",Z3,Y,Frame,2006,Homeowners,407300.0,2025-01-02,2323.24
GC-002992,Toni Joseph,"8113 Hubbard Terrace, Hollow Bay, Belmara County",Z5,N,Masonry,2013,Homeowners,355600.0,2025-04-06,1081.02
GC-002993,Timothy Blair,"652 Weeks Estates, Port Alden, Belmara County",Z1,Y,Masonry,1984,Commercial,1482600.0,2026-06-12,9738.5
GC-002994,Linda Carpenter,"7705 Evans Ramp Apt. 712, Millbrook, Belmara County",Z6,N,Masonry,2007,Commercial,590200.0,2022-08-02,2298.83
GC-002995,Tamara Cruz,"4827 Brandon Crossroad, Cape Verrin, Belmara County",Z3,Y,Frame,1972,Commercial,564500.0,2023-09-07,4686.58
GC-002996,Claire Dominguez,"26893 Ochoa Manor, Marsh Point, Belmara County",Z2,Y,Frame,1956,Homeowners,261300.0,2026-02-28,1788.55
GC-002997,Austin Hamilton,"57712 Alicia Extensions Suite 195, Millbrook, Belmara County",Z6,N,Masonry,2024,Homeowners,394700.0,2025-08-27,1199.89
GC-002998,Nicole Kennedy,"8922 Heather Lake Apt. 858, Ridgeview, Belmara County",Z4,N,Masonry,2011,Commercial,758200.0,2024-02-24,2953.19
GC-002999,Alexander Mcneil MD,"228 Charlene Fork, Hollow Bay, Belmara County",Z5,N,Masonry,1979,Homeowners,312700.0,2022-11-01,1053.27
GC-003000,Heather Thomas,"971 Barber Fields Suite 964, Cape Verrin, Belmara County",Z3,Y,Frame,1996,Commercial,1876500.0,2021-03-20,14262.49
GC-003001,Mr. Joseph Collins,"6455 Shawn Drive Apt. 101, Millbrook, Belmara County",Z6,N,Masonry Veneer,2002,Homeowners,400800.0,2026-05-22,1368.24
GC-003002,Dr. Molly Williams DDS,"6450 Daniels Run Apt. 580, Ridgeview, Belmara County",Z4,N,Frame,2011,Homeowners,322900.0,2024-12-07,1188.27
GC-003003,Justin May,"9744 Graham Radial Apt. 788, Ridgeview, Belmara County",Z4,N,Frame,1989,Homeowners,218600.0,2023-02-05,859.15
GC-003004,Jamie Greer,"5333 Roth Mills Suite 963, Cape Verrin, Belmara County",Z3,Y,Masonry Veneer,1998,Homeowners,179500.0,2024-11-09,964.75
GC-003005,John Shannon,"62819 Michael Falls, Millbrook, Belmara County",Z6,N,Masonry,2024,Commercial,745800.0,2023-11-30,2904.89
GC-003006,Dylan Dunn,"45052 Caroline Branch Suite 047, Hollow Bay, Belmara County",Z5,N,Masonry,1991,Homeowners,264700.0,2026-05-24,852.97
GC-003007,Jason Weber,"91459 Hayes Lodge Suite 098, Marsh Point, Belmara County",Z2,Y,Masonry,2002,Homeowners,263700.0,2023-08-13,1262.44
GC-003008,Taylor Carpenter,"4736 Diaz Ridges, Marsh Point, Belmara County",Z2,Y,Frame,1989,Homeowners,337900.0,2025-08-04,2058.44
GC-003009,Joseph Bell,"8955 Wilson Creek Suite 449, Millbrook, Belmara County",Z6,N,Superior (Reinforced Concrete),1991,Homeowners,90000.0,2021-06-28,244.22
GC-003010,Amy Graham,"57477 Ramirez Mill Apt. 123, Port Alden, Belmara County",Z1,Y,Frame,1968,Homeowners,311500.0,2023-04-08,2046.87
GC-003011,Kaylee Wallace,"91898 Rivera Park Apt. 229, Hollow Bay, Belmara County",Z5,N,Frame,2024,Homeowners,286700.0,2022-05-12,1055.06
GC-003012,Richard Hull,"054 Stevenson Mill Apt. 658, Cape Verrin, Belmara County",Z3,Y,Frame,1988,Homeowners,217300.0,2023-02-03,1328.72
GC-003013,Andrew Daniel,"344 Kelly Crossroad, Hollow Bay, Belmara County",Z5,N,Frame,2003,Homeowners,316200.0,2023-04-04,1177.58
GC-003014,Nancy Harrison,"93306 Young Landing, Millbrook, Belmara County",Z6,N,Masonry Veneer,1975,Homeowners,485600.0,2021-10-08,1833.94
GC-003015,Chloe Reeves,"9809 Bright Estate Apt. 196, Port Alden, Belmara County",Z1,Y,Masonry,1994,Homeowners,482400.0,2023-11-25,2382.18
GC-003016,Kelly Castro,"788 Kimberly Turnpike Suite 376, Marsh Point, Belmara County",Z2,Y,Masonry,2012,Commercial,709100.0,2024-10-19,4281.01
GC-003017,Kevin Harrison,"836 Jenkins Port, Millbrook, Belmara County",Z6,N,Superior (Reinforced Concrete),1995,Homeowners,212200.0,2024-08-09,567.13
GC-003018,Mr. Jonathan Cochran DVM,"44507 Caroline Estate, Marsh Point, Belmara County",Z2,Y,Frame,2013,Homeowners,200500.0,2021-03-07,1143.65
GC-003019,Stephanie Daniel,"107 Jennifer Spurs, Port Alden, Belmara County",Z1,Y,Frame,2003,Homeowners,268600.0,2022-05-01,1550.48
GC-003020,Jennifer Hernandez,"4630 Howell Skyway, Marsh Point, Belmara County",Z2,Y,Frame,2007,Homeowners,210600.0,2026-05-03,1201.26
GC-003021,Gregory Porter,"7539 Martin Unions, Hollow Bay, Belmara County",Z5,N,Frame,2016,Commercial,2510900.0,2024-01-06,11838.89
GC-003022,Kristen Moran,"088 Smith Isle Suite 380, Cape Verrin, Belmara County",Z3,Y,Frame,2006,Commercial,562200.0,2022-07-02,4108.7
GC-003023,Patrick Morgan,"68395 Kayla Streets Apt. 513, Ridgeview, Belmara County",Z4,N,Masonry,2019,Homeowners,250500.0,2025-02-19,761.52
GC-003024,Jennifer Perry,"28156 Angela Tunnel, Ridgeview, Belmara County",Z4,N,Frame,1990,Homeowners,244700.0,2022-03-27,958.13
GC-003025,Timothy Webb,"79821 Good Stream Apt. 413, Cape Verrin, Belmara County",Z3,Y,Frame,1986,Homeowners,179900.0,2024-10-08,1108.24
GC-003026,John Smith,"390 Schmidt Bypass Suite 848, Marsh Point, Belmara County",Z2,Y,Masonry,2015,Homeowners,325400.0,2021-12-30,1533.28
GC-003027,Scott Osborne,"7238 Coleman Shores, Millbrook, Belmara County",Z6,N,Frame,1998,Homeowners,186200.0,2021-04-17,707.14
GC-003028,Timothy Wells,"9573 Roberts Valleys Apt. 577, Port Alden, Belmara County",Z1,Y,Frame,2017,Homeowners,353900.0,2025-05-31,2018.65
GC-003029,Bonnie Rowland,"25898 Anthony Plains Suite 587, Marsh Point, Belmara County",Z2,Y,Frame,1989,Homeowners,216800.0,2024-01-06,1320.72
GC-003030,Grant Gordon,"2080 Keith Crescent Apt. 415, Port Alden, Belmara County",Z1,Y,Frame,1992,Homeowners,177500.0,2024-10-19,1069.16
GC-003031,John Dodson,"316 Smith Skyway Apt. 611, Hollow Bay, Belmara County",Z5,N,Frame,2024,Homeowners,270300.0,2025-07-13,994.7
GC-003032,Jacob Reyes,"34047 Williams Canyon Suite 584, Marsh Point, Belmara County",Z2,Y,Frame,1984,Homeowners,269600.0,2022-01-31,1673.12
GC-003033,Martin Matthews,"706 Sara Lights, Port Alden, Belmara County",Z1,Y,Frame,1956,Homeowners,455300.0,2025-01-01,3116.44
GC-003034,Richard Hanson,"5803 Clark Forge Suite 472, Millbrook, Belmara County",Z6,N,Masonry Veneer,1987,Homeowners,467300.0,2022-11-30,1689.46
GC-003035,Elizabeth Nguyen,"0833 Brown Track, Port Alden, Belmara County",Z1,Y,Frame,1991,Homeowners,228900.0,2023-03-02,1383.98
GC-003036,Shelby Contreras,"9663 Kaylee Stream Apt. 453, Ridgeview, Belmara County",Z4,N,Masonry Veneer,1960,Homeowners,203200.0,2026-02-25,808.38
GC-003037,Tiffany Dunn,"886 Chen Ville Suite 140, Marsh Point, Belmara County",Z2,Y,Frame,2014,Homeowners,312500.0,2023-02-27,1782.5
GC-003038,Jamie Rodgers,"987 Charles Views, Millbrook, Belmara County",Z6,N,Masonry Veneer,1995,Homeowners,246000.0,2025-03-06,862.93
GC-003039,Kevin Schmitt,"8813 Jerry Road Suite 691, Hollow Bay, Belmara County",Z5,N,Masonry,1986,Homeowners,338800.0,2024-02-08,1112.35
GC-003040,Kirsten Diaz,"4546 Cowan Land, Ridgeview, Belmara County",Z4,N,Superior (Reinforced Concrete),2000,Homeowners,175400.0,2023-12-26,459.8
GC-003041,Brian Cline,"1276 Foster Trail, Hollow Bay, Belmara County",Z5,N,Masonry,1997,Commercial,1190600.0,2025-10-15,4804.33
GC-003042,Rachel Raymond,"9474 Johnson Circle Suite 173, Port Alden, Belmara County",Z1,Y,Frame,2004,Homeowners,284900.0,2025-03-01,1638.07
GC-003043,Ann Rogers,"60426 Joseph Trail Suite 716, Millbrook, Belmara County",Z6,N,Frame,2011,Homeowners,492900.0,2021-08-31,1813.87
GC-003044,Ryan Baker,"2644 Fleming Parkway, Marsh Point, Belmara County",Z2,Y,Frame,1989,Commercial,652000.0,2023-06-20,5089.0
GC-003045,Briana Leach,"945 Miller Spring Apt. 378, Cape Verrin, Belmara County",Z3,Y,Frame,2005,Homeowners,242000.0,2024-11-16,1385.89
GC-003046,Kurt Washington,"09383 Wright Lock Suite 242, Marsh Point, Belmara County",Z2,Y,Masonry Veneer,2017,Homeowners,174200.0,2026-03-30,907.23
GC-003047,Meagan Smith,"1464 Smith Extension Suite 135, Port Alden, Belmara County",Z1,Y,Frame,2006,Homeowners,379300.0,2025-03-01,2163.53
GC-003048,Christopher Gomez,"83262 Jared Glens Apt. 551, Ridgeview, Belmara County",Z4,N,Masonry Veneer,1997,Homeowners,268900.0,2024-08-29,936.03
GC-003049,Laura Bell,"527 Smith Locks, Hollow Bay, Belmara County",Z5,N,Masonry,1985,Homeowners,124300.0,2022-07-29,409.61
GC-003050,Kathy Brown,"820 Moore Cliffs Apt. 633, Marsh Point, Belmara County",Z2,Y,Superior (Reinforced Concrete),1983,Homeowners,261900.0,2021-08-04,1134.83
GC-003051,Michael Lopez,"8132 Harrison Mission, Cape Verrin, Belmara County",Z3,Y,Masonry Veneer,1988,Commercial,2809300.0,2026-02-13,20095.45
GC-003052,Christopher Ortiz,"6746 Buck Underpass Apt. 946, Marsh Point, Belmara County",Z2,Y,Masonry Veneer,1975,Homeowners,619800.0,2021-03-24,3628.18
GC-003053,Jill Mccarthy,"294 Lawson Fields Apt. 367, Hollow Bay, Belmara County",Z5,N,Superior (Reinforced Concrete),2002,Homeowners,220300.0,2021-03-04,572.99
GC-003054,Stephen Moore,"8490 Hall Run Suite 783, Port Alden, Belmara County",Z1,Y,Frame,2024,Homeowners,257000.0,2025-04-02,1465.93
GC-003055,Amanda Jones,"317 Carlson Junctions, Port Alden, Belmara County",Z1,Y,Frame,1967,Commercial,516500.0,2022-08-23,4363.57
GC-003056,Andrew Clark,"31518 Daniel Lodge, Cape Verrin, Belmara County",Z3,Y,Masonry,1986,Homeowners,176500.0,2023-10-01,898.2
GC-003057,Robert Moore,"80193 Friedman Cliffs Apt. 543, Hollow Bay, Belmara County",Z5,N,Masonry,2018,Homeowners,494200.0,2025-03-09,1502.37
GC-003058,Kimberly Davis,"41591 Emily Trail Suite 086, Port Alden, Belmara County",Z1,Y,Masonry,1984,Homeowners,285600.0,2026-03-07,1464.17
GC-003059,Cynthia James,"6026 Lisa Inlet, Port Alden, Belmara County",Z1,Y,Masonry,1974,Commercial,1482600.0,2023-03-07,10096.53
GC-003060,Kathleen Fowler,"51826 Sherri Trail, Ridgeview, Belmara County",Z4,N,Frame,2016,Homeowners,175700.0,2023-01-14,646.58
GC-003061,Andrew Perry,"84015 Richard Prairie, Hollow Bay, Belmara County",Z5,N,Masonry,2000,Homeowners,308300.0,2026-04-24,959.73
GC-003062,Matthew Foster DDS,"99752 Schmidt Manor, Ridgeview, Belmara County",Z4,N,Frame,1989,Commercial,956200.0,2024-02-28,4815.06
GC-003063,Amber Ferguson,"168 Daniel Canyon Suite 373, Millbrook, Belmara County",Z6,N,Superior (Reinforced Concrete),1998,Commercial,1164300.0,2021-08-18,3941.11
GC-003064,Michael Chavez,"90390 Anthony Center Suite 626, Port Alden, Belmara County",Z1,Y,Masonry Veneer,2003,Commercial,2686800.0,2024-03-09,18143.48
GC-003065,Karen Chen,"4857 Bryan Extension Suite 381, Marsh Point, Belmara County",Z2,Y,Frame,1957,Homeowners,490300.0,2026-02-08,3344.82
GC-003066,Teresa Hernandez,"29725 Johnson Hill, Marsh Point, Belmara County",Z2,Y,Masonry Veneer,1990,Homeowners,167600.0,2025-02-27,928.72
GC-003067,Sarah Wright,"5431 Cobb Lake Suite 780, Port Alden, Belmara County",Z1,Y,Frame,1970,Homeowners,712400.0,2025-06-10,4648.68
GC-003068,Robert Guerra,"463 Jenkins Rapid, Hollow Bay, Belmara County",Z5,N,Frame,2008,Homeowners,313200.0,2021-05-23,1152.58
GC-003069,Dana Kirby,"504 Stephens Plains Suite 500, Marsh Point, Belmara County",Z2,Y,Frame,1984,Homeowners,159600.0,2024-10-19,990.47
GC-003070,Kathryn Marshall,"903 Scott Drive, Cape Verrin, Belmara County",Z3,Y,Masonry Veneer,1983,Commercial,1187600.0,2021-07-19,8653.62
GC-003071,Shawn Leon,"804 Jason Creek Suite 696, Ridgeview, Belmara County",Z4,N,Masonry,1983,Homeowners,281900.0,2024-01-21,935.82
GC-003072,Brian Miller,"19335 Adrian Mews Apt. 260, Millbrook, Belmara County",Z6,N,Frame,2008,Commercial,945000.0,2025-09-01,4455.67
GC-003073,Christine Fritz,"66331 Davis Center Apt. 310, Marsh Point, Belmara County",Z2,Y,Frame,2010,Homeowners,289600.0,2021-07-27,1651.88
GC-003074,Brady Cole,"7405 Cassandra Route Suite 081, Hollow Bay, Belmara County",Z5,N,Frame,1998,Homeowners,311500.0,2021-02-21,1183.0
GC-003075,Michelle Smith,"7352 Cuevas Lakes Suite 176, Cape Verrin, Belmara County",Z3,Y,Frame,1992,Homeowners,560700.0,2026-04-22,3377.33
GC-003076,Christopher Rodriguez,"28671 Randy Islands, Marsh Point, Belmara County",Z2,Y,Frame,1994,Commercial,705000.0,2023-02-25,5399.63
GC-003077,Alison Phillips,"57774 Elizabeth Prairie, Cape Verrin, Belmara County",Z3,Y,Masonry,2005,Commercial,1116700.0,2025-12-11,6768.76
GC-003078,John Jimenez,"27997 Martin Crossing, Ridgeview, Belmara County",Z4,N,Superior (Reinforced Concrete),1979,Homeowners,245200.0,2023-12-21,695.5
GC-003079,John Durham,"8317 Logan Crescent, Marsh Point, Belmara County",Z2,Y,Masonry,1992,Homeowners,535600.0,2025-06-17,2665.08
GC-003080,David Cummings,"48454 Gonzales Club, Ridgeview, Belmara County",Z4,N,Frame,2021,Homeowners,282200.0,2023-12-28,1038.5
GC-003081,Taylor Wallace,"419 Faith Locks Suite 450, Hollow Bay, Belmara County",Z5,N,Frame,1988,Homeowners,538200.0,2026-05-15,2123.18
GC-003082,Karen Olsen,"0117 Andrade Corners, Hollow Bay, Belmara County",Z5,N,Masonry Veneer,2024,Commercial,604700.0,2022-05-06,2603.23
GC-003083,James Clark,"12738 Mercedes Shores, Ridgeview, Belmara County",Z4,N,Masonry Veneer,1995,Commercial,572300.0,2023-07-17,2572.16
GC-003084,Lynn Santos,"03579 Howard Villages Suite 400, Cape Verrin, Belmara County",Z3,Y,Frame,1982,Homeowners,363200.0,2026-04-04,2270.58
GC-003085,Arthur Hampton,"2607 Melissa Club Apt. 643, Millbrook, Belmara County",Z6,N,Frame,2024,Homeowners,336000.0,2024-04-19,1236.48
GC-003086,Michael Turner,"47546 Thomas Terrace, Cape Verrin, Belmara County",Z3,Y,Frame,1950,Homeowners,684900.0,2024-01-26,4781.76
GC-003087,Beth Farley,"642 Laura Manors, Cape Verrin, Belmara County",Z3,Y,Frame,1992,Homeowners,345000.0,2021-02-21,2078.08
GC-003088,Deborah Brown,"59234 Myers Drive Apt. 746, Marsh Point, Belmara County",Z2,Y,Frame,1994,Homeowners,349500.0,2021-04-14,2089.24
GC-003089,Cole Schaefer,"4950 Johnson Islands, Millbrook, Belmara County",Z6,N,Masonry,2004,Homeowners,420600.0,2025-05-02,1288.85
GC-003090,Donna Davis,"1346 Cynthia Throughway, Port Alden, Belmara County",Z1,Y,Masonry,1980,Homeowners,624200.0,2021-12-27,3247.12
GC-003091,Theresa Daniels,"786 Chavez Lane, Ridgeview, Belmara County",Z4,N,Masonry Veneer,2014,Homeowners,158400.0,2024-04-25,532.22
GC-003092,Justin Miranda,"41544 Torres Parks, Port Alden, Belmara County",Z1,Y,Masonry,2009,Homeowners,395300.0,2025-10-22,1862.65
GC-003093,Derek Walker,"69701 Shaw Lake Apt. 531, Millbrook, Belmara County",Z6,N,Frame,2005,Homeowners,570100.0,2024-07-11,2106.36
GC-003094,Sarah Webb,"40937 Christopher Summit Apt. 859, Port Alden, Belmara County",Z1,Y,Frame,1968,Homeowners,423300.0,2026-05-29,2781.51
GC-003095,Kenneth West,"952 Mark Turnpike, Cape Verrin, Belmara County",Z3,Y,Masonry,1987,Homeowners,101200.0,2023-04-03,513.1
GC-003096,Heather George,"281 Griffin Drives Suite 680, Port Alden, Belmara County",Z1,Y,Superior (Reinforced Concrete),2002,Homeowners,289100.0,2025-07-05,1165.5
GC-003097,Daniel Koch,"1611 Hensley Camp, Marsh Point, Belmara County",Z2,Y,Frame,2018,Homeowners,252500.0,2025-06-30,1440.26
GC-003098,Michelle Nielsen,"78908 Phillip Union Apt. 112, Cape Verrin, Belmara County",Z3,Y,Frame,1984,Homeowners,291900.0,2022-03-17,1811.52
GC-003099,Samantha Stevens,"282 Jason Common Apt. 567, Millbrook, Belmara County",Z6,N,Masonry,1996,Commercial,915600.0,2024-11-23,3708.91
GC-003100,Mr. Roger Erickson II,"1627 Susan Green Apt. 342, Port Alden, Belmara County",Z1,Y,Masonry Veneer,1976,Homeowners,128200.0,2024-10-26,747.79
GC-003101,Michael Lopez II,"74214 Alexander Glen Apt. 079, Cape Verrin, Belmara County",Z3,Y,Masonry,2011,Commercial,1040400.0,2024-08-12,6281.15
GC-003102,John Rodriguez,"99425 Tiffany Shore Suite 925, Port Alden, Belmara County",Z1,Y,Frame,2013,Commercial,736000.0,2025-09-10,5378.87
GC-003103,Sergio Davidson,"558 Snyder Union, Marsh Point, Belmara County",Z2,Y,Masonry,1995,Homeowners,201300.0,2021-09-03,990.26
GC-003104,Lisa Foster,"3795 Hernandez Pike, Ridgeview, Belmara County",Z4,N,Masonry,1996,Homeowners,165900.0,2024-07-07,524.51
GC-003105,Ariana Woodward,"92135 Curtis Roads, Hollow Bay, Belmara County",Z5,N,Masonry,1997,Homeowners,363700.0,2021-01-11,1145.45
GC-003106,Matthew Williams,"5350 Miranda Lodge, Ridgeview, Belmara County",Z4,N,Frame,1982,Homeowners,314400.0,2021-04-20,1268.06
GC-003107,Diana Fox,"123 Mackenzie Crossroad Apt. 320, Marsh Point, Belmara County",Z2,Y,Superior (Reinforced Concrete),2008,Homeowners,265200.0,2021-05-14,1052.31
GC-003108,Rachel Mills,"709 Clark Village Apt. 370, Port Alden, Belmara County",Z1,Y,Masonry Veneer,2008,Homeowners,260300.0,2026-01-31,1355.64
GC-003109,Dr. Kristina Gonzales,"9213 Roger Streets, Ridgeview, Belmara County",Z4,N,Masonry,2004,Homeowners,223400.0,2024-09-06,684.57
GC-003110,Brenda Banks,"937 Nathan Road, Hollow Bay, Belmara County",Z5,N,Superior (Reinforced Concrete),2009,Homeowners,233900.0,2024-02-25,598.78
GC-003111,Timothy Kirby,"9883 James Route Suite 738, Hollow Bay, Belmara County",Z5,N,Frame,2013,Homeowners,196100.0,2025-07-04,721.65
GC-003112,Daniel Clark,"494 Jackson Ville, Ridgeview, Belmara County",Z4,N,Masonry Veneer,1969,Homeowners,340100.0,2026-05-02,1311.86
GC-003113,Eric Gonzales,"05355 Melissa Greens Apt. 180, Hollow Bay, Belmara County",Z5,N,Superior (Reinforced Concrete),2019,Homeowners,264200.0,2023-08-13,676.35
GC-003114,Roberta Cunningham,"502 Vasquez Ramp, Marsh Point, Belmara County",Z2,Y,Superior (Reinforced Concrete),1980,Homeowners,188300.0,2025-02-09,824.88
GC-003115,Pamela Nixon,"537 Victoria Meadow Suite 153, Millbrook, Belmara County",Z6,N,Masonry Veneer,2000,Commercial,437900.0,2022-09-04,1930.4
GC-003116,Andrew Ingram,"6706 Kathy Fort Apt. 191, Ridgeview, Belmara County",Z4,N,Frame,1986,Commercial,2266500.0,2022-01-09,11541.47
GC-003117,Melissa Duarte,"3093 Harris Crescent Apt. 403, Marsh Point, Belmara County",Z2,Y,Superior (Reinforced Concrete),1989,Homeowners,101100.0,2022-02-08,428.44
GC-003118,Marcus Kaufman Jr.,"9306 Lisa Prairie, Hollow Bay, Belmara County",Z5,N,Frame,2012,Homeowners,297600.0,2023-01-16,1095.17
GC-003119,Anthony Smith,"207 Lindsay Lock Apt. 474, Port Alden, Belmara County",Z1,Y,Masonry Veneer,1989,Homeowners,216800.0,2025-09-12,1205.87
GC-003120,Jeffrey Nelson,"25506 Davenport Ports Apt. 536, Port Alden, Belmara County",Z1,Y,Masonry Veneer,2015,Homeowners,297900.0,2021-02-10,1551.46
GC-003121,Teresa Weber,"07209 Woods Via, Ridgeview, Belmara County",Z4,N,Frame,1993,Homeowners,148400.0,2022-06-13,574.51
GC-003122,Lisa Boone,"508 Ashley Terrace Suite 844, Millbrook, Belmara County",Z6,N,Frame,1991,Homeowners,178900.0,2026-05-22,697.85
GC-003123,Gabriel Padilla,"744 Arthur Island, Hollow Bay, Belmara County",Z5,N,Masonry,2016,Homeowners,198100.0,2024-01-01,602.22
GC-003124,Timothy Fields,"5674 Anne Extensions, Hollow Bay, Belmara County",Z5,N,Frame,1994,Homeowners,326500.0,2023-08-29,1259.19
GC-003125,Nicholas Brewer,"930 Charles Glens Apt. 405, Hollow Bay, Belmara County",Z5,N,Masonry Veneer,1985,Commercial,1380100.0,2022-07-01,6440.4
GC-003126,Kimberly Hughes,"91446 Parker Glens Apt. 000, Port Alden, Belmara County",Z1,Y,Frame,1972,Homeowners,293000.0,2021-05-26,1898.56
GC-003127,Amanda Carter,"5497 Rice Forest Suite 875, Ridgeview, Belmara County",Z4,N,Masonry Veneer,2019,Homeowners,287700.0,2023-03-26,966.67
GC-003128,Jared Campbell,"6625 Henderson Corner, Port Alden, Belmara County",Z1,Y,Masonry Veneer,2013,Homeowners,391400.0,2023-08-21,2038.41
GC-003129,Kerri Horton,"118 George Coves Suite 525, Hollow Bay, Belmara County",Z5,N,Masonry,1999,Homeowners,203100.0,2023-06-10,634.71
GC-003130,Michael Richardson,"043 Matthew Brooks Suite 174, Port Alden, Belmara County",Z1,Y,Frame,1988,Homeowners,349200.0,2022-03-28,2135.25
GC-003131,Jeffrey Hill,"631 Hannah Forks Apt. 319, Ridgeview, Belmara County",Z4,N,Masonry,2012,Commercial,1499600.0,2021-05-25,5840.94
GC-003132,John Martin,"1684 Ramirez Ramp Suite 458, Cape Verrin, Belmara County",Z3,Y,Frame,2006,Homeowners,421600.0,2025-05-09,2404.81
GC-003133,Olivia King,"83281 Melissa Underpass Apt. 724, Millbrook, Belmara County",Z6,N,Frame,2008,Homeowners,267100.0,2024-07-03,982.93
GC-003134,Melanie Ramirez,"929 Goodman Islands Apt. 448, Hollow Bay, Belmara County",Z5,N,Frame,1992,Homeowners,176200.0,2023-12-21,684.73
GC-003135,Laura Torres,"465 Prince Freeway, Hollow Bay, Belmara County",Z5,N,Masonry,1997,Homeowners,176600.0,2026-04-15,556.19
GC-003136,Rebecca Moore,"878 Dawn Neck Apt. 767, Port Alden, Belmara County",Z1,Y,Masonry,1978,Homeowners,287100.0,2025-09-26,1504.33
GC-003137,David Armstrong,"8053 Gates Keys, Port Alden, Belmara County",Z1,Y,Masonry,1977,Homeowners,212000.0,2025-04-02,1114.82
GC-003138,Brett Medina,"2897 Alexander Valley, Port Alden, Belmara County",Z1,Y,Masonry,1965,Homeowners,239200.0,2024-04-17,1311.96
GC-003139,Jeffery Clements,"919 Carolyn Lakes, Millbrook, Belmara County",Z6,N,Superior (Reinforced Concrete),1992,Homeowners,254600.0,2024-05-23,688.28
GC-003140,Ryan Martinez,"76970 Fisher Walks, Millbrook, Belmara County",Z6,N,Frame,2009,Homeowners,210300.0,2024-07-08,773.9
GC-003141,Kenneth Johnson,"639 Washington Shore Suite 477, Ridgeview, Belmara County",Z4,N,Superior (Reinforced Concrete),1995,Homeowners,221000.0,2021-08-22,590.65
GC-003142,Sydney Gamble,"57702 Ferrell Summit Apt. 155, Cape Verrin, Belmara County",Z3,Y,Frame,2009,Homeowners,500200.0,2024-06-08,2853.14
GC-003143,Dawn Campbell,"5256 Tracy Grove Suite 555, Hollow Bay, Belmara County",Z5,N,Masonry,2022,Homeowners,276700.0,2022-03-25,841.17
GC-003144,Martha Myers,"35420 Johnson Port Suite 307, Port Alden, Belmara County",Z1,Y,Frame,1997,Homeowners,363600.0,2024-04-11,2148.64
GC-003145,Timothy Harrison,"6958 Brown Stravenue, Cape Verrin, Belmara County",Z3,Y,Masonry,1996,Homeowners,209700.0,2023-01-25,1027.63
GC-003146,Wendy Skinner,"660 Robert Manors, Cape Verrin, Belmara County",Z3,Y,Frame,1987,Commercial,2473600.0,2022-10-25,19451.59
GC-003147,Kimberly French,"6448 Darlene Trail, Millbrook, Belmara County",Z6,N,Masonry,2007,Homeowners,546800.0,2023-06-26,1662.27
GC-003148,Samantha Mcneil,"500 Morrison Locks, Ridgeview, Belmara County",Z4,N,Masonry,2001,Homeowners,245400.0,2021-07-03,760.94
GC-003149,Jessica Walker,"8424 Rodriguez Heights Apt. 916, Cape Verrin, Belmara County",Z3,Y,Frame,2005,Commercial,694700.0,2023-06-21,5097.35
GC-003150,Michael Perkins,"725 Max Courts, Millbrook, Belmara County",Z6,N,Frame,2024,Homeowners,223100.0,2021-11-06,821.01
GC-003151,Benjamin Simmons,"079 Jared Neck Apt. 081, Port Alden, Belmara County",Z1,Y,Masonry,2012,Homeowners,492800.0,2022-08-01,2322.07
GC-003152,Paul Brady,"37432 Andrews Stravenue, Millbrook, Belmara County",Z6,N,Frame,2004,Homeowners,369900.0,2022-06-16,1372.12
GC-003153,Richard Hanson,"016 Velez Ridge, Port Alden, Belmara County",Z1,Y,Masonry,2004,Homeowners,238200.0,2023-02-28,1131.38
GC-003154,Matthew Thompson,"4031 Amy Plaza Suite 914, Port Alden, Belmara County",Z1,Y,Frame,1991,Homeowners,152600.0,2024-07-06,922.66
GC-003155,Howard Bailey,"203 Anna Summit, Hollow Bay, Belmara County",Z5,N,Frame,1981,Homeowners,407100.0,2026-02-21,1647.94
GC-003156,Dr. Lindsey Cruz,"694 Jay Highway Apt. 837, Ridgeview, Belmara County",Z4,N,Masonry,2003,Homeowners,312100.0,2022-11-30,960.17
GC-003157,Scott Reese,"88463 Ball Garden Suite 850, Marsh Point, Belmara County",Z2,Y,Frame,1967,Commercial,1621700.0,2024-07-10,13700.67
GC-003158,Alexandra Zavala,"7217 Lisa Locks, Port Alden, Belmara County",Z1,Y,Frame,2009,Homeowners,293200.0,2022-04-22,1672.41
GC-003159,Anthony Skinner,"26799 Joshua Ville Suite 837, Hollow Bay, Belmara County",Z5,N,Masonry,1994,Homeowners,443000.0,2023-06-17,1411.36
GC-003160,Troy Higgins,"388 Valencia Common Apt. 867, Port Alden, Belmara County",Z1,Y,Frame,1982,Homeowners,542000.0,2025-07-03,3388.36
GC-003161,John Scott,"104 Scott Squares Apt. 969, Marsh Point, Belmara County",Z2,Y,Frame,2013,Homeowners,487900.0,2025-09-26,2782.98
GC-003162,Jane White,"57318 Donald Heights Apt. 410, Marsh Point, Belmara County",Z2,Y,Frame,1980,Homeowners,153300.0,2022-10-02,965.36
GC-003163,Brian Jones,"37026 Kim Courts Suite 963, Ridgeview, Belmara County",Z4,N,Superior (Reinforced Concrete),1998,Commercial,1019900.0,2025-09-11,3452.32
GC-003164,Emily Miller,"3110 Jennifer Pass, Port Alden, Belmara County",Z1,Y,Masonry,1989,Commercial,1696700.0,2023-06-21,10939.95
GC-003165,James Bridges,"70017 Bradley Course, Ridgeview, Belmara County",Z4,N,Masonry,1981,Commercial,750200.0,2025-12-26,3214.23
GC-003166,Joanne Perry,"3021 Lewis Forest, Marsh Point, Belmara County",Z2,Y,Frame,2018,Homeowners,1221600.0,2024-12-24,6968.01
GC-003167,Kyle Shepherd,"01492 Moore Views, Millbrook, Belmara County",Z6,N,Superior (Reinforced Concrete),1986,Homeowners,416900.0,2025-02-26,1152.65
GC-003168,Kristen Farrell,"400 Jones Pine, Cape Verrin, Belmara County",Z3,Y,Superior (Reinforced Concrete),1978,Homeowners,307100.0,2024-12-05,1355.05
GC-003169,Devin Schwartz,"0251 Wright Plains Apt. 471, Port Alden, Belmara County",Z1,Y,Frame,1989,Homeowners,696600.0,2021-08-08,4243.6
GC-003170,Justin Castaneda,"5015 Sandra Station, Port Alden, Belmara County",Z1,Y,Frame,1981,Homeowners,165700.0,2026-05-13,1039.67
GC-003171,Tony Carr,"27693 Hogan Throughway Suite 796, Ridgeview, Belmara County",Z4,N,Masonry,1963,Commercial,909400.0,2023-09-04,4151.36
GC-003172,Ryan Scott,"2575 Mary Extension Apt. 464, Port Alden, Belmara County",Z1,Y,Masonry Veneer,2016,Homeowners,286600.0,2025-07-08,1492.61
GC-003173,Jasmine Mcdowell,"75418 Victor Parks Apt. 148, Marsh Point, Belmara County",Z2,Y,Superior (Reinforced Concrete),2021,Commercial,1275700.0,2024-01-21,6485.66
GC-003174,Rachel Reyes,"019 Lambert Wall Suite 570, Hollow Bay, Belmara County",Z5,N,Frame,1994,Homeowners,322600.0,2023-09-08,1244.15
GC-003175,Jennifer Rojas,"0444 Rachel Harbors Apt. 942, Marsh Point, Belmara County",Z2,Y,Frame,1994,Homeowners,297200.0,2021-03-17,1776.6
GC-003176,Katherine Soto,"501 Fuentes Forks, Millbrook, Belmara County",Z6,N,Frame,1974,Homeowners,436900.0,2022-01-01,1813.59
GC-003177,Jorge Perry,"8497 Kelly Glens, Marsh Point, Belmara County",Z2,Y,Frame,1988,Homeowners,298900.0,2023-04-25,1827.68
GC-003178,Nicholas Ortega,"2076 Scott Branch, Marsh Point, Belmara County",Z2,Y,Masonry Veneer,1953,Homeowners,346600.0,2024-08-14,2187.77
GC-003179,Joseph Winters,"5972 Caitlin Run, Port Alden, Belmara County",Z1,Y,Masonry,1983,Homeowners,309400.0,2025-03-02,1592.02
GC-003180,Jenna Mclaughlin,"4171 Johnson Underpass, Ridgeview, Belmara County",Z4,N,Masonry Veneer,2008,Homeowners,320300.0,2026-02-06,1076.21
GC-003181,Adrian Watts PhD,"80077 White Haven Suite 576, Millbrook, Belmara County",Z6,N,Frame,2010,Homeowners,164300.0,2025-02-17,604.62
GC-003182,Mario Mccall,"66721 Lauren Fall Apt. 491, Millbrook, Belmara County",Z6,N,Masonry,2024,Homeowners,355600.0,2022-07-11,1081.02
GC-003183,Adam Reid,"52725 Nichols Flat, Millbrook, Belmara County",Z6,N,Superior (Reinforced Concrete),2014,Homeowners,457600.0,2023-02-25,1171.46
GC-003184,Ronald Buck,"089 George Trail Apt. 599, Millbrook, Belmara County",Z6,N,Masonry,2001,Homeowners,378900.0,2022-03-13,1174.89
GC-003185,Rhonda Watts,"880 Gregory Trail Apt. 562, Cape Verrin, Belmara County",Z3,Y,Masonry,1982,Commercial,786900.0,2026-01-26,5206.78
GC-003186,Daniel Davis,"802 Henry Shoals, Port Alden, Belmara County",Z1,Y,Masonry,1978,Homeowners,307900.0,2025-10-27,1613.32
GC-003187,Benjamin Powell,"063 Brown Landing, Port Alden, Belmara County",Z1,Y,Masonry Veneer,1976,Homeowners,262100.0,2024-04-12,1528.82
GC-003188,Lisa Dyer,"1676 Ryan Loop, Hollow Bay, Belmara County",Z5,N,Masonry,2013,Homeowners,191100.0,2024-12-15,580.94
GC-003189,Kenneth Liu,"636 David Lake Apt. 687, Cape Verrin, Belmara County",Z3,Y,Frame,1994,Commercial,3166900.0,2021-02-27,24255.43
GC-003190,Charles Brown,"54508 Paul Grove, Marsh Point, Belmara County",Z2,Y,Frame,2013,Homeowners,364300.0,2026-04-25,2077.97
GC-003191,Jeffrey Owen,"87183 Mcclain Throughway Apt. 006, Cape Verrin, Belmara County",Z3,Y,Frame,2009,Commercial,1963600.0,2021-09-23,14350.48
GC-003192,Joshua Robertson,"930 Joshua Circle, Hollow Bay, Belmara County",Z5,N,Masonry,1969,Homeowners,432100.0,2021-07-24,1507.99
GC-003193,Robert Copeland,"89706 Cunningham Vista Apt. 759, Cape Verrin, Belmara County",Z3,Y,Frame,2015,Commercial,851500.0,2024-12-17,6222.97
GC-003194,Dominique Mcdonald,"583 Jose Bridge, Port Alden, Belmara County",Z1,Y,Masonry,1976,Homeowners,329300.0,2025-01-10,1737.86
GC-003195,Matthew Ray,"6451 Adam Trafficway, Marsh Point, Belmara County",Z2,Y,Masonry,2011,Homeowners,152000.0,2021-02-12,716.22
GC-003196,Thomas Pope,"857 Evans Fords, Port Alden, Belmara County",Z1,Y,Frame,1995,Homeowners,361700.0,2023-11-24,2153.91
GC-003197,Katie Smith,"74062 Walter Tunnel Apt. 725, Cape Verrin, Belmara County",Z3,Y,Masonry,1997,Homeowners,204400.0,2022-03-18,997.81
GC-003198,Clinton Wood,"515 Villanueva Crescent, Millbrook, Belmara County",Z6,N,Superior (Reinforced Concrete),1995,Commercial,1932900.0,2021-03-21,6618.87
GC-003199,Christopher Mcdonald,"8875 Jennifer Crossing, Millbrook, Belmara County",Z6,N,Masonry,2000,Homeowners,242300.0,2021-06-18,754.27
GC-003200,Sean Reese,"418 Michael Course, Millbrook, Belmara County",Z6,N,Masonry,2024,Homeowners,294200.0,2023-04-25,894.37
GC-003201,Ashley Johnson,"4045 Mark Prairie, Hollow Bay, Belmara County",Z5,N,Frame,1994,Homeowners,123900.0,2026-05-21,477.84
GC-003202,Sara Robinson,"6926 West Pass, Millbrook, Belmara County",Z6,N,Frame,2001,Homeowners,241600.0,2025-03-15,906.87
GC-003203,Logan Williams,"523 Nicholas Center, Millbrook, Belmara County",Z6,N,Frame,2011,Homeowners,473400.0,2025-07-01,1742.11
GC-003204,Craig Shepherd,"24137 Chelsea Hills Apt. 258, Millbrook, Belmara County",Z6,N,Frame,2009,Homeowners,229800.0,2021-07-17,845.66
GC-003205,Andrea Walker MD,"64365 Christopher Inlet Suite 945, Millbrook, Belmara County",Z6,N,Masonry,1998,Homeowners,225300.0,2022-06-02,706.83
GC-003206,Kristen Wilson,"951 James Fort, Port Alden, Belmara County",Z1,Y,Frame,1954,Homeowners,405100.0,2025-09-04,2791.31
GC-003207,Tanya Rodriguez,"897 Norman Garden Apt. 230, Marsh Point, Belmara County",Z2,Y,Masonry Veneer,2004,Commercial,1840200.0,2021-09-15,12377.43
GC-003208,Robert Clark,"883 Doris Lights, Port Alden, Belmara County",Z1,Y,Masonry,1980,Homeowners,309500.0,2025-09-19,1610.03
GC-003209,Charles Johnson,"0400 Sanchez Village, Marsh Point, Belmara County",Z2,Y,Masonry Veneer,2002,Commercial,1911900.0,2021-11-23,12961.75
GC-003210,Jessica Gray,"0726 Joanna Mountain Suite 789, Ridgeview, Belmara County",Z4,N,Frame,1999,Homeowners,250100.0,2022-07-23,946.14
GC-003211,Jeffery Gutierrez,"3738 Megan Trail, Marsh Point, Belmara County",Z2,Y,Frame,1987,Commercial,1199600.0,2024-06-21,9433.27
GC-003212,Tonya Harris,"701 Kenneth Parks, Marsh Point, Belmara County",Z2,Y,Frame,1963,Commercial,1836500.0,2024-09-14,15730.12
GC-003213,Michael Cox,"10986 Richard Pines Apt. 816, Port Alden, Belmara County",Z1,Y,Frame,2003,Homeowners,306000.0,2024-10-14,1766.37
GC-003214,Laura Smith,"8812 Chapman Inlet Apt. 528, Hollow Bay, Belmara County",Z5,N,Frame,1997,Homeowners,180200.0,2025-08-26,687.01
GC-003215,Jamie Gordon,"8179 Eric Heights, Ridgeview, Belmara County",Z4,N,Masonry Veneer,1990,Homeowners,357300.0,2022-04-27,1277.36
GC-003216,Levi Hartman,"31080 Joseph Stream Apt. 985, Cape Verrin, Belmara County",Z3,Y,Frame,1995,Commercial,479400.0,2021-08-27,3657.73
GC-003217,Deanna Odonnell,"904 James Mall Suite 867, Port Alden, Belmara County",Z1,Y,Frame,1994,Homeowners,324600.0,2024-08-09,1940.39
GC-003218,Madison Hughes,"31806 Adkins Mall, Marsh Point, Belmara County",Z2,Y,Frame,2004,Homeowners,441800.0,2026-03-31,2540.19
GC-003219,Francisco Bowman,"430 Hardy Branch Apt. 782, Marsh Point, Belmara County",Z2,Y,Frame,1998,Homeowners,354300.0,2025-05-22,2085.6
GC-003220,Maria Cook,"1268 Johnson Common, Hollow Bay, Belmara County",Z5,N,Frame,2014,Homeowners,434800.0,2024-06-19,1600.06
GC-003221,Troy Tucker,"73142 Mary Skyway, Port Alden, Belmara County",Z1,Y,Masonry Veneer,1994,Homeowners,234600.0,2022-12-20,1280.44
GC-003222,William Nelson,"433 Tyler Plains Apt. 730, Millbrook, Belmara County",Z6,N,Masonry,2006,Homeowners,90000.0,2022-04-12,273.6
GC-003223,Sean Woods,"08407 Espinoza Locks Suite 015, Hollow Bay, Belmara County",Z5,N,Superior (Reinforced Concrete),2000,Homeowners,291900.0,2022-12-22,765.2
GC-003224,Edward Waller,"99785 Cooper Crossroad, Cape Verrin, Belmara County",Z3,Y,Masonry Veneer,1975,Homeowners,470300.0,2022-10-09,2753.04
GC-003225,Greg Dickerson,"5866 Thompson Fall, Marsh Point, Belmara County",Z2,Y,Masonry,1983,Homeowners,144200.0,2022-08-30,741.98
GC-003226,Amy Ford,"679 Williams Shores, Port Alden, Belmara County",Z1,Y,Frame,1950,Homeowners,294500.0,2025-04-14,2056.11
GC-003227,Ernest Ayala,"82738 Lambert Pine, Port Alden, Belmara County",Z1,Y,Frame,2024,Homeowners,195400.0,2026-06-03,1114.56
GC-003228,David Taylor,"986 Eric Rue, Port Alden, Belmara County",Z1,Y,Masonry,1983,Homeowners,279800.0,2023-09-29,1439.71
GC-003229,Jenny Mason,"96610 Michael Landing Suite 480, Cape Verrin, Belmara County",Z3,Y,Masonry,1969,Homeowners,317500.0,2022-07-23,1717.48
GC-003230,Emily Henry,"492 Thomas Fort, Cape Verrin, Belmara County",Z3,Y,Frame,1999,Homeowners,326400.0,2026-01-23,1913.92
GC-003231,April Ross,"126 Hensley Walk, Cape Verrin, Belmara County",Z3,Y,Masonry,1966,Homeowners,234800.0,2024-02-14,1283.4
GC-003232,Ronald Richards,"49091 Brandon Coves Suite 659, Cape Verrin, Belmara County",Z3,Y,Frame,1975,Homeowners,153800.0,2023-04-13,986.06
GC-003233,Ellen Bender,"01784 Anderson Street, Port Alden, Belmara County",Z1,Y,Frame,2001,Commercial,3188500.0,2024-05-13,23768.4
GC-003234,Monica Atkins,"52258 Parks Views, Marsh Point, Belmara County",Z2,Y,Frame,2008,Homeowners,211000.0,2021-07-02,1203.54
GC-003235,Jonathan Mullen,"66569 Brandon Mission, Cape Verrin, Belmara County",Z3,Y,Masonry Veneer,1999,Homeowners,324300.0,2022-11-16,1736.25
GC-003236,Joseph Contreras,"71340 Michael Brooks, Marsh Point, Belmara County",Z2,Y,Frame,1964,Homeowners,175500.0,2024-07-11,1169.23
GC-003237,Christopher Irwin,"3494 Morgan Meadows Suite 053, Ridgeview, Belmara County",Z4,N,Superior (Reinforced Concrete),1989,Homeowners,426500.0,2026-05-19,1166.09
GC-003238,Stephen Powers,"16028 Haynes Wells Suite 388, Ridgeview, Belmara County",Z4,N,Superior (Reinforced Concrete),1988,Commercial,621300.0,2021-04-19,2184.59
GC-003239,Gwendolyn Greene,"9204 Emily Islands Apt. 823, Port Alden, Belmara County",Z1,Y,Masonry,1982,Homeowners,496300.0,2026-04-05,2563.07
GC-003240,Scott Ross,"303 Carrie Park Suite 444, Marsh Point, Belmara County",Z2,Y,Frame,1995,Commercial,918300.0,2023-07-14,7006.46
GC-003241,Reginald Hester,"7867 Humphrey Center Suite 772, Ridgeview, Belmara County",Z4,N,Superior (Reinforced Concrete),1981,Homeowners,523700.0,2025-04-23,1474.74
GC-003242,Mark Long,"728 Doris Hill Apt. 906, Marsh Point, Belmara County",Z2,Y,Frame,1991,Commercial,1179000.0,2023-05-23,9133.41
GC-003243,Steven Hopkins,"09978 Carter Extensions, Port Alden, Belmara County",Z1,Y,Frame,1959,Homeowners,235700.0,2025-10-19,1597.19
GC-003244,Carmen Hudson,"4212 Rodney Parkways, Ridgeview, Belmara County",Z4,N,Masonry Veneer,2010,Homeowners,320500.0,2021-06-29,1076.88
GC-003245,Larry Montes,"48910 Day Mountains, Ridgeview, Belmara County",Z4,N,Frame,2002,Homeowners,224100.0,2021-11-27,837.88
GC-003246,Laura Ward,"45651 Victoria Fork Suite 344, Millbrook, Belmara County",Z6,N,Masonry,1990,Homeowners,369900.0,2022-01-16,1196.46
GC-003247,Sean Holt,"3139 Bishop Highway, Ridgeview, Belmara County",Z4,N,Masonry,1996,Homeowners,171900.0,2024-11-20,543.48
GC-003248,Timothy Fernandez,"9073 Eric Estates Apt. 112, Cape Verrin, Belmara County",Z3,Y,Frame,1996,Homeowners,167600.0,2026-02-11,994.23
GC-003249,Mark Davis,"4478 Katrina Roads, Cape Verrin, Belmara County",Z3,Y,Masonry,1995,Commercial,753500.0,2026-04-12,4749.23
GC-003250,Amber Brown,"0950 Cantu Lights, Port Alden, Belmara County",Z1,Y,Frame,1985,Homeowners,353200.0,2025-04-24,2183.88
GC-003251,Charlene Sullivan,"326 Chavez Alley Suite 980, Port Alden, Belmara County",Z1,Y,Frame,2001,Homeowners,247000.0,2024-12-05,1437.07
GC-003252,John Olson,"9877 Martin Run, Ridgeview, Belmara County",Z4,N,Superior (Reinforced Concrete),1995,Homeowners,334100.0,2022-07-16,892.93
GC-003253,Kevin Hamilton,"9184 Hill Coves, Cape Verrin, Belmara County",Z3,Y,Masonry Veneer,1992,Homeowners,160700.0,2024-07-03,883.79
GC-003254,Renee Gardner,"579 Alison Locks, Port Alden, Belmara County",Z1,Y,Masonry Veneer,1995,Homeowners,249700.0,2025-08-22,1357.66
GC-003255,Natalie Smith,"1599 Martin Haven Suite 871, Hollow Bay, Belmara County",Z5,N,Superior (Reinforced Concrete),2023,Homeowners,338900.0,2026-02-07,867.58
GC-003256,Gary Walker,"79313 Roth Isle, Millbrook, Belmara County",Z6,N,Masonry,1974,Commercial,1282100.0,2025-11-04,5632.98
GC-003257,Sheryl Jensen,"176 Mccoy Divide Apt. 000, Cape Verrin, Belmara County",Z3,Y,Masonry,1970,Homeowners,370000.0,2021-10-28,1994.5
GC-003258,Joseph Parker,"700 Martinez Crossroad Suite 380, Ridgeview, Belmara County",Z4,N,Masonry,2012,Commercial,541900.0,2026-02-03,2110.7
GC-003259,Rachel Lee,"3769 George Point, Ridgeview, Belmara County",Z4,N,Masonry,1999,Homeowners,263100.0,2022-10-19,822.22
GC-003260,Kenneth Clayton,"746 Harold Passage, Cape Verrin, Belmara County",Z3,Y,Superior (Reinforced Concrete),1962,Homeowners,236800.0,2024-11-09,1105.0
GC-003261,Karen Lee,"524 Amber Dale, Cape Verrin, Belmara County",Z3,Y,Frame,1978,Homeowners,347800.0,2022-09-24,2206.04
GC-003262,Allison Nguyen,"144 Valdez Grove, Port Alden, Belmara County",Z1,Y,Superior (Reinforced Concrete),2017,Homeowners,344100.0,2023-03-18,1365.39
GC-003263,Rebecca Wheeler,"459 Thompson Greens Apt. 840, Millbrook, Belmara County",Z6,N,Masonry,2024,Homeowners,139000.0,2026-04-02,422.56
GC-003264,Theresa Moran,"7157 Elizabeth Loop, Millbrook, Belmara County",Z6,N,Masonry Veneer,1982,Homeowners,178900.0,2021-02-03,658.81
GC-003265,Abigail Wallace,"182 Davis Crest Apt. 318, Cape Verrin, Belmara County",Z3,Y,Masonry,1993,Homeowners,464300.0,2022-08-13,2301.55
GC-003266,Carlos Smith,"144 Perry Club Suite 676, Cape Verrin, Belmara County",Z3,Y,Frame,1963,Homeowners,206700.0,2021-01-10,1381.81
GC-003267,Tracy Cortez,"434 Kayla Alley, Hollow Bay, Belmara County",Z5,N,Masonry,2024,Homeowners,487200.0,2022-08-11,1481.09
GC-003268,Mrs. Jacqueline Chavez,"5665 Khan Stream Apt. 977, Cape Verrin, Belmara County",Z3,Y,Frame,1969,Homeowners,214400.0,2024-04-03,1403.93
GC-003269,Angela Brown,"8590 John Center, Cape Verrin, Belmara County",Z3,Y,Frame,2019,Homeowners,215300.0,2025-06-04,1228.07
GC-003270,Elizabeth Brennan,"47061 Sampson Isle, Marsh Point, Belmara County",Z2,Y,Frame,1992,Homeowners,251200.0,2021-04-22,1513.08
GC-003271,Ryan Ford,"3428 Stephanie Station, Port Alden, Belmara County",Z1,Y,Masonry,1950,Commercial,558400.0,2025-08-18,4126.35
GC-003272,Madison Collier,"309 Rodriguez Ways, Millbrook, Belmara County",Z6,N,Superior (Reinforced Concrete),1997,Commercial,1497900.0,2024-07-30,5089.98
GC-003273,Brian Kirby,"1690 Ryan Ways Suite 059, Ridgeview, Belmara County",Z4,N,Frame,2024,Homeowners,409800.0,2025-12-23,1508.06
GC-003274,Bryan Stevens,"9631 Gutierrez Bypass Suite 087, Ridgeview, Belmara County",Z4,N,Masonry,1982,Homeowners,238100.0,2024-10-30,793.31
GC-003275,Jason Jones,"98308 Weaver Inlet, Port Alden, Belmara County",Z1,Y,Masonry,1973,Homeowners,243100.0,2025-02-11,1296.69
GC-003276,Jodi Hart,"3759 Andersen Streets, Millbrook, Belmara County",Z6,N,Masonry,1978,Homeowners,107600.0,2021-06-11,363.74
GC-003277,Michael Davies,"8230 Ashley Mill Apt. 547, Port Alden, Belmara County",Z1,Y,Masonry,1987,Homeowners,132400.0,2026-05-21,671.28
GC-003278,Leslie Kelly,"36721 Mary Light, Marsh Point, Belmara County",Z2,Y,Superior (Reinforced Concrete),1978,Homeowners,213000.0,2022-09-07,939.84
GC-003279,Nicholas Rasmussen,"82824 Parker Rest Apt. 371, Cape Verrin, Belmara County",Z3,Y,Masonry,1950,Homeowners,268400.0,2021-10-18,1547.99
GC-003280,Gabriel Bradley,"315 Fowler Mountains, Cape Verrin, Belmara County",Z3,Y,Masonry,1961,Homeowners,357200.0,2021-01-13,1986.09
GC-003281,Mrs. Courtney Macias,"1813 Roman Unions, Marsh Point, Belmara County",Z2,Y,Masonry,2005,Homeowners,268600.0,2021-03-28,1270.71
GC-003282,Donald Alexander,"6449 Brown Key, Port Alden, Belmara County",Z1,Y,Masonry Veneer,1963,Homeowners,174200.0,2024-07-08,1063.28
GC-003283,Kimberly Murphy,"427 Yvonne Squares, Millbrook, Belmara County",Z6,N,Frame,2001,Homeowners,151700.0,2024-07-24,569.42
GC-003284,Angel Madden,"8900 Bernard Causeway, Cape Verrin, Belmara County",Z3,Y,Frame,1966,Homeowners,434000.0,2024-03-20,2871.62
GC-003285,Samantha Mills,"1666 Curtis Trace Suite 294, Marsh Point, Belmara County",Z2,Y,Frame,1992,Homeowners,242900.0,2022-04-17,1463.09
GC-003286,Aaron Oneal,"80585 Joshua Springs Apt. 497, Marsh Point, Belmara County",Z2,Y,Frame,1981,Commercial,1355100.0,2023-10-23,10893.75
GC-003287,Mr. William Morris,"40030 Christopher Circles Suite 175, Marsh Point, Belmara County",Z2,Y,Masonry,2007,Homeowners,149600.0,2023-11-22,704.92
GC-003288,Lisa Thompson,"494 Barnes Rue, Cape Verrin, Belmara County",Z3,Y,Frame,1970,Homeowners,359600.0,2022-10-18,2346.53
GC-003289,Lisa Lawrence,"325 Carol Camp Apt. 026, Port Alden, Belmara County",Z1,Y,Masonry Veneer,1971,Homeowners,315000.0,2025-12-22,1870.19
GC-003290,Dennis Dean,"77708 Ray Vista, Cape Verrin, Belmara County",Z3,Y,Masonry,2012,Homeowners,382400.0,2021-02-20,1801.87
GC-003291,Jenny Jackson,"543 Scott Turnpike Apt. 138, Hollow Bay, Belmara County",Z5,N,Frame,2024,Homeowners,242600.0,2023-10-25,892.77
GC-003292,Autumn Edwards,"6941 Berg Cove Apt. 985, Marsh Point, Belmara County",Z2,Y,Masonry Veneer,1979,Commercial,1107400.0,2022-10-26,8187.46
GC-003293,Dr. Danielle Bullock,"5083 Allen Mountain, Millbrook, Belmara County",Z6,N,Masonry Veneer,2005,Homeowners,131400.0,2023-07-20,443.27
GC-003294,Christopher Flores,"43421 Ashley Union, Hollow Bay, Belmara County",Z5,N,Frame,2020,Homeowners,155800.0,2024-11-16,573.34
GC-003295,Rebecca Blackwell,"2807 Olivia Landing Apt. 064, Millbrook, Belmara County",Z6,N,Masonry,2024,Homeowners,240500.0,2021-02-22,731.12
GC-003296,Erika Nguyen,"8294 Thomas Springs, Port Alden, Belmara County",Z1,Y,Masonry,1998,Homeowners,236600.0,2026-06-06,1150.53
GC-003297,Kelly Lopez,"729 Michelle Summit Suite 062, Millbrook, Belmara County",Z6,N,Frame,2000,Homeowners,167400.0,2025-01-10,630.82
GC-003298,Heather Hunter,"360 Michael Plain Apt. 262, Ridgeview, Belmara County",Z4,N,Masonry Veneer,1994,Homeowners,114500.0,2024-04-02,403.19
GC-003299,Teresa Beck,"5011 Gonzalez Dale Suite 034, Ridgeview, Belmara County",Z4,N,Frame,1978,Homeowners,220800.0,2023-06-22,903.55
GC-003300,Sandra Baxter,"5688 Lewis Oval Apt. 379, Port Alden, Belmara County",Z1,Y,Frame,2002,Homeowners,132700.0,2023-02-19,769.03
GC-003301,Kaitlyn Warren,"82898 Lauren Squares Apt. 396, Ridgeview, Belmara County",Z4,N,Masonry,1987,Homeowners,498500.0,2021-04-17,1630.61
GC-003302,Erin Watts,"76445 Eric Islands Suite 222, Ridgeview, Belmara County",Z4,N,Masonry,1996,Homeowners,213400.0,2022-06-13,674.69
GC-003303,Vincent Douglas,"4429 Martinez Path Apt. 718, Port Alden, Belmara County",Z1,Y,Frame,1985,Commercial,3306900.0,2023-02-07,26197.73
GC-003304,Terri Williams,"939 Morgan Camp Suite 838, Millbrook, Belmara County",Z6,N,Masonry Veneer,1988,Homeowners,354400.0,2025-01-26,1276.52
GC-003305,Lisa Jones,"860 Benson Oval, Hollow Bay, Belmara County",Z5,N,Frame,2007,Homeowners,251100.0,2023-04-11,924.05
GC-003306,Meredith Norton,"36305 George Run, Port Alden, Belmara County",Z1,Y,Masonry,1972,Homeowners,415400.0,2025-05-08,2223.57
GC-003307,Nicole Durham,"096 Jones Forest Suite 288, Marsh Point, Belmara County",Z2,Y,Masonry,1966,Homeowners,287500.0,2021-02-05,1571.45
GC-003308,Lauren Leon,"888 Farmer Pine, Port Alden, Belmara County",Z1,Y,Frame,2009,Commercial,590800.0,2024-12-02,4317.71
GC-003309,Stephen Smith,"9236 John Loop, Marsh Point, Belmara County",Z2,Y,Superior (Reinforced Concrete),1983,Homeowners,238200.0,2024-07-03,1032.13
GC-003310,Katie Cook,"4372 Mary Extensions Suite 776, Hollow Bay, Belmara County",Z5,N,Frame,2006,Commercial,898200.0,2023-01-26,4235.01
GC-003311,Justin Cisneros,"918 Laurie Fort, Ridgeview, Belmara County",Z4,N,Frame,2023,Commercial,399900.0,2024-01-09,1885.53
GC-003312,Elizabeth Allen,"756 Thompson Point Apt. 801, Millbrook, Belmara County",Z6,N,Superior (Reinforced Concrete),2013,Homeowners,199600.0,2025-01-29,510.98
GC-003313,Sarah Kennedy,"91311 Tamara Knolls Suite 460, Marsh Point, Belmara County",Z2,Y,Masonry Veneer,1993,Homeowners,369700.0,2022-09-06,2025.52
GC-003314,Carlos Lewis,"78170 Thompson Gardens, Port Alden, Belmara County",Z1,Y,Frame,1994,Commercial,1125500.0,2026-06-10,8620.26
GC-003315,Kathleen Edwards,"85920 Robinson Walks, Port Alden, Belmara County",Z1,Y,Frame,1969,Homeowners,386500.0,2021-03-07,2530.88
GC-003316,James Anderson,"61891 Bailey Fork Apt. 001, Cape Verrin, Belmara County",Z3,Y,Superior (Reinforced Concrete),2016,Homeowners,539800.0,2024-06-02,2141.93
GC-003317,Matthew White,"36223 Charles Shore Suite 020, Cape Verrin, Belmara County",Z3,Y,Masonry,1998,Homeowners,190600.0,2021-10-05,926.85
GC-003318,Marissa Castro,"401 Price Loaf, Millbrook, Belmara County",Z6,N,Frame,2003,Homeowners,241200.0,2024-03-02,898.27
GC-003319,Michael Cabrera,"7272 Cynthia Haven, Millbrook, Belmara County",Z6,N,Frame,2011,Homeowners,235300.0,2024-02-15,865.9
GC-003320,Michael Duncan,"3533 Michael Creek, Hollow Bay, Belmara County",Z5,N,Masonry Veneer,1998,Commercial,649500.0,2021-01-26,2885.57
GC-003321,Michelle Fisher,"04946 Todd Camp Suite 151, Hollow Bay, Belmara County",Z5,N,Frame,2011,Homeowners,248800.0,2022-07-25,915.58
GC-003322,Matthew Johnson,"3092 Cantrell Neck Suite 135, Cape Verrin, Belmara County",Z3,Y,Frame,2005,Homeowners,361800.0,2023-09-14,2071.96
GC-003323,Melanie Perry,"90363 Castillo Flats, Cape Verrin, Belmara County",Z3,Y,Superior (Reinforced Concrete),1978,Homeowners,131500.0,2023-05-04,580.23
GC-003324,Brian Flores,"008 Garcia Divide, Hollow Bay, Belmara County",Z5,N,Masonry Veneer,1996,Homeowners,261100.0,2025-05-10,912.39
GC-003325,Katherine Williams,"8314 Cox Village Apt. 394, Millbrook, Belmara County",Z6,N,Frame,1985,Homeowners,387800.0,2021-10-02,1546.98
GC-003326,Sue Wood,"464 Brian Parkway Apt. 902, Marsh Point, Belmara County",Z2,Y,Frame,1998,Commercial,759000.0,2022-10-13,5724.46
GC-003327,Aaron Brooks,"98890 Manning Ville Apt. 750, Millbrook, Belmara County",Z6,N,Masonry,1988,Homeowners,174200.0,2022-04-07,567.7
GC-003328,Greg Ellison,"7750 Morales Lock, Hollow Bay, Belmara County",Z5,N,Frame,1999,Homeowners,184500.0,2026-05-16,697.97
GC-003329,Mary Nunez,"96568 Mueller Expressway Apt. 204, Port Alden, Belmara County",Z1,Y,Frame,1982,Homeowners,310900.0,2026-01-07,1943.62
GC-003330,Theresa Werner,"36534 Bennett Hill, Port Alden, Belmara County",Z1,Y,Masonry Veneer,1971,Homeowners,379100.0,2021-05-30,2250.76
GC-003331,Eddie Thomas,"97453 Michelle Lakes Suite 508, Port Alden, Belmara County",Z1,Y,Frame,2002,Homeowners,429400.0,2024-03-30,2488.49
GC-003332,Amber Fuller,"9547 Terri Manors, Hollow Bay, Belmara County",Z5,N,Frame,2007,Homeowners,247800.0,2023-10-28,911.9
GC-003333,Dawn Shepherd,"436 Benjamin Tunnel, Port Alden, Belmara County",Z1,Y,Masonry Veneer,1955,Homeowners,587600.0,2024-06-30,3684.51
GC-003334,Krystal Shepard,"0814 Ortega Mills Apt. 236, Millbrook, Belmara County",Z6,N,Superior (Reinforced Concrete),2009,Homeowners,193000.0,2024-04-13,494.08
GC-003335,Edward Vasquez,"22525 Odonnell Flats Apt. 341, Hollow Bay, Belmara County",Z5,N,Superior (Reinforced Concrete),1974,Homeowners,218700.0,2024-05-01,631.54
GC-003336,Cody Lopez,"541 Wood Springs, Port Alden, Belmara County",Z1,Y,Masonry,2002,Homeowners,325100.0,2023-04-04,1556.38
GC-003337,James Madden,"058 Spencer Plaza Apt. 739, Hollow Bay, Belmara County",Z5,N,Masonry,1995,Homeowners,172000.0,2024-08-31,545.89
GC-003338,Paul Carr,"108 Laurie Manors Suite 612, Marsh Point, Belmara County",Z2,Y,Masonry,1981,Homeowners,119100.0,2022-06-25,617.32
GC-003339,Rachael Bender,"4676 Ford Viaduct Suite 625, Port Alden, Belmara County",Z1,Y,Masonry,2021,Homeowners,281600.0,2023-02-11,1326.9
GC-003340,Kristen Dorsey,"143 Michael Bridge, Port Alden, Belmara County",Z1,Y,Masonry,1990,Homeowners,241000.0,2024-03-16,1208.27
GC-003341,Lauren Jackson,"02855 John Pines Apt. 552, Millbrook, Belmara County",Z6,N,Frame,1983,Homeowners,185100.0,2024-09-07,743.84
GC-003342,Cody Schaefer,"9181 Kimberly Ferry Apt. 905, Millbrook, Belmara County",Z6,N,Masonry Veneer,2018,Commercial,1293500.0,2022-10-13,5568.52
GC-003343,Wesley Burns,"830 Anna Pine, Hollow Bay, Belmara County",Z5,N,Masonry,2008,Homeowners,589600.0,2021-09-28,1792.38
GC-003344,Brian Jordan,"6921 Jessica Isle Apt. 719, Port Alden, Belmara County",Z1,Y,Masonry Veneer,1987,Homeowners,371900.0,2025-04-11,2084.06
GC-003345,Lance Good,"5406 Pamela Gateway Suite 673, Millbrook, Belmara County",Z6,N,Masonry,1981,Homeowners,335300.0,2022-04-20,1121.24
GC-003346,Elizabeth Wilson,"567 Franklin Rapid Suite 929, Ridgeview, Belmara County",Z4,N,Superior (Reinforced Concrete),1991,Homeowners,181600.0,2022-04-18,492.79
GC-003347,Norman Perez,"24370 Erica Roads Apt. 905, Port Alden, Belmara County",Z1,Y,Frame,1997,Homeowners,217200.0,2023-01-26,1283.51
GC-003348,Phillip Vega,"1343 Patricia Locks, Millbrook, Belmara County",Z6,N,Masonry Veneer,2014,Homeowners,338700.0,2025-06-06,1138.03
GC-003349,Savannah Hernandez,"8160 Patrick Road Apt. 917, Millbrook, Belmara County",Z6,N,Frame,2015,Homeowners,280100.0,2022-01-27,1030.77
GC-003350,Caitlin Adams,"3743 Wright Cape, Marsh Point, Belmara County",Z2,Y,Superior (Reinforced Concrete),1987,Homeowners,298800.0,2021-07-09,1275.75
GC-003351,Wayne Fox,"41357 Linda Summit Apt. 611, Marsh Point, Belmara County",Z2,Y,Masonry,1990,Homeowners,332000.0,2023-11-23,1664.5
GC-003352,Zachary Murray,"73478 Blackwell Terrace, Cape Verrin, Belmara County",Z3,Y,Masonry,1973,Homeowners,106200.0,2025-08-01,566.47
GC-003353,Gregg Martinez,"6473 Denise Tunnel Suite 885, Millbrook, Belmara County",Z6,N,Frame,1985,Commercial,907100.0,2022-03-14,4636.24
GC-003354,Jennifer Hall,"88943 Brandon Hills, Marsh Point, Belmara County",Z2,Y,Superior (Reinforced Concrete),1950,Homeowners,544300.0,2022-06-16,2643.57
GC-003355,Holly Hunter,"5608 Pamela Turnpike, Millbrook, Belmara County",Z6,N,Masonry,1989,Homeowners,219300.0,2025-11-20,712.01
GC-003356,Stephanie Romero,"244 Drake Ferry, Hollow Bay, Belmara County",Z5,N,Masonry,1993,Homeowners,285500.0,2022-12-10,913.05
GC-003357,Rachael Reynolds,"46087 Kathryn Mews Apt. 149, Marsh Point, Belmara County",Z2,Y,Masonry Veneer,1970,Homeowners,292000.0,2021-01-27,1739.72
GC-003358,Brandon Miller,"29380 Morgan Run Apt. 083, Millbrook, Belmara County",Z6,N,Masonry,2013,Homeowners,290500.0,2022-01-11,883.12
GC-003359,Brian Miller,"6492 Gonzalez Spurs Suite 813, Marsh Point, Belmara County",Z2,Y,Masonry Veneer,2005,Homeowners,569800.0,2025-09-19,2979.39
GC-003360,Tammy Alvarez,"278 Angela Lakes, Port Alden, Belmara County",Z1,Y,Frame,1954,Homeowners,145200.0,2024-04-30,1000.49
GC-003361,Daniel Riley,"883 Sarah Corners Apt. 671, Port Alden, Belmara County",Z1,Y,Masonry,1971,Homeowners,317500.0,2024-05-03,1705.51
GC-003362,Matthew Sanchez,"78760 William Inlet Apt. 726, Ridgeview, Belmara County",Z4,N,Masonry Veneer,1986,Homeowners,615800.0,2023-11-12,2234.62
GC-003363,Melissa Schmidt,"50391 Castillo Club, Hollow Bay, Belmara County",Z5,N,Frame,1979,Commercial,761400.0,2024-09-15,3977.72
GC-003364,Jorge Sanchez,"859 Shelly Centers, Hollow Bay, Belmara County",Z5,N,Frame,1984,Homeowners,185600.0,2021-01-22,743.11
GC-003365,Stephanie Sheppard,"8146 Wright Island, Ridgeview, Belmara County",Z4,N,Frame,1992,Homeowners,201500.0,2022-01-18,783.05
GC-003366,Raymond Lawrence,"20724 Garcia Springs, Hollow Bay, Belmara County",Z5,N,Frame,1994,Commercial,2114600.0,2021-08-16,10448.92
GC-003367,Jeffrey Preston,"06780 Erin Harbors, Hollow Bay, Belmara County",Z5,N,Masonry,2009,Homeowners,237300.0,2021-04-11,721.39
GC-003368,Andrew Miller,"80447 Victoria Way, Cape Verrin, Belmara County",Z3,Y,Masonry Veneer,1989,Commercial,2121700.0,2026-03-17,15120.29
GC-003369,William Harris,"48748 Powell Forest Suite 886, Millbrook, Belmara County",Z6,N,Masonry,2005,Homeowners,120600.0,2022-02-11,368.09
GC-003370,Karen Walker,"7606 Cheryl Run, Marsh Point, Belmara County",Z2,Y,Masonry Veneer,1975,Homeowners,408100.0,2025-01-30,2388.93
GC-003371,Margaret Mccarthy,"990 Ward Mountains Suite 169, Ridgeview, Belmara County",Z4,N,Masonry,1973,Homeowners,257300.0,2021-10-01,885.44
GC-003372,Maria Rubio,"3375 Norman Wall Suite 535, Marsh Point, Belmara County",Z2,Y,Frame,1978,Commercial,428400.0,2025-06-16,3481.51
GC-003373,Mr. Jon Warren,"945 Robert Plain, Ridgeview, Belmara County",Z4,N,Masonry,1981,Homeowners,218500.0,2023-05-04,730.66
GC-003374,Tanya Palmer,"4489 James River, Ridgeview, Belmara County",Z4,N,Masonry,1992,Homeowners,395500.0,2021-11-24,1269.65
GC-003375,Jamie Campbell,"5025 Crawford Circle Apt. 178, Millbrook, Belmara County",Z6,N,Masonry,2004,Homeowners,280900.0,2021-05-25,860.77
GC-003376,Gary Moyer,"1037 Clark Estates, Hollow Bay, Belmara County",Z5,N,Frame,1987,Commercial,613500.0,2022-09-19,3112.49
GC-003377,April Flowers,"3741 Samuel View, Marsh Point, Belmara County",Z2,Y,Masonry Veneer,1973,Homeowners,419400.0,2024-07-09,2472.55
GC-003378,Alexandra Simon,"1086 Christina Ramp Suite 078, Ridgeview, Belmara County",Z4,N,Masonry,2012,Homeowners,254700.0,2025-08-04,774.29
GC-003379,Richard Gregory,"94027 Chapman Falls, Cape Verrin, Belmara County",Z3,Y,Frame,1970,Homeowners,169700.0,2023-12-19,1107.36
GC-003380,Andrew Clay,"7555 Turner Lane Apt. 281, Ridgeview, Belmara County",Z4,N,Masonry Veneer,2017,Homeowners,224500.0,2024-04-27,754.32
GC-003381,Melissa Estrada,"6055 Clark Stravenue, Hollow Bay, Belmara County",Z5,N,Frame,1979,Commercial,1302700.0,2025-01-31,6805.59
GC-003382,Tina Campbell,"600 Reilly Views, Cape Verrin, Belmara County",Z3,Y,Frame,1991,Homeowners,435200.0,2021-01-01,2631.32
GC-003383,Shawn Brock,"531 Gray Brooks, Port Alden, Belmara County",Z1,Y,Frame,1991,Homeowners,207400.0,2023-06-05,1253.99
GC-003384,Carmen Carter,"9791 Kelly Forks Suite 975, Hollow Bay, Belmara County",Z5,N,Masonry,1995,Homeowners,472900.0,2026-01-06,1500.87
GC-003385,Ryan Cox,"68342 Smith Fields Apt. 882, Marsh Point, Belmara County",Z2,Y,Frame,1985,Homeowners,282500.0,2021-09-19,1746.74
GC-003386,Emily Bush,"660 Willie Throughway Suite 880, Ridgeview, Belmara County",Z4,N,Frame,2024,Homeowners,146800.0,2021-11-22,540.22
GC-003387,Dylan Smith,"48745 Devin Summit Suite 193, Marsh Point, Belmara County",Z2,Y,Masonry Veneer,1956,Homeowners,360600.0,2022-07-18,2253.61
GC-003388,Lisa Cline,"930 Phillips Cliff, Port Alden, Belmara County",Z1,Y,Frame,1996,Commercial,574800.0,2021-08-23,4368.81
GC-003389,Angela Gonzalez,"7999 Samantha Mountains Apt. 566, Port Alden, Belmara County",Z1,Y,Frame,1970,Homeowners,263100.0,2022-07-18,1716.83
GC-003390,Sarah Hawkins,"06365 Boyer Flat, Hollow Bay, Belmara County",Z5,N,Masonry,1988,Commercial,1628000.0,2026-03-11,6797.62
GC-003391,Benjamin Becker,"41367 Webb Light, Cape Verrin, Belmara County",Z3,Y,Frame,1990,Homeowners,393000.0,2022-05-30,2385.14
GC-003392,Lisa Ballard DDS,"224 Mendoza Mountain, Marsh Point, Belmara County",Z2,Y,Masonry,2002,Homeowners,189600.0,2023-02-26,907.69
GC-003393,Javier Edwards,"120 Cook Skyway Apt. 289, Port Alden, Belmara County",Z1,Y,Masonry Veneer,1972,Homeowners,139000.0,2021-07-08,822.36
GC-003394,Diana Evans,"9769 Blanchard Freeway, Port Alden, Belmara County",Z1,Y,Masonry Veneer,1950,Homeowners,487400.0,2022-01-09,3106.98
GC-003395,Jasmine Adams,"996 April Neck Suite 391, Port Alden, Belmara County",Z1,Y,Frame,1984,Homeowners,394200.0,2026-03-09,2446.39
GC-003396,Mrs. Kimberly Allen,"949 Gloria Turnpike, Marsh Point, Belmara County",Z2,Y,Masonry,1950,Homeowners,238400.0,2022-01-06,1374.97
GC-003397,John Lopez,"2544 Barber Neck, Port Alden, Belmara County",Z1,Y,Frame,1971,Homeowners,186900.0,2022-07-02,1215.33
GC-003398,Amy Guzman,"2874 Stephen Course Apt. 914, Port Alden, Belmara County",Z1,Y,Frame,1996,Homeowners,248300.0,2021-01-17,1472.96
GC-003399,Adam Cole,"035 Mills Rapid, Hollow Bay, Belmara County",Z5,N,Superior (Reinforced Concrete),2020,Homeowners,455600.0,2026-04-14,1166.34
GC-003400,Ashley Strong,"777 Pamela Mountains Suite 013, Hollow Bay, Belmara County",Z5,N,Masonry,2011,Homeowners,243400.0,2022-08-01,739.94
GC-003401,Megan Lewis,"6797 Mejia Valleys, Cape Verrin, Belmara County",Z3,Y,Masonry Veneer,1992,Homeowners,378700.0,2023-12-09,2082.72
GC-003402,David Hines,"1862 Russell Mill Suite 163, Millbrook, Belmara County",Z6,N,Masonry,1995,Homeowners,186300.0,2023-03-07,591.27
GC-003403,Pamela Long,"03262 Cohen Ridges, Marsh Point, Belmara County",Z2,Y,Masonry Veneer,2003,Commercial,3198100.0,2024-12-17,21596.2
GC-003404,Elizabeth Bishop,"5497 Johnson Island Apt. 644, Port Alden, Belmara County",Z1,Y,Frame,1987,Commercial,2173800.0,2025-07-18,17094.06
GC-003405,Rebekah Montoya,"1217 Jackson Plains Apt. 128, Port Alden, Belmara County",Z1,Y,Frame,1994,Commercial,1285600.0,2026-03-25,9846.47
GC-003406,Stephanie Hardin,"009 Mackenzie Knoll, Port Alden, Belmara County",Z1,Y,Frame,2016,Commercial,1627300.0,2025-10-23,11892.72
GC-003407,James Johnson,"8696 Benjamin Common Apt. 331, Ridgeview, Belmara County",Z4,N,Masonry,2004,Commercial,1571300.0,2025-02-13,6169.18
GC-003408,Emily Drake,"1575 Neal Drive, Port Alden, Belmara County",Z1,Y,Masonry,2018,Homeowners,220600.0,2023-11-16,1039.47
GC-003409,Joseph Cherry,"277 Linda Fork, Millbrook, Belmara County",Z6,N,Frame,2000,Homeowners,230100.0,2024-09-01,867.09
GC-003410,Gary Mcmillan,"01844 West Lane Apt. 629, Ridgeview, Belmara County",Z4,N,Masonry,1974,Commercial,668700.0,2022-03-17,2937.97
GC-003411,Suzanne Wise,"641 Jason Place, Millbrook, Belmara County",Z6,N,Masonry,2018,Homeowners,294500.0,2021-01-31,895.28
GC-003412,Mark Pace,"26523 Walters Meadow Suite 546, Millbrook, Belmara County",Z6,N,Superior (Reinforced Concrete),1999,Homeowners,384200.0,2026-03-24,1011.09
GC-003413,Bethany Hopkins,"84672 Green Spring, Marsh Point, Belmara County",Z2,Y,Masonry,1973,Homeowners,110000.0,2024-11-06,586.74
GC-003414,Shane Harding,"891 Frazier Views, Hollow Bay, Belmara County",Z5,N,Masonry,2000,Homeowners,245200.0,2022-11-14,763.3
GC-003415,Daniel Walter,"56286 Tyler Pass Apt. 384, Port Alden, Belmara County",Z1,Y,Frame,2004,Homeowners,455100.0,2021-01-07,2616.66
GC-003416,Jordan Cook,"40749 Wesley Street, Port Alden, Belmara County",Z1,Y,Masonry,2013,Homeowners,231700.0,2026-02-19,1091.77
GC-003417,James Mcdowell,"405 Mack Mall, Marsh Point, Belmara County",Z2,Y,Superior (Reinforced Concrete),1972,Homeowners,509400.0,2021-02-25,2296.2
GC-003418,Angela Brown,"611 Wise Motorway, Hollow Bay, Belmara County",Z5,N,Masonry,2024,Homeowners,385400.0,2025-01-06,1171.62
GC-003419,Jeffrey Murphy,"15846 Perez Track, Port Alden, Belmara County",Z1,Y,Masonry,1990,Homeowners,220500.0,2023-05-11,1105.49
GC-003420,Danielle Mcclain,"054 Bruce Expressway, Millbrook, Belmara County",Z6,N,Masonry,2010,Homeowners,446700.0,2021-04-26,1357.97
GC-003421,Monique Clark,"78730 Cohen Prairie Apt. 034, Millbrook, Belmara County",Z6,N,Frame,1987,Homeowners,561100.0,2026-01-25,2221.78
GC-003422,Pamela Clark,"926 Anthony Isle, Millbrook, Belmara County",Z6,N,Frame,2014,Homeowners,244400.0,2026-04-11,899.39
GC-003423,Patricia Richardson,"628 Lawson Landing Suite 578, Port Alden, Belmara County",Z1,Y,Masonry Veneer,1995,Homeowners,229200.0,2024-08-27,1246.2
GC-003424,Sandra Patrick,"943 Anthony Springs, Marsh Point, Belmara County",Z2,Y,Masonry,1979,Commercial,1814300.0,2024-03-06,12136.35
GC-003425,Wesley Wagner,"8782 Erika Port Suite 728, Ridgeview, Belmara County",Z4,N,Frame,1993,Homeowners,214900.0,2024-10-13,831.96
GC-003426,Jeremy Gonzalez,"986 Welch Radial, Ridgeview, Belmara County",Z4,N,Frame,2013,Homeowners,282300.0,2024-03-14,1038.86
GC-003427,Melanie Carter,"4562 Shelton Lane, Marsh Point, Belmara County",Z2,Y,Masonry,1967,Homeowners,198100.0,2024-09-04,1079.06
GC-003428,April Clark,"1887 Meyer View, Cape Verrin, Belmara County",Z3,Y,Masonry Veneer,2016,Homeowners,404400.0,2021-11-29,2106.12
GC-003429,Robert Arnold,"207 Mercado Shore, Port Alden, Belmara County",Z1,Y,Frame,1983,Homeowners,371200.0,2024-12-15,2312.12
GC-003430,Amber Morales,"4390 Petersen Place, Ridgeview, Belmara County",Z4,N,Masonry Veneer,1984,Homeowners,317100.0,2021-05-20,1159.22
GC-003431,Zachary Lee,"24440 Young Courts, Marsh Point, Belmara County",Z2,Y,Masonry,1984,Homeowners,197200.0,2021-04-05,1010.98
GC-003432,Angela Weaver,"12036 Browning Ridge, Port Alden, Belmara County",Z1,Y,Frame,2015,Homeowners,479200.0,2022-07-18,2733.36
GC-003433,Mariah Moss,"61666 Webb Burgs Suite 935, Hollow Bay, Belmara County",Z5,N,Masonry,2012,Commercial,1785000.0,2021-04-15,6952.57
GC-003434,Glenn Richardson,"313 Denise Club, Cape Verrin, Belmara County",Z3,Y,Frame,2024,Homeowners,209100.0,2025-08-19,1192.71
GC-003435,Angela Glenn,"15290 Mary Park, Hollow Bay, Belmara County",Z5,N,Masonry,2006,Homeowners,178300.0,2024-02-27,542.03
GC-003436,Robert Reyes,"430 Johnson Hill Apt. 831, Marsh Point, Belmara County",Z2,Y,Frame,1979,Homeowners,270400.0,2025-02-14,1708.94
GC-003437,Charles Anderson,"4471 Oscar Turnpike Suite 067, Cape Verrin, Belmara County",Z3,Y,Masonry,1990,Homeowners,325700.0,2021-06-13,1632.92
GC-003438,Cynthia Velez,"41810 Stephen Valley, Marsh Point, Belmara County",Z2,Y,Masonry Veneer,1952,Commercial,1504300.0,2021-12-24,12205.99
GC-003439,Kathy Scott,"117 Jessica Trafficway, Millbrook, Belmara County",Z6,N,Masonry,2011,Homeowners,297400.0,2025-05-10,904.1
GC-003440,John Kane,"585 Avila Mission Apt. 336, Millbrook, Belmara County",Z6,N,Frame,2012,Homeowners,260400.0,2024-06-30,958.27
GC-003441,Sheila Flores,"9109 Julia Orchard Suite 865, Cape Verrin, Belmara County",Z3,Y,Superior (Reinforced Concrete),2020,Homeowners,138100.0,2025-10-01,547.98
GC-003442,Randy Medina,"3343 Joseph Viaduct Apt. 070, Cape Verrin, Belmara County",Z3,Y,Frame,1979,Homeowners,320500.0,2024-03-20,2025.57
GC-003443,Christian Benton,"5475 Lisa Trail Suite 416, Port Alden, Belmara County",Z1,Y,Masonry,1968,Homeowners,695800.0,2023-03-08,3776.96
GC-003444,Charles Miller,"30358 Christopher Unions Apt. 633, Millbrook, Belmara County",Z6,N,Masonry,2000,Homeowners,369300.0,2025-06-20,1149.62
GC-003445,Kimberly Meadows,"088 Gilmore Common Apt. 258, Port Alden, Belmara County",Z1,Y,Masonry,1995,Homeowners,105500.0,2024-08-22,518.99
GC-003446,Eric Hobbs,"5772 Cory Mills, Port Alden, Belmara County",Z1,Y,Masonry Veneer,2013,Commercial,1497400.0,2022-05-04,9991.78
GC-003447,Jared Garcia,"766 Roberta Crossroad, Millbrook, Belmara County",Z6,N,Masonry,2005,Homeowners,329900.0,2026-05-15,1006.91
GC-003448,Christian Barnes,"711 Shannon Avenue, Millbrook, Belmara County",Z6,N,Frame,1979,Homeowners,172000.0,2023-01-21,701.32
GC-003449,Kimberly Fox,"6414 Mercado Keys Suite 689, Hollow Bay, Belmara County",Z5,N,Masonry,1988,Homeowners,257200.0,2026-01-22,838.18
GC-003450,Mark Carter,"2577 Ryan Village, Marsh Point, Belmara County",Z2,Y,Frame,1960,Homeowners,862200.0,2025-03-13,5822.9
GC-003451,Melissa Love,"951 Sims Lights, Port Alden, Belmara County",Z1,Y,Masonry,2020,Commercial,860600.0,2024-01-01,5195.66
GC-003452,Neil Mccann,"701 Rhodes Brook, Millbrook, Belmara County",Z6,N,Frame,2003,Homeowners,154500.0,2021-05-01,575.38
GC-003453,Heather Lucas,"715 Christine Light, Cape Verrin, Belmara County",Z3,Y,Masonry Veneer,1995,Homeowners,246500.0,2024-11-13,1340.26
GC-003454,Lynn Walker,"47725 Jones Course, Ridgeview, Belmara County",Z4,N,Frame,2013,Commercial,1666900.0,2023-03-04,7859.43
GC-003455,Vincent Franklin,"338 Davis Crossroad Apt. 628, Millbrook, Belmara County",Z6,N,Masonry,1967,Homeowners,393000.0,2024-03-12,1381.1
GC-003456,Katrina Flores,"0309 Michael Corner Apt. 434, Marsh Point, Belmara County",Z2,Y,Masonry,1982,Homeowners,703200.0,2025-12-03,3631.57
GC-003457,Christine Wright,"087 Gilbert Throughway Apt. 472, Port Alden, Belmara County",Z1,Y,Frame,1961,Commercial,642100.0,2023-06-19,5537.3
GC-003458,Michael Davis,"6218 Mcgee Garden Apt. 964, Cape Verrin, Belmara County",Z3,Y,Frame,1961,Commercial,987700.0,2025-08-06,8517.66
GC-003459,Mr. Mark Taylor MD,"709 Brandy Isle Apt. 628, Port Alden, Belmara County",Z1,Y,Frame,1985,Commercial,2424200.0,2022-07-14,19204.86
GC-003460,Amanda Collins,"262 Woods Ford Apt. 125, Marsh Point, Belmara County",Z2,Y,Masonry,1992,Homeowners,284400.0,2023-10-04,1415.14
GC-003461,Bianca Mack,"6340 Salinas Road Suite 447, Ridgeview, Belmara County",Z4,N,Masonry Veneer,1982,Homeowners,171200.0,2022-09-02,630.45
GC-003462,Miguel Atkinson,"6968 Bentley Crescent, Port Alden, Belmara County",Z1,Y,Masonry Veneer,1977,Homeowners,367400.0,2024-11-09,2135.38
GC-003463,Christopher Woods,"1352 Murphy Row, Millbrook, Belmara County",Z6,N,Masonry,2024,Homeowners,199500.0,2021-02-11,606.48
GC-003464,Michael Flowers,"057 Vega Station, Marsh Point, Belmara County",Z2,Y,Masonry,2006,Homeowners,271500.0,2024-02-12,1279.31
GC-003465,Amanda Perry,"784 Jeremiah Shores Apt. 127, Hollow Bay, Belmara County",Z5,N,Superior (Reinforced Concrete),2020,Homeowners,451500.0,2022-09-29,1155.84
GC-003466,Jon Mejia,"9482 Samantha Lake, Millbrook, Belmara County",Z6,N,Masonry Veneer,2000,Homeowners,445400.0,2026-05-02,1532.46
GC-003467,Ronald Lara,"0353 Rodriguez Manors, Marsh Point, Belmara County",Z2,Y,Frame,1974,Homeowners,496800.0,2024-12-23,3196.47
GC-003468,Heather Russell,"19101 Nunez Mountain Apt. 912, Marsh Point, Belmara County",Z2,Y,Frame,2011,Homeowners,370200.0,2024-10-27,2111.62
GC-003469,Katie Pearson,"448 Emily Dale Suite 712, Marsh Point, Belmara County",Z2,Y,Superior (Reinforced Concrete),1966,Homeowners,231200.0,2021-04-04,1064.19
GC-003470,Veronica Terry,"8539 Marissa Court Suite 447, Port Alden, Belmara County",Z1,Y,Superior (Reinforced Concrete),1973,Homeowners,201100.0,2022-09-06,903.3
GC-003471,Terri Smith,"308 Garrett Roads, Hollow Bay, Belmara County",Z5,N,Masonry Veneer,2009,Homeowners,290700.0,2025-06-19,976.75
GC-003472,James Clayton,"8402 Steven Glen Suite 265, Ridgeview, Belmara County",Z4,N,Masonry Veneer,1987,Homeowners,632600.0,2025-05-01,2287.08
GC-003473,Tracy Warren,"86562 Williams Bridge, Cape Verrin, Belmara County",Z3,Y,Masonry,1992,Homeowners,561100.0,2026-01-28,2791.96
GC-003474,Holly Stephens,"880 Holly Alley, Cape Verrin, Belmara County",Z3,Y,Frame,1990,Homeowners,324000.0,2025-12-01,1966.37
GC-003475,Timothy Bryant,"687 Kristi Shoal, Port Alden, Belmara County",Z1,Y,Frame,1973,Homeowners,106800.0,2022-12-27,689.6
GC-003476,Brittney Odonnell,"71081 Duncan Extension, Marsh Point, Belmara County",Z2,Y,Masonry,2020,Homeowners,455900.0,2023-12-14,2148.2
GC-003477,Christine Zimmerman,"6215 Jones Vista Apt. 980, Hollow Bay, Belmara County",Z5,N,Masonry Veneer,2002,Homeowners,284400.0,2025-12-03,970.87
GC-003478,Ryan Shelton,"2929 Sweeney Drives, Ridgeview, Belmara County",Z4,N,Frame,1989,Commercial,618700.0,2023-03-20,3115.54
GC-003479,Jennifer Cook,"9263 Newman Grove, Port Alden, Belmara County",Z1,Y,Frame,1965,Homeowners,397800.0,2023-08-19,2641.18
GC-003480,Heather Davis,"335 Sweeney Parkways, Millbrook, Belmara County",Z6,N,Frame,2013,Homeowners,236600.0,2023-11-16,870.69
GC-003481,Ryan Hernandez,"6389 Paige Common, Marsh Point, Belmara County",Z2,Y,Superior (Reinforced Concrete),2014,Homeowners,254900.0,2023-04-11,1011.44
GC-003482,Alyssa Morris,"3029 Miller Stravenue Apt. 941, Millbrook, Belmara County",Z6,N,Masonry,2005,Homeowners,257900.0,2023-03-07,787.15
GC-003483,Keith Burton,"027 Joshua Vista, Port Alden, Belmara County",Z1,Y,Masonry,2019,Homeowners,350700.0,2023-07-26,1652.5
GC-003484,Joshua Pacheco,"2845 Herrera Orchard, Hollow Bay, Belmara County",Z5,N,Frame,2002,Homeowners,297800.0,2022-07-20,1113.44
GC-003485,David Skinner,"2886 Moss Ville, Ridgeview, Belmara County",Z4,N,Masonry,2008,Homeowners,155700.0,2024-02-16,473.33
GC-003486,Stephen Douglas,"80570 Ashley Parks, Hollow Bay, Belmara County",Z5,N,Frame,1982,Commercial,994200.0,2024-05-11,5137.67
GC-003487,Daniel Farmer,"5292 Cooper Viaduct Suite 680, Cape Verrin, Belmara County",Z3,Y,Masonry Veneer,2014,Homeowners,196100.0,2021-09-01,1021.29
GC-003488,Kimberly Coleman,"15812 Omar Drives, Port Alden, Belmara County",Z1,Y,Frame,1999,Homeowners,291000.0,2021-10-23,1706.34
GC-003489,Cody Oliver,"0025 Ashley Canyon Suite 724, Ridgeview, Belmara County",Z4,N,Superior (Reinforced Concrete),2012,Homeowners,203200.0,2024-02-26,520.19
GC-003490,Priscilla Williams,"7248 Washington Mount Suite 308, Port Alden, Belmara County",Z1,Y,Frame,2014,Homeowners,431300.0,2026-03-28,2460.14
GC-003491,Jeffrey Caldwell,"100 Wright Row, Ridgeview, Belmara County",Z4,N,Superior (Reinforced Concrete),1995,Commercial,674900.0,2022-11-12,2311.07
GC-003492,Mark Leonard,"2022 Alexis Tunnel, Ridgeview, Belmara County",Z4,N,Frame,1993,Homeowners,351900.0,2022-01-12,1362.33
GC-003493,Karen Cooper,"68287 Cooper Mission, Marsh Point, Belmara County",Z2,Y,Masonry,2024,Commercial,902100.0,2024-09-16,5446.2
GC-003494,Howard Taylor,"568 Johnson Meadow Suite 487, Millbrook, Belmara County",Z6,N,Superior (Reinforced Concrete),2005,Homeowners,351100.0,2025-05-26,902.41
GC-003495,Mary Collins,"30002 Gomez Lodge Suite 533, Millbrook, Belmara County",Z6,N,Frame,2004,Homeowners,191700.0,2025-01-08,711.1
GC-003496,Marc Bailey,"844 Smith Viaduct Apt. 450, Cape Verrin, Belmara County",Z3,Y,Superior (Reinforced Concrete),2009,Homeowners,304000.0,2025-02-20,1206.27
GC-003497,Patrick Lewis,"0695 Melissa Pike, Port Alden, Belmara County",Z1,Y,Superior (Reinforced Concrete),1974,Commercial,2867400.0,2025-04-02,16443.83
GC-003498,James Martinez,"9559 Martin Ports Apt. 332, Marsh Point, Belmara County",Z2,Y,Masonry,1980,Homeowners,221100.0,2024-01-25,1150.17
GC-003499,Luis Mendez,"118 Michelle Station Suite 774, Marsh Point, Belmara County",Z2,Y,Frame,2001,Homeowners,168400.0,2022-01-28,979.76
GC-003500,Cheryl Williams,"909 Munoz Mill Apt. 436, Ridgeview, Belmara County",Z4,N,Masonry Veneer,2002,Homeowners,366400.0,2022-01-30,1250.8
GC-003501,Denise King,"476 Jennifer Mall, Port Alden, Belmara County",Z1,Y,Superior (Reinforced Concrete),1986,Homeowners,445000.0,2022-09-13,1907.02
GC-003502,Mark Davis,"6458 Amber Field Apt. 965, Cape Verrin, Belmara County",Z3,Y,Frame,2001,Homeowners,392100.0,2022-05-18,2281.27
GC-003503,Austin Benson,"053 Dennis Manor, Cape Verrin, Belmara County",Z3,Y,Masonry,1981,Homeowners,301700.0,2023-09-13,1563.77
GC-003504,Fernando Singleton,"28459 Medina Mills Suite 955, Ridgeview, Belmara County",Z4,N,Superior (Reinforced Concrete),2024,Homeowners,137900.0,2025-02-06,353.02
GC-003505,Sara Bowman,"130 Stone Mission Apt. 183, Cape Verrin, Belmara County",Z3,Y,Superior (Reinforced Concrete),1983,Homeowners,175500.0,2021-03-01,760.45
GC-003506,Thomas Rodriguez,"459 James Valleys, Port Alden, Belmara County",Z1,Y,Frame,1999,Homeowners,411000.0,2022-09-30,2409.99
GC-003507,Jose Oconnell,"5571 Katie Fall, Hollow Bay, Belmara County",Z5,N,Masonry Veneer,2016,Homeowners,218300.0,2024-11-07,733.49
GC-003508,Julie Wise,"49286 Dennis Squares Apt. 231, Marsh Point, Belmara County",Z2,Y,Superior (Reinforced Concrete),1972,Homeowners,168600.0,2024-09-12,759.99
GC-003509,Mark Frye,"106 Kimberly Walk, Port Alden, Belmara County",Z1,Y,Superior (Reinforced Concrete),1968,Homeowners,331000.0,2021-06-28,1513.05
GC-003510,Mr. Edward Clark,"602 Waller Fords Apt. 564, Port Alden, Belmara County",Z1,Y,Frame,1981,Homeowners,236100.0,2024-11-17,1481.39
GC-003511,Jamie White,"25215 Joseph Route Apt. 517, Ridgeview, Belmara County",Z4,N,Frame,1968,Homeowners,278700.0,2026-05-22,1181.51
GC-003512,Craig James,"44852 Williams Terrace Apt. 354, Ridgeview, Belmara County",Z4,N,Masonry,2002,Homeowners,149100.0,2021-09-05,460.52
GC-003513,Brittany Jackson,"5306 Susan Fork, Port Alden, Belmara County",Z1,Y,Frame,2020,Homeowners,143800.0,2023-09-08,820.24
GC-003514,April Diaz,"5234 William Camp, Port Alden, Belmara County",Z1,Y,Masonry,1979,Homeowners,123800.0,2021-07-13,646.35
GC-003515,Jennifer Norton,"55563 Lawrence Circles, Hollow Bay, Belmara County",Z5,N,Masonry Veneer,1994,Homeowners,242900.0,2024-03-26,855.32
GC-003516,Brittany Green,"974 Riley Canyon, Millbrook, Belmara County",Z6,N,Masonry,2001,Homeowners,260600.0,2024-11-06,808.07
GC-003517,Gregory Ward,"80792 Soto Alley, Ridgeview, Belmara County",Z4,N,Masonry,2018,Homeowners,290300.0,2024-01-24,882.51
GC-003518,Donna Torres,"0175 Mason Springs Suite 558, Port Alden, Belmara County",Z1,Y,Masonry,1984,Homeowners,337900.0,2021-02-10,1732.3
GC-003519,Lisa Burch,"658 Dillon Parks, Hollow Bay, Belmara County",Z5,N,Masonry,2002,Homeowners,177900.0,2023-03-06,549.47
GC-003520,Nicole Marquez,"24204 Andrew Locks, Port Alden, Belmara County",Z1,Y,Masonry,1992,Homeowners,439400.0,2025-05-06,2186.4
GC-003521,Austin Garcia,"9713 Blake Junctions, Ridgeview, Belmara County",Z4,N,Masonry,2023,Homeowners,134900.0,2025-05-23,410.1
GC-003522,Pamela Robles,"2028 Rodriguez Via, Millbrook, Belmara County",Z6,N,Frame,1981,Commercial,777100.0,2023-01-10,4030.43
GC-003523,Christopher Jenkins,"0245 Taylor Green, Millbrook, Belmara County",Z6,N,Frame,2009,Homeowners,340300.0,2021-06-18,1252.3
GC-003524,Brooke Mitchell,"32000 James Mission, Ridgeview, Belmara County",Z4,N,Masonry,1996,Homeowners,256400.0,2023-10-15,810.63
GC-003525,Lindsey Stephens,"3509 Bradley Station, Cape Verrin, Belmara County",Z3,Y,Frame,2002,Homeowners,369700.0,2025-07-08,2142.51
GC-003526,Gabriela Blake,"1762 Shannon Square Suite 676, Cape Verrin, Belmara County",Z3,Y,Masonry,1975,Commercial,792100.0,2021-04-20,5375.09
GC-003527,Steven Medina,"9536 Rebecca Alley Apt. 070, Marsh Point, Belmara County",Z2,Y,Frame,1987,Commercial,289200.0,2023-11-12,2274.18
GC-003528,Jenna Kemp,"0273 Jennifer Isle, Port Alden, Belmara County",Z1,Y,Frame,1996,Homeowners,226300.0,2026-02-20,1342.45
GC-003529,Ryan Martin,"3629 Kelly Valleys, Cape Verrin, Belmara County",Z3,Y,Masonry,1997,Homeowners,210800.0,2023-02-03,1029.05
GC-003530,Kimberly Ruiz,"3824 Stacey Drives Apt. 462, Port Alden, Belmara County",Z1,Y,Frame,2016,Homeowners,198400.0,2026-01-09,1131.67
GC-003531,Carol Frey,"81385 Jennifer Forge, Cape Verrin, Belmara County",Z3,Y,Frame,2007,Homeowners,439100.0,2024-06-20,2504.63
GC-003532,Zachary Cruz,"094 Natalie Spur Apt. 441, Cape Verrin, Belmara County",Z3,Y,Masonry,1988,Homeowners,234800.0,2022-05-22,1186.04
GC-003533,George Martin,"5670 Barbara Forks, Marsh Point, Belmara County",Z2,Y,Masonry Veneer,2011,Homeowners,347300.0,2024-05-26,1808.74
GC-003534,Melissa Bailey,"2933 Ramirez Knoll Apt. 583, Hollow Bay, Belmara County",Z5,N,Frame,1996,Commercial,850400.0,2022-01-04,4170.02
GC-003535,Joseph Romero,"190 Allen Bypass Suite 587, Port Alden, Belmara County",Z1,Y,Frame,1998,Homeowners,827900.0,2024-11-27,4873.46
GC-003536,Gregory Hicks,"7232 Alexis Orchard, Marsh Point, Belmara County",Z2,Y,Frame,1989,Homeowners,93600.0,2022-06-20,570.2
GC-003537,Jason Beasley,"484 Maldonado Haven Suite 529, Hollow Bay, Belmara County",Z5,N,Frame,1994,Homeowners,296800.0,2021-11-23,1144.65
GC-003538,Joshua Singh,"0869 Elizabeth Dam Suite 025, Millbrook, Belmara County",Z6,N,Masonry,2020,Homeowners,366100.0,2022-05-27,1112.94
GC-003539,Megan Wood,"110 Kelly Loop Apt. 412, Port Alden, Belmara County",Z1,Y,Masonry,1986,Commercial,1315300.0,2025-02-28,8576.06
GC-003540,Jason Fisher,"940 Carroll Hollow, Millbrook, Belmara County",Z6,N,Masonry,2007,Commercial,1109700.0,2024-06-10,4322.28
GC-003541,Mr. Jeff Adams,"3206 Nelson Stream Apt. 261, Ridgeview, Belmara County",Z4,N,Superior (Reinforced Concrete),1982,Homeowners,343600.0,2024-01-22,964.06
GC-003542,Daniel Oneill,"1524 Laura Cape, Cape Verrin, Belmara County",Z3,Y,Masonry,1988,Homeowners,213200.0,2023-07-22,1076.93
GC-003543,Frances Bridges,"309 Allen Club Apt. 252, Marsh Point, Belmara County",Z2,Y,Frame,2004,Homeowners,269800.0,2023-11-04,1551.25
GC-003544,Patricia Hill,"7870 Gonzales Road Suite 442, Millbrook, Belmara County",Z6,N,Masonry Veneer,1979,Homeowners,313800.0,2023-11-03,1168.24
GC-003545,Lori Booth,"0781 Jessica Street, Hollow Bay, Belmara County",Z5,N,Masonry,1982,Homeowners,308400.0,2025-07-16,1027.54
GC-003546,Chad Key,"056 Dunlap Cove Apt. 874, Port Alden, Belmara County",Z1,Y,Masonry Veneer,1953,Homeowners,371600.0,2026-03-26,2345.57
GC-003547,Marissa Johnson,"100 Jackson Fields Apt. 492, Marsh Point, Belmara County",Z2,Y,Masonry Veneer,1980,Homeowners,213500.0,2022-03-06,1227.55
GC-003548,Mrs. Lindsay Smith DVM,"41210 Williams Vista Suite 310, Port Alden, Belmara County",Z1,Y,Masonry,1966,Homeowners,359800.0,2024-01-23,1966.64
GC-003549,Jacqueline Smith,"8878 Williams Mall, Port Alden, Belmara County",Z1,Y,Masonry Veneer,1992,Homeowners,243000.0,2025-07-25,1336.41
GC-003550,Jeffrey Levy,"141 Boyd Key Apt. 560, Cape Verrin, Belmara County",Z3,Y,Frame,1960,Homeowners,295100.0,2026-04-14,1992.97
GC-003551,Barbara Ball,"0215 Amber Crescent Apt. 511, Port Alden, Belmara County",Z1,Y,Superior (Reinforced Concrete),2003,Homeowners,287900.0,2025-11-21,1156.1
GC-003552,Michael Thompson,"43593 Rodriguez Lock Apt. 650, Port Alden, Belmara County",Z1,Y,Masonry Veneer,1992,Homeowners,593100.0,2026-05-07,3261.84
GC-003553,Tiffany Marks,"5310 Gonzalez Club, Millbrook, Belmara County",Z6,N,Masonry,2001,Commercial,1562900.0,2025-03-07,6209.25
GC-003554,Adam Thomas,"452 House Plaza, Millbrook, Belmara County",Z6,N,Frame,1995,Homeowners,373900.0,2022-01-25,1436.49
GC-003555,Michelle Johnson,"925 Lisa Lodge Apt. 109, Hollow Bay, Belmara County",Z5,N,Masonry,1985,Homeowners,244500.0,2023-02-04,805.72
GC-003556,Lisa Young,"140 Lisa Ridge, Cape Verrin, Belmara County",Z3,Y,Masonry Veneer,1986,Homeowners,154600.0,2025-02-06,869.57
GC-003557,Ashley Davenport,"192 Zachary Mission Suite 159, Port Alden, Belmara County",Z1,Y,Superior (Reinforced Concrete),1994,Homeowners,249600.0,2025-02-26,1037.95
GC-003558,Dawn Hernandez,"3450 Richard Green Apt. 738, Millbrook, Belmara County",Z6,N,Masonry Veneer,1966,Homeowners,252500.0,2024-04-14,984.14
GC-003559,Jessica Larson,"4811 Matthew Trafficway Apt. 927, Cape Verrin, Belmara County",Z3,Y,Masonry,2002,Commercial,986700.0,2025-02-19,6052.27
GC-003560,Devin Smith,"7798 Elizabeth Motorway Suite 810, Port Alden, Belmara County",Z1,Y,Masonry,1975,Homeowners,1256300.0,2024-12-12,6653.73
GC-003561,Jorge Macdonald III,"935 Jennifer Wall, Marsh Point, Belmara County",Z2,Y,Masonry,1978,Homeowners,157800.0,2023-03-19,826.83
GC-003562,Cheryl Gill,"9208 Emily Turnpike Suite 616, Port Alden, Belmara County",Z1,Y,Masonry Veneer,1994,Homeowners,190700.0,2024-01-11,1040.84
GC-003563,Alexis Griffin,"512 Newman Well, Millbrook, Belmara County",Z6,N,Frame,1999,Commercial,2000600.0,2024-10-17,9696.95
GC-003564,Stephen Hart,"611 Angela Alley Apt. 909, Millbrook, Belmara County",Z6,N,Frame,2020,Homeowners,201400.0,2023-12-21,741.15
GC-003565,Matthew Shah,"7360 Perez Unions Apt. 399, Hollow Bay, Belmara County",Z5,N,Superior (Reinforced Concrete),2001,Commercial,1075100.0,2025-02-06,3596.85
GC-003566,Hannah Myers,"760 Gomez Pine Apt. 050, Port Alden, Belmara County",Z1,Y,Frame,1963,Homeowners,255800.0,2023-05-29,1710.05
GC-003567,Amy Robinson,"925 Heather Ramp Apt. 556, Ridgeview, Belmara County",Z4,N,Superior (Reinforced Concrete),1993,Homeowners,366800.0,2024-01-20,987.84
GC-003568,Emily Miller,"24361 Williams Bridge Apt. 999, Port Alden, Belmara County",Z1,Y,Masonry,2001,Commercial,1860800.0,2026-05-19,11458.8
GC-003569,Jessica Davis,"814 Robert Pike, Marsh Point, Belmara County",Z2,Y,Frame,1959,Homeowners,221400.0,2021-09-10,1500.28
GC-003570,Adrian Anderson,"7491 Katie Mews, Hollow Bay, Belmara County",Z5,N,Frame,1992,Commercial,1687900.0,2026-04-13,8404.12
GC-003571,Jacob Costa,"3753 Martin Mission, Hollow Bay, Belmara County",Z5,N,Frame,1989,Homeowners,362500.0,2026-05-05,1424.71
GC-003572,Todd Heath,"508 Madeline Lock, Marsh Point, Belmara County",Z2,Y,Masonry,1962,Homeowners,272400.0,2021-11-28,1509.45
GC-003573,Craig Aguilar,"7486 Jefferson Locks, Ridgeview, Belmara County",Z4,N,Frame,2012,Homeowners,697400.0,2022-03-30,2566.43
GC-003574,Jacob Harris,"53474 Carmen Dale Suite 081, Port Alden, Belmara County",Z1,Y,Masonry Veneer,1967,Homeowners,244100.0,2026-01-25,1469.59
GC-003575,Jimmy Williams,"78101 John Divide, Ridgeview, Belmara County",Z4,N,Masonry,2001,Homeowners,110500.0,2021-05-23,342.64
GC-003576,Abigail Hernandez,"1609 Barbara Key, Hollow Bay, Belmara County",Z5,N,Masonry,2017,Homeowners,277900.0,2024-11-12,844.82
GC-003577,Joseph Roman MD,"1907 Green Grove Apt. 439, Hollow Bay, Belmara County",Z5,N,Masonry Veneer,2001,Homeowners,116700.0,2025-03-07,399.95
GC-003578,Michael Mcclain,"162 Hannah Mountain Suite 261, Cape Verrin, Belmara County",Z3,Y,Frame,1959,Homeowners,341100.0,2025-01-08,2311.41
GC-003579,Derrick Wong,"60284 Kelly Isle, Marsh Point, Belmara County",Z2,Y,Superior (Reinforced Concrete),1992,Homeowners,225300.0,2021-10-25,944.05
GC-003580,Stephanie Zimmerman,"8864 Melissa Skyway Suite 453, Port Alden, Belmara County",Z1,Y,Frame,2014,Homeowners,547400.0,2024-02-25,3122.37
GC-003581,Tracey Patel,"84876 Kristen Hollow, Marsh Point, Belmara County",Z2,Y,Frame,1977,Homeowners,320800.0,2023-07-02,2042.11
GC-003582,Danny Moran,"736 Christine Vista, Millbrook, Belmara County",Z6,N,Masonry,1962,Homeowners,180000.0,2022-02-28,643.51
GC-003583,Gary Morgan,"476 Daniel Stravenue Apt. 429, Millbrook, Belmara County",Z6,N,Frame,1997,Commercial,2182700.0,2021-10-01,10661.92
GC-003584,Christopher Randolph,"785 Melanie Hill, Ridgeview, Belmara County",Z4,N,Masonry,2005,Homeowners,169600.0,2023-05-24,517.65
GC-003585,Trevor Miller,"16760 Williams Brooks, Millbrook, Belmara County",Z6,N,Masonry,1980,Commercial,1897900.0,2025-07-14,8161.12
GC-003586,Steven Russo,"242 Abbott Lake Apt. 938, Millbrook, Belmara County",Z6,N,Masonry Veneer,1994,Homeowners,304500.0,2024-05-26,1072.23
GC-003587,Danielle Fowler,"445 Hannah Ports, Millbrook, Belmara County",Z6,N,Masonry,1975,Homeowners,179300.0,2021-10-04,612.66
GC-003588,Cheryl Stephenson,"466 Alexandra Glens, Millbrook, Belmara County",Z6,N,Frame,2005,Homeowners,336000.0,2022-04-16,1241.43
GC-003589,Joseph Davies,"653 Grace Station, Millbrook, Belmara County",Z6,N,Superior (Reinforced Concrete),2000,Homeowners,208500.0,2021-09-03,546.57
GC-003590,Sharon Cooper,"70791 Laura Squares, Hollow Bay, Belmara County",Z5,N,Masonry,1982,Commercial,1458800.0,2023-11-25,6227.5
GC-003591,Kathleen Coleman,"50833 Pacheco Cliffs, Port Alden, Belmara County",Z1,Y,Masonry,1994,Homeowners,480400.0,2024-05-05,2372.3
GC-003592,Joseph Morrison,"4183 Kimberly Points Apt. 474, Port Alden, Belmara County",Z1,Y,Frame,1962,Homeowners,352200.0,2021-10-20,2362.52
GC-003593,Gregory Ellis,"82039 Mckenzie Circle Apt. 786, Marsh Point, Belmara County",Z2,Y,Frame,1994,Homeowners,180500.0,2025-12-24,1078.99
GC-003594,Sean Cook,"3576 Denise Lock, Port Alden, Belmara County",Z1,Y,Masonry,1966,Homeowners,366700.0,2026-02-14,2004.35
GC-003595,Christine Bright,"2474 Wanda Track, Ridgeview, Belmara County",Z4,N,Frame,2015,Homeowners,213800.0,2024-01-20,786.78
GC-003596,Sandra Navarro,"566 Danielle Pass, Marsh Point, Belmara County",Z2,Y,Frame,1968,Homeowners,371900.0,2024-01-28,2443.76
GC-003597,Rebecca Vaughn,"364 Jones Pines Apt. 757, Ridgeview, Belmara County",Z4,N,Frame,2007,Homeowners,312600.0,2021-06-10,1150.37
GC-003598,Antonio Hughes,"0174 Caitlin Inlet Apt. 009, Port Alden, Belmara County",Z1,Y,Masonry,2003,Homeowners,357800.0,2024-07-28,1706.19
GC-003599,Jason Dixon,"596 Sean Gateway, Marsh Point, Belmara County",Z2,Y,Masonry,1995,Homeowners,181000.0,2022-07-27,890.4
GC-003600,Tracey Wells,"5402 Kenneth Mountains Apt. 451, Marsh Point, Belmara County",Z2,Y,Superior (Reinforced Concrete),1972,Homeowners,426700.0,2024-07-18,1923.41
GC-003601,Jocelyn Hopkins,"82656 White Fork, Marsh Point, Belmara County",Z2,Y,Masonry Veneer,2012,Homeowners,215500.0,2025-05-09,1122.32
GC-003602,Jamie Cox,"5454 Jimmy Inlet, Port Alden, Belmara County",Z1,Y,Superior (Reinforced Concrete),1983,Homeowners,380600.0,2022-02-24,1649.16
GC-003603,Tracy Avila,"759 Murphy Locks, Hollow Bay, Belmara County",Z5,N,Frame,1957,Homeowners,188200.0,2022-02-06,828.32
GC-003604,Lori Jackson,"470 Scott Green, Marsh Point, Belmara County",Z2,Y,Masonry Veneer,1975,Homeowners,192100.0,2024-05-31,1124.51
GC-003605,James Gordon DDS,"018 Cruz Spurs, Millbrook, Belmara County",Z6,N,Frame,1995,Homeowners,590600.0,2025-04-10,2269.04
GC-003606,Carly Griffin,"88528 Brown Wells Suite 834, Marsh Point, Belmara County",Z2,Y,Masonry,2000,Homeowners,313300.0,2026-01-20,1511.7
GC-003607,Mariah Adams,"99738 Collins Well, Millbrook, Belmara County",Z6,N,Masonry Veneer,2014,Homeowners,148800.0,2024-07-19,499.97
GC-003608,Regina Brown,"046 Park Road Apt. 876, Cape Verrin, Belmara County",Z3,Y,Frame,1966,Homeowners,376900.0,2022-12-13,2493.81
GC-003609,Steven Scott,"2477 Daniel Mission, Port Alden, Belmara County",Z1,Y,Frame,1982,Homeowners,274800.0,2023-02-09,1717.94
GC-003610,Cheryl Casey,"6162 Joy Forest, Port Alden, Belmara County",Z1,Y,Frame,1989,Homeowners,218800.0,2022-04-18,1332.9
GC-003611,John Miller,"14031 Raymond Mall Apt. 624, Ridgeview, Belmara County",Z4,N,Frame,1988,Homeowners,179700.0,2021-12-29,708.91
GC-003612,Mary Williamson,"6218 Henry Mountain Apt. 247, Marsh Point, Belmara County",Z2,Y,Masonry,2008,Commercial,389400.0,2023-02-05,2350.91
GC-003613,William Hebert,"0716 Davis Grove Suite 792, Ridgeview, Belmara County",Z4,N,Frame,2018,Homeowners,139500.0,2025-03-06,513.36
GC-003614,Joshua Holt,"2980 Kristen Field, Port Alden, Belmara County",Z1,Y,Masonry,1988,Homeowners,327400.0,2026-04-10,1653.78
GC-003615,Benjamin Waters,"5424 Collier Viaduct, Cape Verrin, Belmara County",Z3,Y,Masonry,1961,Homeowners,236500.0,2025-06-24,1314.98
GC-003616,Tracey Reed,"221 Margaret Isle Apt. 719, Cape Verrin, Belmara County",Z3,Y,Masonry,2020,Homeowners,326000.0,2023-12-22,1536.11
GC-003617,Joanne Johnson,"6931 Colton Vista Suite 453, Port Alden, Belmara County",Z1,Y,Masonry Veneer,1976,Homeowners,106000.0,2021-08-01,618.29
GC-003618,Cheryl Preston,"5035 John Street, Port Alden, Belmara County",Z1,Y,Superior (Reinforced Concrete),1975,Homeowners,568700.0,2021-11-15,2536.42
GC-003619,Tracy Ochoa,"12546 Murphy Walks, Hollow Bay, Belmara County",Z5,N,Masonry Veneer,2017,Commercial,467200.0,2023-07-11,2011.3
GC-003620,Ebony Chapman,"770 Cody Valley Suite 056, Marsh Point, Belmara County",Z2,Y,Frame,1975,Homeowners,174800.0,2022-12-25,1120.69
GC-003621,Molly Wood,"01435 Wood Unions, Marsh Point, Belmara County",Z2,Y,Masonry,1984,Homeowners,592000.0,2021-05-10,3034.98
GC-003622,Cheryl Foster,"883 Mason Freeway Suite 444, Port Alden, Belmara County",Z1,Y,Masonry Veneer,1978,Homeowners,261200.0,2023-03-10,1512.69
GC-003623,Katie Wilson,"26739 Cynthia Lane Apt. 429, Marsh Point, Belmara County",Z2,Y,Superior (Reinforced Concrete),1978,Homeowners,146800.0,2022-02-26,647.74
GC-003624,Luis Shields,"92474 Dawn Turnpike, Marsh Point, Belmara County",Z2,Y,Frame,1957,Homeowners,153900.0,2022-09-06,1049.9
GC-003625,Amber Guzman,"209 Wayne Dale Apt. 120, Port Alden, Belmara County",Z1,Y,Masonry Veneer,2005,Homeowners,373500.0,2022-04-24,1952.97
GC-003626,Chris Vargas,"901 Oneal Tunnel, Cape Verrin, Belmara County",Z3,Y,Masonry,1988,Homeowners,210300.0,2024-07-19,1062.28
GC-003627,Phyllis Bray,"7616 Jennifer Loaf Apt. 304, Marsh Point, Belmara County",Z2,Y,Masonry Veneer,2016,Homeowners,166700.0,2022-03-22,868.17
GC-003628,Sarah Smith,"468 Christian Squares Apt. 143, Port Alden, Belmara County",Z1,Y,Masonry,1994,Commercial,4681900.0,2022-10-08,29622.56
GC-003629,Jennifer Sexton,"3211 Renee Key Suite 959, Millbrook, Belmara County",Z6,N,Frame,1971,Homeowners,182600.0,2023-06-02,766.04
GC-003630,Mary Hanson,"791 Kirby Road, Cape Verrin, Belmara County",Z3,Y,Masonry,1971,Homeowners,273600.0,2025-11-09,1469.69
GC-003631,Amber Lin,"4176 Best Port, Ridgeview, Belmara County",Z4,N,Superior (Reinforced Concrete),2001,Homeowners,279900.0,2023-06-26,730.87
GC-003632,Terry Serrano,"360 Pamela Club Suite 801, Cape Verrin, Belmara County",Z3,Y,Superior (Reinforced Concrete),1969,Homeowners,328100.0,2024-01-22,1494.58
GC-003633,Gina Hendrix,"609 Carter Rest, Millbrook, Belmara County",Z6,N,Frame,2000,Homeowners,159000.0,2025-01-21,599.16
GC-003634,Mark Bird,"732 Aaron Prairie Suite 015, Millbrook, Belmara County",Z6,N,Masonry Veneer,2018,Homeowners,402500.0,2024-03-15,1352.4
GC-003635,Dakota Mccoy,"3256 Sara Springs, Millbrook, Belmara County",Z6,N,Frame,2000,Homeowners,472600.0,2023-02-06,1780.91
GC-003636,Kristina Harmon DDS,"9704 Hill Squares, Cape Verrin, Belmara County",Z3,Y,Masonry,1964,Homeowners,451600.0,2025-12-24,2485.43
GC-003637,Henry Ewing,"324 Megan Track Suite 411, Cape Verrin, Belmara County",Z3,Y,Superior (Reinforced Concrete),1960,Homeowners,339100.0,2023-05-05,1593.13
GC-003638,Krystal Wood,"038 Heather Via, Ridgeview, Belmara County",Z4,N,Frame,2004,Homeowners,301700.0,2023-11-27,1119.14
GC-003639,Kathleen Mcdaniel,"18586 Jose Field Suite 290, Hollow Bay, Belmara County",Z5,N,Superior (Reinforced Concrete),1997,Homeowners,295600.0,2025-08-30,783.98
GC-003640,Ricky Rhodes,"8578 Chelsea Viaduct, Marsh Point, Belmara County",Z2,Y,Masonry,2007,Homeowners,386800.0,2024-05-09,1822.6
GC-003641,Amanda Mendoza,"7312 Micheal Plaza, Marsh Point, Belmara County",Z2,Y,Masonry,1961,Homeowners,543700.0,2023-08-04,3023.06
GC-003642,Jennifer Day,"530 King Mount Apt. 340, Hollow Bay, Belmara County",Z5,N,Frame,2001,Homeowners,385400.0,2025-07-31,1446.64
GC-003643,Hannah Valdez,"50181 Jennifer Station Suite 170, Marsh Point, Belmara County",Z2,Y,Frame,2020,Homeowners,196200.0,2022-02-04,1119.12
GC-003644,Warren Robertson,"1234 Alan Stream Suite 525, Port Alden, Belmara County",Z1,Y,Superior (Reinforced Concrete),2008,Commercial,2054100.0,2024-05-26,10443.04
GC-003645,David Armstrong,"5614 Garcia Drives, Ridgeview, Belmara County",Z4,N,Superior (Reinforced Concrete),2022,Homeowners,234900.0,2022-12-27,601.34
GC-003646,Michelle Schwartz,"10932 Mathew Radial Suite 176, Cape Verrin, Belmara County",Z3,Y,Masonry Veneer,1992,Homeowners,356700.0,2024-02-17,1961.72
GC-003647,Brent Rosales,"40965 Sarah Loop, Port Alden, Belmara County",Z1,Y,Frame,1967,Homeowners,620200.0,2023-09-27,4089.49
GC-003648,Bonnie Hughes,"948 Sabrina Vista Apt. 011, Port Alden, Belmara County",Z1,Y,Frame,2020,Homeowners,144900.0,2021-06-04,826.51
GC-003649,Daniel Rowland,"67965 Garrett Loaf, Cape Verrin, Belmara County",Z3,Y,Masonry,1953,Homeowners,273200.0,2024-04-01,1560.23
GC-003650,Susan Lopez,"8414 Kyle Lock, Ridgeview, Belmara County",Z4,N,Frame,1973,Homeowners,184700.0,2025-06-10,769.42
GC-003651,Casey Wagner,"9053 Matthew Ridges Suite 094, Port Alden, Belmara County",Z1,Y,Masonry,1964,Homeowners,99000.0,2022-06-27,544.86
GC-003652,Martin Graham,"2577 Christopher Squares, Port Alden, Belmara County",Z1,Y,Masonry,1997,Homeowners,470100.0,2022-07-29,2294.86
GC-003653,Cathy Mitchell,"59157 Nathan Junction, Cape Verrin, Belmara County",Z3,Y,Superior (Reinforced Concrete),1992,Homeowners,90000.0,2024-02-29,377.12
GC-003654,Eric Howard,"96435 Devin Orchard Apt. 284, Cape Verrin, Belmara County",Z3,Y,Frame,2006,Homeowners,122200.0,2022-11-13,697.03
GC-003655,Ricardo Mendoza,"802 Patricia River, Cape Verrin, Belmara County",Z3,Y,Masonry,1995,Homeowners,529600.0,2024-12-13,2605.28
GC-003656,Timothy Zhang,"1342 Larry Isle Suite 813, Port Alden, Belmara County",Z1,Y,Masonry,2013,Commercial,1182500.0,2026-05-06,7139.05
GC-003657,Jack Gill,"53030 Juan Circles Apt. 001, Cape Verrin, Belmara County",Z3,Y,Masonry Veneer,2024,Commercial,529800.0,2026-06-01,3535.22
GC-003658,Austin Coleman,"14377 Tamara Landing Suite 922, Cape Verrin, Belmara County",Z3,Y,Frame,2011,Homeowners,132500.0,2023-07-15,755.78
GC-003659,Tracy Johnson,"0497 Dean Run, Millbrook, Belmara County",Z6,N,Superior (Reinforced Concrete),2004,Homeowners,232800.0,2025-11-07,600.74
GC-003660,Kevin Burch,"256 Wong Inlet Apt. 135, Port Alden, Belmara County",Z1,Y,Masonry Veneer,1984,Commercial,425000.0,2023-06-11,3085.48
GC-003661,Jerome Hamilton,"967 Jackie Squares Suite 339, Ridgeview, Belmara County",Z4,N,Masonry,2024,Homeowners,174700.0,2022-03-30,531.09
GC-003662,Alexander Williams,"94750 Reid Crossroad, Cape Verrin, Belmara County",Z3,Y,Frame,2000,Homeowners,181100.0,2025-08-18,1057.79
GC-003663,Austin Wilkerson,"42259 Joe Stravenue Apt. 381, Cape Verrin, Belmara County",Z3,Y,Masonry,1992,Commercial,734000.0,2026-04-16,4679.5
GC-003664,Crystal Rodriguez,"6974 Pruitt Loop, Hollow Bay, Belmara County",Z5,N,Frame,1987,Homeowners,135400.0,2025-05-06,536.14
GC-003665,Amanda Wilson,"11578 Anderson Prairie Apt. 371, Ridgeview, Belmara County",Z4,N,Superior (Reinforced Concrete),1999,Homeowners,245800.0,2022-05-07,646.87
GC-003666,Jacob Nielsen,"26423 Berg Stream Suite 588, Marsh Point, Belmara County",Z2,Y,Masonry,2003,Homeowners,269200.0,2025-02-01,1283.69
GC-003667,Donna Bennett,"1478 Reed Burg, Millbrook, Belmara County",Z6,N,Superior (Reinforced Concrete),1991,Commercial,429800.0,2025-06-04,1494.33
GC-003668,Allison Lucas,"117 Chen Harbors Apt. 027, Ridgeview, Belmara County",Z4,N,Masonry,1995,Homeowners,311000.0,2024-12-01,987.04
GC-003669,Patricia Guzman,"4379 Richard Meadow, Marsh Point, Belmara County",Z2,Y,Masonry Veneer,1992,Homeowners,402300.0,2021-12-28,2212.51
GC-003670,Donna Ryan,"711 Richard Pine Apt. 773, Marsh Point, Belmara County",Z2,Y,Superior (Reinforced Concrete),2012,Commercial,930700.0,2022-08-31,4731.68
GC-003671,Jeremy Roberts,"8452 Kemp Square Apt. 188, Millbrook, Belmara County",Z6,N,Masonry,2003,Homeowners,250000.0,2024-09-13,769.12
GC-003672,Jason Murphy,"35455 Harper Route Apt. 790, Port Alden, Belmara County",Z1,Y,Superior (Reinforced Concrete),2000,Homeowners,383600.0,2024-04-02,1558.66
GC-003673,Jeremy Brown,"553 Vickie Cliffs Suite 314, Port Alden, Belmara County",Z1,Y,Frame,1957,Homeowners,235000.0,2024-02-08,1603.17
GC-003674,John Nixon,"29856 Vazquez Green, Marsh Point, Belmara County",Z2,Y,Frame,1963,Homeowners,182100.0,2022-05-21,1217.35
GC-003675,Jacob French,"1774 Jordan Drives, Port Alden, Belmara County",Z1,Y,Frame,2005,Homeowners,429100.0,2021-06-04,2457.38
GC-003676,Jennifer Gaines,"74282 Andrew Crossroad Apt. 410, Hollow Bay, Belmara County",Z5,N,Superior (Reinforced Concrete),1980,Homeowners,189100.0,2025-01-25,534.44
GC-003677,Tanner Sullivan,"65201 Palmer Manor Apt. 967, Marsh Point, Belmara County",Z2,Y,Masonry,2000,Homeowners,313300.0,2022-10-22,1511.7
GC-003678,Jessica Brooks,"321 Price Villages, Millbrook, Belmara County",Z6,N,Frame,2008,Homeowners,565200.0,2021-10-18,2079.94
GC-003679,Chloe White MD,"5069 Lozano Crescent, Millbrook, Belmara County",Z6,N,Masonry,1978,Homeowners,186900.0,2022-07-08,631.81
GC-003680,Patricia Rogers,"5236 Carpenter Greens Apt. 100, Marsh Point, Belmara County",Z2,Y,Frame,1953,Homeowners,327400.0,2025-08-08,2263.4
GC-003681,Megan Johnson,"6040 Thomas Ferry Apt. 517, Port Alden, Belmara County",Z1,Y,Masonry,1985,Homeowners,621100.0,2022-10-25,3172.46
GC-003682,Lance Kennedy,"605 Gomez Common, Hollow Bay, Belmara County",Z5,N,Frame,1999,Homeowners,389500.0,2023-02-02,1473.49
GC-003683,Meghan Lewis,"07043 Kristy Cape, Ridgeview, Belmara County",Z4,N,Superior (Reinforced Concrete),2001,Homeowners,274400.0,2022-11-03,716.51
GC-003684,Judith Martin,"9958 Jessica Oval Suite 286, Ridgeview, Belmara County",Z4,N,Frame,1991,Homeowners,214000.0,2025-04-27,834.77
GC-003685,John Myers,"873 David Circles Apt. 052, Marsh Point, Belmara County",Z2,Y,Frame,1960,Homeowners,137800.0,2023-10-04,930.64
GC-003686,Lauren Landry,"2237 Rogers Groves, Port Alden, Belmara County",Z1,Y,Frame,1978,Homeowners,305300.0,2023-06-22,1936.47
GC-003687,Joseph Johnson,"244 Dunn Lodge, Millbrook, Belmara County",Z6,N,Masonry,1987,Homeowners,439400.0,2021-02-21,1437.29
GC-003688,Ryan Howe,"1655 Anderson Prairie, Hollow Bay, Belmara County",Z5,N,Masonry Veneer,2013,Commercial,1909900.0,2022-12-18,8222.12
GC-003689,Matthew Duncan,"14616 Larry Skyway, Marsh Point, Belmara County",Z2,Y,Frame,1973,Homeowners,116600.0,2021-11-13,752.88
GC-003690,Anthony Sanford,"544 Brenda Cape Suite 377, Hollow Bay, Belmara County",Z5,N,Frame,1984,Homeowners,290400.0,2022-07-17,1162.72
GC-003691,Carol Keller,"50356 John Mission Apt. 464, Port Alden, Belmara County",Z1,Y,Masonry,1976,Homeowners,348200.0,2021-12-19,1837.6
GC-003692,Vickie Stokes,"8511 Rhonda Island, Millbrook, Belmara County",Z6,N,Masonry Veneer,2006,Homeowners,233900.0,2025-11-12,785.9
GC-003693,Monique Thompson,"679 Kathleen Club, Cape Verrin, Belmara County",Z3,Y,Frame,1992,Homeowners,346000.0,2023-03-25,2084.1
GC-003694,Katie Wilson,"272 Richard Highway Apt. 229, Hollow Bay, Belmara County",Z5,N,Frame,2023,Homeowners,413600.0,2021-12-23,1522.05
GC-003695,Gregory Payne,"757 Miller Lodge, Cape Verrin, Belmara County",Z3,Y,Frame,1979,Homeowners,134400.0,2025-04-29,849.41
GC-003696,John Moore,"8836 Smith Prairie Apt. 340, Cape Verrin, Belmara County",Z3,Y,Frame,2024,Homeowners,374700.0,2024-08-24,2137.29
GC-003697,Morgan Lang,"361 Whitaker Ports Apt. 668, Ridgeview, Belmara County",Z4,N,Frame,1986,Homeowners,505000.0,2024-04-07,2007.07
GC-003698,Matthew Johnson,"9565 Brent Causeway, Marsh Point, Belmara County",Z2,Y,Superior (Reinforced Concrete),1972,Homeowners,575000.0,2022-02-23,2591.9
GC-003699,Charles Lutz,"360 Ruiz Avenue, Cape Verrin, Belmara County",Z3,Y,Frame,1991,Homeowners,450600.0,2024-09-25,2724.44
GC-003700,Kristina Young,"1421 Linda Heights, Ridgeview, Belmara County",Z4,N,Masonry Veneer,1986,Commercial,929200.0,2025-12-19,4320.22
GC-003701,Christopher Carey,"226 Sawyer Islands, Millbrook, Belmara County",Z6,N,Masonry,1987,Homeowners,461300.0,2026-01-22,1508.93
GC-003702,Jonathan Butler,"336 Donald Inlet, Port Alden, Belmara County",Z1,Y,Masonry Veneer,2004,Homeowners,213000.0,2025-05-25,1118.18
GC-003703,John Yates,"598 Crystal Shores, Port Alden, Belmara County",Z1,Y,Masonry,2000,Homeowners,217800.0,2025-09-08,1050.9
GC-003704,Bernard Mason,"880 Smith Fords, Ridgeview, Belmara County",Z4,N,Frame,1986,Homeowners,320800.0,2021-04-13,1274.99
GC-003705,Nathaniel Kim,"5227 Guzman Dale Suite 732, Port Alden, Belmara County",Z1,Y,Frame,2011,Homeowners,251700.0,2022-12-23,1435.7
GC-003706,Michelle Washington,"15532 Williams Court, Cape Verrin, Belmara County",Z3,Y,Superior (Reinforced Concrete),1997,Homeowners,173300.0,2021-05-14,712.41
GC-003707,Sean Lopez,"745 Christopher Shores, Port Alden, Belmara County",Z1,Y,Frame,2000,Homeowners,350600.0,2022-02-13,2047.82
GC-003708,Robert Hinton,"0862 Whitaker Tunnel, Port Alden, Belmara County",Z1,Y,Frame,1982,Homeowners,413200.0,2026-02-21,2583.15
GC-003709,Brian Gonzalez,"0575 Darlene Lodge Suite 471, Cape Verrin, Belmara County",Z3,Y,Frame,1992,Commercial,926100.0,2021-11-26,7147.19
GC-003710,Anna Miller,"072 Jillian Crest, Millbrook, Belmara County",Z6,N,Superior (Reinforced Concrete),1992,Homeowners,319900.0,2021-03-23,864.8
GC-003711,Anita Baker,"5063 Carpenter Shores Suite 167, Cape Verrin, Belmara County",Z3,Y,Masonry,1950,Commercial,3007900.0,2025-12-14,22227.16
GC-003712,Sheila Banks,"9991 Bolton Loop Suite 602, Hollow Bay, Belmara County",Z5,N,Masonry,2024,Homeowners,205500.0,2026-03-10,624.72
GC-003713,James Lucero,"143 Estrada Street Suite 342, Marsh Point, Belmara County",Z2,Y,Superior (Reinforced Concrete),1970,Homeowners,184300.0,2024-09-19,836.61
GC-003714,Brian Barnes,"17774 Hernandez Drive Apt. 242, Hollow Bay, Belmara County",Z5,N,Masonry Veneer,1965,Homeowners,144700.0,2024-07-01,565.93
GC-003715,Ashley Moran,"81903 Wallace Cove Suite 510, Hollow Bay, Belmara County",Z5,N,Superior (Reinforced Concrete),1981,Homeowners,232400.0,2023-03-07,654.44
GC-003716,Leslie Diaz,"850 Joe Mountains, Port Alden, Belmara County",Z1,Y,Frame,1950,Homeowners,517900.0,2024-11-22,3615.82
GC-003717,Edwin Clark,"35634 Cameron Mill Apt. 916, Port Alden, Belmara County",Z1,Y,Frame,1981,Homeowners,235100.0,2022-12-13,1475.11
GC-003718,Robert Malone,"1543 Sharon Roads Apt. 541, Millbrook, Belmara County",Z6,N,Frame,1995,Homeowners,234100.0,2022-08-19,899.39
GC-003719,Mr. Kenneth Taylor,"68299 Peterson Plaza, Port Alden, Belmara County",Z1,Y,Masonry,1991,Commercial,1911500.0,2024-08-26,12232.62
GC-003720,Carrie Hunt,"7186 Katherine Shore Apt. 625, Ridgeview, Belmara County",Z4,N,Masonry Veneer,1991,Homeowners,246700.0,2025-05-06,878.65
GC-003721,Linda Gonzalez,"3651 Jay Path Suite 136, Millbrook, Belmara County",Z6,N,Masonry,2001,Homeowners,224500.0,2022-06-18,696.13
GC-003722,Earl Cruz,"60543 Shawn Brooks Suite 367, Ridgeview, Belmara County",Z4,N,Masonry,1983,Homeowners,156700.0,2023-07-29,520.19
GC-003723,Jonathan Green,"9531 Daniel Turnpike, Port Alden, Belmara County",Z1,Y,Superior (Reinforced Concrete),2000,Homeowners,241700.0,2025-10-22,982.08
GC-003724,Pamela Turner,"697 Vanessa Meadow, Ridgeview, Belmara County",Z4,N,Frame,1996,Homeowners,302700.0,2025-03-25,1158.49
GC-003725,Charles Williams,"629 Cameron Throughway, Ridgeview, Belmara County",Z4,N,Superior (Reinforced Concrete),1987,Homeowners,425200.0,2023-09-29,1171.24
GC-003726,Maria Oneal,"8647 Smith Tunnel Apt. 925, Hollow Bay, Belmara County",Z5,N,Frame,2022,Homeowners,196200.0,2022-10-01,722.02
GC-003727,Shawn Chavez,"0461 Rodriguez Squares Apt. 840, Ridgeview, Belmara County",Z4,N,Superior (Reinforced Concrete),2018,Homeowners,321400.0,2025-02-08,822.78
GC-003728,Shane Martinez,"5457 Cardenas Roads Apt. 941, Port Alden, Belmara County",Z1,Y,Frame,1991,Homeowners,353900.0,2021-12-12,2139.76
GC-003729,Henry Keller,"563 Byrd Centers, Ridgeview, Belmara County",Z4,N,Masonry,2007,Homeowners,330500.0,2026-03-20,1004.72
GC-003730,Gary Morris,"13299 Tucker Forge, Hollow Bay, Belmara County",Z5,N,Masonry,2015,Homeowners,356600.0,2024-08-01,1084.06
GC-003731,Shannon Harris,"599 Monica Mountain Suite 638, Ridgeview, Belmara County",Z4,N,Frame,2017,Commercial,2421900.0,2022-02-16,11419.26
GC-003732,Timothy Padilla,"54376 Robert Fall, Marsh Point, Belmara County",Z2,Y,Frame,1990,Homeowners,314100.0,2024-10-19,1906.29
GC-003733,Anne Murray,"5359 Reed Fields, Hollow Bay, Belmara County",Z5,N,Frame,2010,Commercial,1387000.0,2025-10-30,6539.7
GC-003734,Tammy Roman,"989 Shaw Shoals Apt. 948, Port Alden, Belmara County",Z1,Y,Masonry Veneer,1978,Homeowners,210700.0,2022-06-12,1220.23
GC-003735,Richard Brown,"285 Neal Harbor Apt. 793, Marsh Point, Belmara County",Z2,Y,Masonry,2008,Homeowners,372400.0,2023-09-14,1754.75
GC-003736,Patricia Evans,"49142 Michael Inlet, Marsh Point, Belmara County",Z2,Y,Frame,1969,Homeowners,220000.0,2023-09-30,1440.6
GC-003737,Veronica Johnson,"6242 Simpson Bypass Suite 052, Millbrook, Belmara County",Z6,N,Frame,1990,Homeowners,376700.0,2021-11-18,1474.98
GC-003738,Melissa Fields,"35476 Peck Union Apt. 077, Ridgeview, Belmara County",Z4,N,Masonry,1992,Homeowners,237200.0,2021-12-19,761.47
GC-003739,Lisa Flores,"065 Christy Haven, Ridgeview, Belmara County",Z4,N,Masonry Veneer,2004,Commercial,520500.0,2023-07-11,2258.68
GC-003740,Christopher Marsh,"6150 Wilson Streets, Millbrook, Belmara County",Z6,N,Masonry,1999,Homeowners,284800.0,2026-04-20,890.03
GC-003741,Anthony Hernandez,"09251 Christine Avenue, Port Alden, Belmara County",Z1,Y,Masonry,1993,Commercial,1308900.0,2026-05-15,8313.07
GC-003742,Michael Williams,"7472 Jeanette Land, Marsh Point, Belmara County",Z2,Y,Masonry Veneer,1970,Commercial,970200.0,2021-04-24,7406.14
GC-003743,David Gordon,"9757 Edwards Plains, Hollow Bay, Belmara County",Z5,N,Masonry,2008,Homeowners,386700.0,2022-03-21,1175.57
GC-003744,Chad Reyes,"38846 Jones Canyon, Cape Verrin, Belmara County",Z3,Y,Frame,1999,Homeowners,275700.0,2025-10-23,1616.63
GC-003745,Earl Gonzalez,"241 Blake Manors, Ridgeview, Belmara County",Z4,N,Masonry,1977,Commercial,877500.0,2025-10-13,3814.33
GC-003746,Jennifer Wise,"490 Michael Summit Apt. 417, Marsh Point, Belmara County",Z2,Y,Frame,1991,Homeowners,347600.0,2021-02-03,2101.67
GC-003747,Nancy Garrett,"43071 Marilyn Courts, Port Alden, Belmara County",Z1,Y,Masonry Veneer,2022,Homeowners,379600.0,2023-06-13,1976.96
GC-003748,Kim Davis,"063 Suzanne Cliff Suite 781, Port Alden, Belmara County",Z1,Y,Frame,2007,Homeowners,377900.0,2025-08-04,2155.54
GC-003749,Mary Holloway,"38836 Browning Trail, Port Alden, Belmara County",Z1,Y,Masonry,1998,Homeowners,396600.0,2023-12-04,1928.58
GC-003750,Rebecca Santiago,"9535 Collins Shoals Apt. 193, Cape Verrin, Belmara County",Z3,Y,Frame,1971,Homeowners,148800.0,2025-05-13,967.58
GC-003751,Theodore Hayes,"639 Martin Valley, Cape Verrin, Belmara County",Z3,Y,Frame,2021,Homeowners,286000.0,2023-11-27,1631.34
GC-003752,Christopher Shaw,"203 Thomas Key Apt. 450, Cape Verrin, Belmara County",Z3,Y,Frame,1985,Homeowners,443400.0,2023-03-27,2741.6
GC-003753,Lindsay Johnson,"572 Gilbert Ridges, Marsh Point, Belmara County",Z2,Y,Frame,2024,Homeowners,290900.0,2024-05-25,1659.29
GC-003754,Kenneth Fowler,"67333 Sean Island, Marsh Point, Belmara County",Z2,Y,Frame,1996,Homeowners,181100.0,2022-08-19,1074.31
GC-003755,Tiffany Phillips,"49668 Joe Point, Marsh Point, Belmara County",Z2,Y,Frame,1977,Homeowners,333100.0,2023-02-04,2120.4
GC-003756,Gregory Rivera,"10154 Ayala Plaza, Marsh Point, Belmara County",Z2,Y,Masonry,1991,Homeowners,129200.0,2021-06-24,645.32
GC-003757,Katherine Thomas,"0518 Smith Field Apt. 217, Port Alden, Belmara County",Z1,Y,Superior (Reinforced Concrete),2000,Homeowners,174800.0,2021-11-14,710.25
GC-003758,Luis Brown,"9839 Anthony Fords Apt. 041, Millbrook, Belmara County",Z6,N,Masonry Veneer,1988,Homeowners,165500.0,2025-09-11,596.12
GC-003759,Crystal Tucker,"29729 Roth Mission, Port Alden, Belmara County",Z1,Y,Frame,1985,Commercial,593300.0,2022-05-26,4700.21
GC-003760,Howard Costa,"3700 Farmer Meadow, Ridgeview, Belmara County",Z4,N,Frame,2019,Homeowners,318400.0,2021-02-03,1171.71
GC-003761,Tara Garner,"022 Garcia Loaf, Millbrook, Belmara County",Z6,N,Frame,2003,Homeowners,274400.0,2026-03-17,1021.91
GC-003762,Russell Dean,"27462 Melissa Forest, Cape Verrin, Belmara County",Z3,Y,Frame,2014,Homeowners,339600.0,2023-06-29,1937.08
GC-003763,Kenneth Love,"956 Sanders Circles, Ridgeview, Belmara County",Z4,N,Masonry Veneer,1991,Homeowners,383200.0,2023-06-14,1364.81
GC-003764,Carolyn Donovan,"099 Golden Club Suite 753, Cape Verrin, Belmara County",Z3,Y,Masonry,1998,Homeowners,425700.0,2021-11-10,2070.09
GC-003765,Jessica Gonzalez,"256 Hammond Knoll Suite 476, Millbrook, Belmara County",Z6,N,Masonry Veneer,2005,Commercial,1500700.0,2021-12-09,6486.36
GC-003766,Hunter Beck,"0518 Hensley Village Apt. 679, Port Alden, Belmara County",Z1,Y,Frame,1973,Homeowners,236300.0,2023-06-24,1525.77
GC-003767,Lauren Mclean,"15905 Morgan Ville Suite 687, Ridgeview, Belmara County",Z4,N,Superior (Reinforced Concrete),1991,Homeowners,494900.0,2021-03-17,1342.96
GC-003768,Shane Coleman,"795 Melanie Plains Apt. 466, Port Alden, Belmara County",Z1,Y,Frame,1988,Homeowners,514100.0,2026-06-02,3143.56
GC-003769,Melissa Fuller,"285 Jennifer Cove, Millbrook, Belmara County",Z6,N,Frame,1997,Homeowners,256600.0,2021-02-23,978.28
GC-003770,Phillip Rivera,"92252 Jack Trail, Cape Verrin, Belmara County",Z3,Y,Frame,1979,Homeowners,203400.0,2022-06-14,1285.49
GC-003771,Kristina Thompson,"6276 Mario Stravenue Apt. 487, Marsh Point, Belmara County",Z2,Y,Frame,1974,Homeowners,236400.0,2025-01-02,1521.02
GC-003772,Samuel Mccoy,"129 Hill Terrace Apt. 853, Ridgeview, Belmara County",Z4,N,Masonry Veneer,2002,Homeowners,199000.0,2025-04-25,679.34
GC-003773,Wanda Perez,"999 Ryan Key Apt. 595, Port Alden, Belmara County",Z1,Y,Frame,1994,Homeowners,398500.0,2024-11-10,2382.15
GC-003774,Joshua Wells,"20901 Tyler Hollow Suite 311, Marsh Point, Belmara County",Z2,Y,Frame,1985,Homeowners,209800.0,2024-02-22,1297.22
GC-003775,Steven Henderson,"0989 Sarah Center, Marsh Point, Belmara County",Z2,Y,Frame,1990,Commercial,1145000.0,2023-04-11,8903.49
GC-003776,Aaron Chambers,"619 Yoder Grove Apt. 059, Port Alden, Belmara County",Z1,Y,Masonry,1977,Commercial,3911000.0,2025-01-20,26350.64
GC-003777,Ricardo Clark DVM,"9421 Jennifer Estates Apt. 841, Ridgeview, Belmara County",Z4,N,Masonry,1996,Homeowners,284000.0,2025-11-29,897.89
GC-003778,Chelsea Burton,"4907 Thompson Isle Apt. 541, Ridgeview, Belmara County",Z4,N,Superior (Reinforced Concrete),1999,Homeowners,234900.0,2023-02-04,618.18
GC-003779,Stephen Obrien,"5770 Clayton Prairie, Cape Verrin, Belmara County",Z3,Y,Frame,2002,Homeowners,428400.0,2021-01-10,2482.69
GC-003780,Mary Johnson DVM,"69413 Velasquez Extension Suite 836, Cape Verrin, Belmara County",Z3,Y,Frame,1970,Homeowners,129100.0,2022-06-12,842.43
GC-003781,Emily Frank,"582 Ford Circle Suite 992, Marsh Point, Belmara County",Z2,Y,Masonry,1977,Homeowners,220500.0,2022-11-15,1159.52
GC-003782,Jennifer Roberson,"6949 Ryan Brooks, Marsh Point, Belmara County",Z2,Y,Masonry Veneer,1986,Homeowners,410700.0,2021-08-08,2310.04
GC-003783,Maria Crawford,"02351 Anthony Road, Port Alden, Belmara County",Z1,Y,Frame,1983,Commercial,2665900.0,2025-07-31,21275.51
GC-003784,Deanna Haney,"157 Jane Rapid Suite 385, Millbrook, Belmara County",Z6,N,Masonry,1972,Homeowners,285500.0,2025-05-31,985.96
GC-003785,Mary Gonzalez,"9849 John Plains Suite 870, Marsh Point, Belmara County",Z2,Y,Frame,2003,Homeowners,312800.0,2026-05-03,1805.62
GC-003786,Jose Soto,"33795 Jared Court, Port Alden, Belmara County",Z1,Y,Masonry,2002,Homeowners,566900.0,2024-09-30,2713.97
GC-003787,Christopher Miller,"71278 Ingram Mall Apt. 387, Cape Verrin, Belmara County",Z3,Y,Superior (Reinforced Concrete),1990,Homeowners,192400.0,2021-08-05,812.3
GC-003788,Lisa Williams,"22082 Natasha Inlet, Hollow Bay, Belmara County",Z5,N,Frame,2023,Homeowners,174200.0,2024-09-14,641.06
GC-003789,Edward Olsen,"1978 Robert Glens, Port Alden, Belmara County",Z1,Y,Masonry,1979,Homeowners,237200.0,2024-12-26,1238.4
GC-003790,Karen Pratt,"2599 Alexis Tunnel, Hollow Bay, Belmara County",Z5,N,Masonry,2010,Homeowners,232600.0,2024-02-03,707.1
GC-003791,Charlotte Phillips,"1701 Melissa Turnpike, Cape Verrin, Belmara County",Z3,Y,Frame,2007,Homeowners,223700.0,2024-01-03,1275.98
GC-003792,Johnny Lowe,"0305 Berry Isle, Ridgeview, Belmara County",Z4,N,Frame,2005,Homeowners,185400.0,2024-05-06,685.0
GC-003793,Margaret Jimenez,"58136 Kathleen Causeway, Port Alden, Belmara County",Z1,Y,Frame,1989,Commercial,904700.0,2023-07-12,7061.37
GC-003794,Shawn Gates,"685 Powell Common Apt. 670, Cape Verrin, Belmara County",Z3,Y,Masonry Veneer,1984,Homeowners,182100.0,2021-02-13,1031.83
GC-003795,Jennifer Williams,"24076 Mitchell Roads, Ridgeview, Belmara County",Z4,N,Frame,1973,Homeowners,187600.0,2022-09-29,781.5
GC-003796,Mary Lewis,"213 Williams Walk, Ridgeview, Belmara County",Z4,N,Superior (Reinforced Concrete),2016,Homeowners,454000.0,2022-06-15,1162.24
GC-003797,David Scott,"950 Lori Corner Suite 899, Hollow Bay, Belmara County",Z5,N,Superior (Reinforced Concrete),1984,Homeowners,278300.0,2022-08-01,775.14
GC-003798,Devon Pruitt,"972 Phillips Ville Apt. 047, Ridgeview, Belmara County",Z4,N,Masonry Veneer,2005,Homeowners,197700.0,2022-12-31,666.93
GC-003799,Ruben Frey,"5639 Willis Greens, Millbrook, Belmara County",Z6,N,Superior (Reinforced Concrete),2008,Commercial,1128400.0,2024-10-25,3701.15
GC-003800,Erika Salas,"4657 Black Union Suite 525, Millbrook, Belmara County",Z6,N,Superior (Reinforced Concrete),2010,Homeowners,220100.0,2022-12-25,563.46
GC-003801,Stephen Avila,"6508 Patty Glen Apt. 178, Cape Verrin, Belmara County",Z3,Y,Masonry,1980,Homeowners,392600.0,2023-12-02,2042.32
GC-003802,Billy Crosby,"69975 Rose Ridges, Marsh Point, Belmara County",Z2,Y,Masonry,1993,Commercial,1134500.0,2026-01-04,7205.42
GC-003803,John Woodard,"715 Houston Estates, Port Alden, Belmara County",Z1,Y,Masonry,2002,Homeowners,151200.0,2023-07-10,723.85
GC-003804,Christopher Stewart,"383 Todd Ferry, Marsh Point, Belmara County",Z2,Y,Frame,1987,Homeowners,164400.0,2025-03-10,1009.01
GC-003805,Chad Hall,"07419 Reed View Suite 006, Marsh Point, Belmara County",Z2,Y,Masonry,1983,Homeowners,436900.0,2021-06-04,2248.07
GC-003806,David Stark,"3352 Victoria Pines Suite 837, Millbrook, Belmara County",Z6,N,Frame,1995,Homeowners,310400.0,2024-10-31,1192.53
GC-003807,Michael Payne,"3218 Mcbride Trail, Millbrook, Belmara County",Z6,N,Frame,1996,Homeowners,420400.0,2024-12-18,1608.95
GC-003808,Sherry Acosta,"998 Allison Courts Suite 281, Ridgeview, Belmara County",Z4,N,Frame,2013,Homeowners,234700.0,2021-06-24,863.7
GC-003809,Stephen Castro IV,"4339 Morgan Valleys, Marsh Point, Belmara County",Z2,Y,Frame,1998,Homeowners,238900.0,2022-01-30,1406.29
GC-003810,Cody Elliott,"197 Colleen Groves Apt. 932, Marsh Point, Belmara County",Z2,Y,Frame,1989,Homeowners,345700.0,2025-08-31,2105.96
GC-003811,Donald Gonzalez,"91731 Lee Dale, Port Alden, Belmara County",Z1,Y,Masonry Veneer,1966,Homeowners,344200.0,2021-09-01,2079.41
GC-003812,Darren Sandoval,"44783 Sandra Crest Apt. 125, Port Alden, Belmara County",Z1,Y,Masonry,1993,Homeowners,262700.0,2024-11-12,1302.21
GC-003813,Robert Dunlap MD,"24198 Thomas Estates, Hollow Bay, Belmara County",Z5,N,Frame,2014,Homeowners,392100.0,2025-04-22,1442.93
GC-003814,Donna Hanson MD,"6991 Thomas Plains, Cape Verrin, Belmara County",Z3,Y,Frame,1996,Homeowners,267600.0,2024-06-04,1587.45
GC-003815,Brandon Schroeder,"8951 Sullivan Walk Apt. 180, Port Alden, Belmara County",Z1,Y,Frame,1984,Homeowners,302800.0,2021-01-05,1879.16
GC-003816,Donald Beltran,"7601 Jeffrey Loaf, Hollow Bay, Belmara County",Z5,N,Masonry Veneer,1986,Commercial,715100.0,2024-11-02,3324.79
GC-003817,Ryan Richardson,"03668 Ruiz Inlet, Hollow Bay, Belmara County",Z5,N,Frame,1979,Homeowners,294100.0,2023-12-06,1199.18
GC-003818,Richard Odom,"471 Pham Lakes, Millbrook, Belmara County",Z6,N,Frame,2005,Homeowners,394700.0,2023-05-11,1458.31
GC-003819,Sharon Perez,"12918 James Fields, Millbrook, Belmara County",Z6,N,Superior (Reinforced Concrete),1972,Homeowners,310700.0,2025-08-18,903.57
GC-003820,Mrs. Brandi Bryan,"98031 Eric Drives, Millbrook, Belmara County",Z6,N,Masonry Veneer,2009,Homeowners,211700.0,2021-05-14,711.31
GC-003821,Alexander Johnson,"482 Moore Drives Apt. 546, Ridgeview, Belmara County",Z4,N,Frame,1986,Homeowners,208000.0,2026-04-13,826.68
GC-003822,Robert Padilla,"6316 Kenneth Knoll Apt. 365, Ridgeview, Belmara County",Z4,N,Masonry,1988,Homeowners,194100.0,2021-07-01,632.55
GC-003823,Zachary Schaefer,"37246 Hayes Lights Apt. 267, Port Alden, Belmara County",Z1,Y,Frame,1966,Homeowners,153200.0,2022-01-16,1013.67
GC-003824,Johnny Schneider,"5522 Ramsey Extension, Millbrook, Belmara County",Z6,N,Superior (Reinforced Concrete),2009,Commercial,619200.0,2026-03-26,2030.98
GC-003825,Heather Harrington,"54978 Nicholas Forks Suite 196, Port Alden, Belmara County",Z1,Y,Masonry Veneer,2008,Commercial,993400.0,2025-05-09,6628.71
GC-003826,Matthew Roberts,"11601 James Junctions Apt. 995, Hollow Bay, Belmara County",Z5,N,Frame,2024,Homeowners,390700.0,2022-06-06,1437.78
GC-003827,Brandon Barton,"2401 Johnson Streets Suite 379, Hollow Bay, Belmara County",Z5,N,Superior (Reinforced Concrete),1998,Homeowners,426000.0,2025-08-26,1125.46
GC-003828,Amy Warren,"835 Stafford Parkway, Cape Verrin, Belmara County",Z3,Y,Frame,1976,Homeowners,305100.0,2022-05-08,1949.13
GC-003829,Tiffany Simmons,"8759 Andrews Trail Suite 425, Port Alden, Belmara County",Z1,Y,Superior (Reinforced Concrete),1971,Homeowners,242700.0,2023-01-01,1097.86
GC-003830,Tammy Chen,"436 Laura Islands, Cape Verrin, Belmara County",Z3,Y,Masonry,2024,Homeowners,299800.0,2025-03-15,1412.66
GC-003831,David Petty,"78672 Hall Trace Apt. 580, Ridgeview, Belmara County",Z4,N,Frame,1986,Homeowners,270500.0,2024-09-04,1075.08
GC-003832,Jennifer Gonzales,"1193 Linda Loop Suite 199, Port Alden, Belmara County",Z1,Y,Frame,2009,Homeowners,247900.0,2022-09-09,1414.02
GC-003833,Julie Jackson,"00295 Lee Cliffs Suite 570, Ridgeview, Belmara County",Z4,N,Frame,1990,Homeowners,376100.0,2024-05-11,1472.63
GC-003834,Robert Williams,"1301 Collins Lodge, Cape Verrin, Belmara County",Z3,Y,Masonry,1953,Homeowners,112800.0,2025-05-04,644.19
GC-003835,Vincent Howell,"94103 Snyder Pines Apt. 693, Hollow Bay, Belmara County",Z5,N,Frame,2024,Commercial,562400.0,2024-01-06,2651.72
GC-003836,Nicholas Mejia,"11713 Karen Squares Suite 097, Ridgeview, Belmara County",Z4,N,Frame,1995,Commercial,864400.0,2022-02-11,4254.97
GC-003837,Dennis Bass,"773 Robinson Route, Ridgeview, Belmara County",Z4,N,Masonry,2009,Homeowners,218400.0,2023-01-08,663.94
GC-003838,Jason Duncan,"5927 Gutierrez Causeway, Ridgeview, Belmara County",Z4,N,Masonry Veneer,1983,Homeowners,230600.0,2021-09-28,846.1
GC-003839,Alan Ross,"4009 Brown Passage Apt. 256, Cape Verrin, Belmara County",Z3,Y,Masonry,1974,Homeowners,159200.0,2022-11-28,846.17
GC-003840,Sean Stephens,"08537 Adam Circle Apt. 102, Port Alden, Belmara County",Z1,Y,Frame,1988,Homeowners,342700.0,2023-09-16,2095.5
GC-003841,Brandi Wilson,"390 Davis Summit Apt. 118, Ridgeview, Belmara County",Z4,N,Superior (Reinforced Concrete),2009,Homeowners,189800.0,2026-03-17,485.89
GC-003842,Morgan Knight,"910 Moon Mews Suite 101, Millbrook, Belmara County",Z6,N,Masonry Veneer,1978,Homeowners,331400.0,2025-09-14,1238.22
GC-003843,Eric Miller,"28225 Ashley Glens Apt. 958, Marsh Point, Belmara County",Z2,Y,Frame,1986,Homeowners,262200.0,2023-10-14,1615.24
GC-003844,Barbara Griffin,"70254 Buchanan Ranch, Ridgeview, Belmara County",Z4,N,Masonry Veneer,1950,Homeowners,483700.0,2024-10-24,1989.28
GC-003845,Gabriel Stanton,"218 Ruth Village Suite 805, Millbrook, Belmara County",Z6,N,Frame,1994,Commercial,1216500.0,2022-11-25,6011.12
GC-003846,Theresa Williamson,"24242 Lewis Landing Apt. 317, Millbrook, Belmara County",Z6,N,Masonry,2019,Homeowners,363300.0,2022-10-13,1104.43
GC-003847,Donna Ramos,"320 Allen Course, Port Alden, Belmara County",Z1,Y,Frame,1985,Homeowners,392300.0,2023-05-10,2425.64
GC-003848,Lisa Walsh,"18676 Ramirez Path, Cape Verrin, Belmara County",Z3,Y,Frame,1981,Homeowners,240500.0,2023-01-06,1508.99
GC-003849,Cassandra Reese,"3900 Salazar Forks, Hollow Bay, Belmara County",Z5,N,Masonry,1961,Homeowners,119700.0,2021-08-21,429.39
GC-003850,Kenneth Hughes,"6296 Cynthia Turnpike Suite 499, Port Alden, Belmara County",Z1,Y,Frame,1978,Homeowners,156900.0,2021-02-09,995.19
GC-003851,William Williams,"64954 Little Vista Suite 465, Cape Verrin, Belmara County",Z3,Y,Frame,1979,Homeowners,266400.0,2024-08-26,1683.66
GC-003852,Mitchell Wilson,"53427 Cynthia Extensions Suite 322, Ridgeview, Belmara County",Z4,N,Masonry,2003,Homeowners,263600.0,2024-06-20,810.96
GC-003853,Patricia Simmons,"8427 Mack Trail Suite 645, Port Alden, Belmara County",Z1,Y,Masonry,1981,Homeowners,231000.0,2025-01-03,1197.32
GC-003854,Maria Lopez,"021 Hall Mall, Cape Verrin, Belmara County",Z3,Y,Frame,1970,Homeowners,613300.0,2021-04-24,4002.01
GC-003855,Samuel Hanna,"3882 Derek Gateway Suite 533, Port Alden, Belmara County",Z1,Y,Frame,1976,Homeowners,292900.0,2021-01-26,1871.19
GC-003856,Jason Lamb,"965 Lambert Hollow, Port Alden, Belmara County",Z1,Y,Frame,1965,Homeowners,327800.0,2023-03-28,2176.41
GC-003857,Madison Beck,"980 James Valleys, Marsh Point, Belmara County",Z2,Y,Superior (Reinforced Concrete),1954,Homeowners,567200.0,2024-10-17,2718.78
GC-003858,Margaret Jones,"7701 Mcdowell Crescent, Marsh Point, Belmara County",Z2,Y,Masonry,1989,Commercial,1227800.0,2025-03-30,7916.59
GC-003859,Heather Ingram,"623 Michael Ridge, Port Alden, Belmara County",Z1,Y,Superior (Reinforced Concrete),1981,Homeowners,233400.0,2022-10-25,1018.74
GC-003860,Joshua Wilson,"650 Nicholas Rapid Suite 505, Port Alden, Belmara County",Z1,Y,Masonry Veneer,1994,Commercial,642500.0,2021-04-16,4493.03
GC-003861,Samantha Jacobs,"51098 Bryan Row, Port Alden, Belmara County",Z1,Y,Masonry,2006,Homeowners,270500.0,2023-06-05,1274.6
GC-003862,Deborah Walker,"77320 Rogers Port, Port Alden, Belmara County",Z1,Y,Masonry,1988,Homeowners,444100.0,2022-04-09,2243.27
GC-003863,Jeremy Gutierrez,"082 Boyer Expressway, Marsh Point, Belmara County",Z2,Y,Masonry,1992,Homeowners,284900.0,2024-04-05,1417.63
GC-003864,Rhonda Butler,"114 Christian Circle, Cape Verrin, Belmara County",Z3,Y,Masonry,1973,Commercial,535500.0,2024-10-30,3659.7
GC-003865,Darryl Carlson,"41426 Anderson Forges Apt. 646, Marsh Point, Belmara County",Z2,Y,Frame,2024,Homeowners,514000.0,2021-12-27,2931.86
GC-003866,Diana Gonzalez,"816 Turner Stream, Marsh Point, Belmara County",Z2,Y,Masonry Veneer,1996,Commercial,421200.0,2024-05-26,2922.98
GC-003867,Joshua Larson,"0584 Green Point Suite 752, Hollow Bay, Belmara County",Z5,N,Masonry,1986,Homeowners,533000.0,2023-11-14,1749.95
GC-003868,Tiffany Washington,"459 Gaines Point, Port Alden, Belmara County",Z1,Y,Frame,1973,Commercial,3263400.0,2023-07-18,26997.91
GC-003869,Kimberly Lopez,"5404 David Branch Apt. 499, Millbrook, Belmara County",Z6,N,Masonry,1997,Homeowners,125600.0,2022-10-27,395.57
GC-003870,Brian Gallegos,"8545 Ariel Villages Apt. 579, Ridgeview, Belmara County",Z4,N,Masonry,2001,Homeowners,193900.0,2024-02-02,601.25
GC-003871,Janice Anderson,"233 Solis Street Apt. 025, Marsh Point, Belmara County",Z2,Y,Masonry,1968,Homeowners,251400.0,2023-11-11,1364.66
GC-003872,Terri Larson,"563 Kirby Oval, Port Alden, Belmara County",Z1,Y,Masonry,1993,Homeowners,315400.0,2025-03-25,1563.45
GC-003873,Colleen Thompson,"45870 Jeffrey Court Apt. 175, Marsh Point, Belmara County",Z2,Y,Masonry,1989,Commercial,3037300.0,2022-05-06,19583.85
GC-003874,David Clark,"2492 Matthew Junction, Cape Verrin, Belmara County",Z3,Y,Frame,1950,Homeowners,330500.0,2021-08-09,2307.45
GC-003875,Eric Robinson,"717 Jerry Spur Apt. 589, Cape Verrin, Belmara County",Z3,Y,Superior (Reinforced Concrete),2000,Homeowners,372000.0,2023-01-02,1511.52
GC-003876,Anthony Bailey,"256 Jennifer Orchard Apt. 964, Marsh Point, Belmara County",Z2,Y,Frame,1954,Homeowners,446200.0,2025-04-19,3074.51
GC-003877,Richard Foley,"20992 Guerrero Shore Suite 842, Marsh Point, Belmara County",Z2,Y,Frame,1987,Homeowners,160300.0,2023-12-30,983.84
GC-003878,Kaitlyn Rivera,"67209 Callahan Summit Suite 066, Port Alden, Belmara County",Z1,Y,Masonry,2009,Homeowners,307000.0,2023-04-01,1446.58
GC-003879,Ashley Fitzpatrick,"856 Cunningham Harbor, Hollow Bay, Belmara County",Z5,N,Masonry,2000,Homeowners,254300.0,2023-06-16,791.63
GC-003880,Jason Underwood,"11156 Collins Burgs, Port Alden, Belmara County",Z1,Y,Masonry,1992,Commercial,259000.0,2024-04-08,1651.21
GC-003881,Paul Martinez,"0363 Jerry Land, Hollow Bay, Belmara County",Z5,N,Masonry,2012,Commercial,1148500.0,2025-03-22,4473.41
GC-003882,Krista Camacho,"165 Davis Square, Port Alden, Belmara County",Z1,Y,Masonry Veneer,1998,Commercial,1019700.0,2026-04-27,7021.94
GC-003883,Sara Navarro,"871 Dixon Springs, Ridgeview, Belmara County",Z4,N,Masonry Veneer,1989,Homeowners,409200.0,2021-12-05,1468.41
GC-003884,Devin Bradshaw,"07457 Harrison Highway, Hollow Bay, Belmara County",Z5,N,Masonry Veneer,1954,Commercial,399100.0,2025-08-25,2075.5
GC-003885,Stephen Roach,"83163 Katherine Lakes Apt. 363, Marsh Point, Belmara County",Z2,Y,Masonry,1976,Homeowners,434700.0,2022-09-10,2294.1
GC-003886,Jesus Gomez,"0702 Johnson Stravenue Suite 660, Millbrook, Belmara County",Z6,N,Masonry,1992,Homeowners,431800.0,2025-02-21,1386.18
GC-003887,Laura Nunez,"526 Stacy Manor, Cape Verrin, Belmara County",Z3,Y,Masonry,1974,Homeowners,265700.0,2024-12-31,1412.23
GC-003888,Jennifer Reed,"64741 Brown Spring, Port Alden, Belmara County",Z1,Y,Masonry Veneer,1979,Homeowners,364900.0,2024-11-21,2105.64
GC-003889,Michael Monroe,"684 Lucas Turnpike, Port Alden, Belmara County",Z1,Y,Superior (Reinforced Concrete),2017,Homeowners,279700.0,2024-01-16,1109.85
GC-003890,Amber Smith,"208 Garcia Roads, Marsh Point, Belmara County",Z2,Y,Masonry,1986,Homeowners,495000.0,2023-11-06,2519.04
GC-003891,Stephen Martinez,"927 Ashley Parkways, Millbrook, Belmara County",Z6,N,Masonry Veneer,2003,Homeowners,448400.0,2026-04-29,1524.7
GC-003892,Renee Hansen,"879 Cole Isle, Ridgeview, Belmara County",Z4,N,Frame,1995,Homeowners,139100.0,2022-07-25,534.41
GC-003893,Ryan Friedman,"576 Curtis Bypass Suite 752, Millbrook, Belmara County",Z6,N,Masonry,2018,Homeowners,181200.0,2023-11-30,550.85
GC-003894,Carlos Harper,"2893 William Underpass, Ridgeview, Belmara County",Z4,N,Frame,2012,Homeowners,291500.0,2023-08-17,1072.72
GC-003895,Mrs. Jessica Leon,"7313 Megan Trafficway, Port Alden, Belmara County",Z1,Y,Frame,1974,Commercial,2590600.0,2021-09-21,21356.14
GC-003896,Stephanie Hudson,"52762 Cooper Gateway, Hollow Bay, Belmara County",Z5,N,Masonry,2010,Homeowners,275500.0,2026-03-16,837.52
GC-003897,Jenny Wood,"256 Garrett Junction, Hollow Bay, Belmara County",Z5,N,Frame,1998,Homeowners,201200.0,2021-07-02,764.11
GC-003898,Daniel Rodriguez,"1548 Robert Place, Marsh Point, Belmara County",Z2,Y,Masonry Veneer,1992,Commercial,1486900.0,2025-09-20,10477.33
GC-003899,Oscar Landry,"35033 Morales Station Suite 496, Ridgeview, Belmara County",Z4,N,Masonry,2010,Commercial,1517800.0,2025-09-03,5911.83
GC-003900,Tonya Alexander,"4654 Ryan Crescent Suite 398, Port Alden, Belmara County",Z1,Y,Frame,2004,Homeowners,222900.0,2025-06-03,1281.59
GC-003901,Ashley Martinez,"8877 Underwood Tunnel Suite 031, Millbrook, Belmara County",Z6,N,Masonry,2008,Homeowners,603500.0,2023-08-29,1834.64
GC-003902,Daniel Duran,"0865 Harvey Meadow Apt. 874, Millbrook, Belmara County",Z6,N,Masonry Veneer,2008,Homeowners,253500.0,2021-07-16,851.76
GC-003903,Stephen Miller,"25383 Shields Corners Apt. 657, Cape Verrin, Belmara County",Z3,Y,Frame,2003,Homeowners,305600.0,2023-10-25,1764.06
GC-003904,Brandy Cross,"6562 Nancy Viaduct Suite 039, Cape Verrin, Belmara County",Z3,Y,Masonry,1997,Homeowners,689200.0,2022-04-09,3364.42
GC-003905,William Alexander,"4410 Harris Mountains Apt. 182, Cape Verrin, Belmara County",Z3,Y,Frame,1974,Commercial,688900.0,2021-03-30,5679.09
GC-003906,Mrs. Alexandria Lambert,"93582 Fitzgerald Crescent Suite 320, Hollow Bay, Belmara County",Z5,N,Frame,1999,Commercial,1328700.0,2022-02-08,6440.24
GC-003907,Matthew Kim,"6518 Wells Turnpike Suite 978, Millbrook, Belmara County",Z6,N,Frame,2006,Commercial,1136700.0,2025-05-28,5359.54
GC-003908,Virginia Bailey,"579 Miller Highway Apt. 794, Port Alden, Belmara County",Z1,Y,Masonry,2008,Homeowners,374600.0,2022-09-25,1765.12
GC-003909,Matthew Salazar,"239 Davis Plain Apt. 278, Marsh Point, Belmara County",Z2,Y,Frame,1982,Commercial,2033400.0,2023-09-30,16287.21
GC-003910,Jenna Gates,"00326 Brown Forks Apt. 524, Hollow Bay, Belmara County",Z5,N,Masonry,1986,Homeowners,136700.0,2022-07-03,448.81
GC-003911,Dominic Jackson,"5133 Thompson Port Suite 957, Marsh Point, Belmara County",Z2,Y,Masonry,1987,Commercial,1371700.0,2022-08-02,8910.67
GC-003912,David Mayo,"108 Buchanan Roads Apt. 970, Marsh Point, Belmara County",Z2,Y,Frame,2006,Commercial,1303100.0,2021-07-19,9523.38
GC-003913,Evan Boyd,"761 Heather Port Suite 676, Cape Verrin, Belmara County",Z3,Y,Masonry,1987,Commercial,642800.0,2023-09-20,4175.68
GC-003914,Travis Bentley,"4561 Griffith Vista, Cape Verrin, Belmara County",Z3,Y,Masonry,1968,Homeowners,252100.0,2026-02-19,1368.46
GC-003915,Patrick Michael,"489 Sanchez Circles, Cape Verrin, Belmara County",Z3,Y,Masonry,1977,Homeowners,174400.0,2022-06-04,917.1
GC-003916,William Williams,"040 Mikayla Harbors Apt. 703, Millbrook, Belmara County",Z6,N,Frame,1995,Homeowners,541100.0,2022-09-05,2078.86
GC-003917,David Wilkerson,"331 Kerry Roads Apt. 414, Ridgeview, Belmara County",Z4,N,Masonry,1994,Homeowners,276300.0,2022-07-17,880.27
GC-003918,Jessica Pham,"2177 Luna Row Apt. 101, Marsh Point, Belmara County",Z2,Y,Masonry,1972,Homeowners,462000.0,2024-12-13,2473.01
GC-003919,Jon Adams DDS,"517 Rollins Street, Cape Verrin, Belmara County",Z3,Y,Masonry Veneer,1997,Homeowners,374200.0,2023-03-02,2018.99
GC-003920,Melinda Fisher,"24049 Velasquez Road, Marsh Point, Belmara County",Z2,Y,Frame,2024,Homeowners,474100.0,2021-11-19,2704.27
GC-003921,Melissa Dickson,"96627 Joshua Orchard Apt. 658, Ridgeview, Belmara County",Z4,N,Masonry,1998,Homeowners,171900.0,2023-07-17,539.3
GC-003922,Jessica Romero,"78577 Erica Mountain, Port Alden, Belmara County",Z1,Y,Frame,1994,Commercial,1348900.0,2024-10-03,10331.29
GC-003923,Austin Garza,"917 Griffith Neck, Port Alden, Belmara County",Z1,Y,Masonry,1987,Commercial,861800.0,2025-07-12,5598.32
GC-003924,Scott Hooper,"22796 Jill Inlet, Ridgeview, Belmara County",Z4,N,Superior (Reinforced Concrete),2007,Homeowners,211000.0,2021-09-29,540.16
GC-003925,Jeremy Mooney,"00398 Mason Throughway Apt. 646, Port Alden, Belmara County",Z1,Y,Masonry,1995,Commercial,5157900.0,2023-09-08,32509.67
GC-003926,Gina Elliott,"868 Burke Pass, Hollow Bay, Belmara County",Z5,N,Frame,1989,Commercial,1308700.0,2024-06-16,6590.12
GC-003927,Mr. Michael Hale,"92268 Mason Burg, Hollow Bay, Belmara County",Z5,N,Superior (Reinforced Concrete),2015,Homeowners,325500.0,2022-02-04,833.28
GC-003928,Christine Richardson,"545 Thornton Lights Suite 309, Hollow Bay, Belmara County",Z5,N,Frame,2020,Homeowners,211800.0,2024-05-20,779.42
GC-003929,Paul Barnes,"81322 Michael Mount, Cape Verrin, Belmara County",Z3,Y,Frame,2007,Homeowners,274300.0,2021-03-25,1564.61
GC-003930,David Taylor,"4350 Massey Island Suite 731, Cape Verrin, Belmara County",Z3,Y,Masonry Veneer,1998,Homeowners,208300.0,2022-11-12,1119.54
GC-003931,Kelly Keller,"2247 Patterson Flats Apt. 807, Port Alden, Belmara County",Z1,Y,Masonry,1989,Homeowners,259100.0,2021-10-27,1303.9
GC-003932,Amy Thomas,"864 Cristina Shoal Apt. 996, Marsh Point, Belmara County",Z2,Y,Masonry,2024,Homeowners,356000.0,2022-07-24,1677.47
GC-003933,Lindsey Barrett,"338 Jennifer Pine, Marsh Point, Belmara County",Z2,Y,Superior (Reinforced Concrete),1994,Commercial,973400.0,2023-10-14,5186.31
GC-003934,Jeffrey Hunt,"982 Hunt Mission Apt. 868, Cape Verrin, Belmara County",Z3,Y,Frame,1989,Homeowners,269000.0,2025-03-21,1638.71
GC-003935,Zachary Bailey,"50799 Timothy Overpass, Cape Verrin, Belmara County",Z3,Y,Masonry,1975,Homeowners,377600.0,2022-06-01,1999.88
GC-003936,Mark Anderson,"8496 Elizabeth Fords, Cape Verrin, Belmara County",Z3,Y,Frame,1968,Homeowners,177200.0,2024-11-07,1164.38
GC-003937,Cassandra Kerr,"86722 Bates Mews Apt. 810, Cape Verrin, Belmara County",Z3,Y,Frame,1984,Homeowners,216100.0,2022-12-28,1341.11
GC-003938,Jeremiah Figueroa,"673 Jones Cliff Apt. 597, Hollow Bay, Belmara County",Z5,N,Masonry,2024,Homeowners,130900.0,2024-02-25,397.94
GC-003939,Jeffrey Herring,"05374 Elizabeth Estate, Millbrook, Belmara County",Z6,N,Masonry Veneer,2018,Homeowners,243500.0,2024-01-11,818.16
GC-003940,Brenda Wilson,"24877 Perry Coves, Cape Verrin, Belmara County",Z3,Y,Masonry,1980,Commercial,2142000.0,2023-10-26,14276.7
GC-003941,Denise Obrien,"1329 Smith Freeway Suite 724, Cape Verrin, Belmara County",Z3,Y,Superior (Reinforced Concrete),1990,Homeowners,329500.0,2025-04-08,1391.13
GC-003942,Samuel Greene,"2685 Alex Dam Suite 385, Cape Verrin, Belmara County",Z3,Y,Frame,1980,Homeowners,201300.0,2022-04-17,1267.63
GC-003943,Shelley Smith,"9245 Sarah Circles Suite 904, Cape Verrin, Belmara County",Z3,Y,Masonry,1979,Homeowners,477300.0,2025-11-29,2491.93
GC-003944,Julie Walker,"4345 Victoria Ville Suite 996, Hollow Bay, Belmara County",Z5,N,Frame,1994,Homeowners,399500.0,2025-01-25,1540.73
GC-003945,Antonio Porter,"2222 Parker Lane Apt. 533, Port Alden, Belmara County",Z1,Y,Frame,1997,Homeowners,608000.0,2021-01-28,3592.88
GC-003946,Alexandra Crawford,"5076 Gallagher Square, Marsh Point, Belmara County",Z2,Y,Masonry,2021,Homeowners,359100.0,2025-09-26,1692.08
GC-003947,Justin Gates,"1453 Banks Springs, Hollow Bay, Belmara County",Z5,N,Masonry Veneer,2007,Homeowners,440800.0,2024-04-29,1481.09
GC-003948,Timothy Black,"07500 Richard Walks, Port Alden, Belmara County",Z1,Y,Masonry,1983,Homeowners,170200.0,2025-11-03,875.76
GC-003949,Lisa Miller,"8593 Michelle Way Suite 455, Marsh Point, Belmara County",Z2,Y,Masonry,1985,Homeowners,203100.0,2021-03-21,1037.4
GC-003950,Gina Lewis,"48944 Jake Unions, Ridgeview, Belmara County",Z4,N,Masonry,1993,Homeowners,199600.0,2021-09-29,638.34
GC-003951,Laura Rios,"9933 John Common Suite 695, Cape Verrin, Belmara County",Z3,Y,Masonry,2005,Homeowners,135800.0,2024-01-05,642.45
GC-003952,Amanda Smith,"510 Short Fords Suite 112, Marsh Point, Belmara County",Z2,Y,Frame,2005,Homeowners,363100.0,2024-07-24,2079.41
GC-003953,Kari Williams,"73069 Marissa Drive, Port Alden, Belmara County",Z1,Y,Frame,1997,Homeowners,510100.0,2024-05-11,3014.36
GC-003954,Erik Gardner,"89302 Brown Divide Apt. 850, Ridgeview, Belmara County",Z4,N,Masonry Veneer,1999,Homeowners,327200.0,2022-10-28,1130.17
GC-003955,Sean Castro,"191 Denise Center, Cape Verrin, Belmara County",Z3,Y,Masonry,1973,Homeowners,195200.0,2025-03-11,1041.19
GC-003956,Nicholas Gomez,"4981 Nelson Bridge Apt. 865, Hollow Bay, Belmara County",Z5,N,Frame,2004,Homeowners,325300.0,2021-11-03,1206.68
GC-003957,Judy Dean MD,"054 Torres Mountains Apt. 566, Ridgeview, Belmara County",Z4,N,Frame,2024,Homeowners,555600.0,2023-08-16,2044.61
GC-003958,Alexander Hartman,"6094 Sims Well, Port Alden, Belmara County",Z1,Y,Masonry,2003,Homeowners,493900.0,2022-05-13,2355.18
GC-003959,Adam Davis,"0665 Reynolds Centers, Hollow Bay, Belmara County",Z5,N,Frame,2016,Homeowners,327300.0,2021-04-04,1204.46
GC-003960,Sandra Johnson,"085 Horton Meadow Suite 789, Marsh Point, Belmara County",Z2,Y,Masonry Veneer,1983,Homeowners,510300.0,2025-01-19,2902.15
GC-003961,Robert Berry,"194 Adams Mountain, Port Alden, Belmara County",Z1,Y,Frame,1995,Homeowners,165600.0,2022-07-29,986.14
GC-003962,Keith Watkins,"2196 Brittany Burg, Ridgeview, Belmara County",Z4,N,Frame,1995,Homeowners,394500.0,2024-09-30,1515.64
GC-003963,Jay Harrington,"42432 Craig Via Apt. 266, Ridgeview, Belmara County",Z4,N,Masonry,2017,Homeowners,306600.0,2023-05-09,932.06
GC-003964,Brandi Washington,"813 Adrian Plain, Port Alden, Belmara County",Z1,Y,Frame,2017,Homeowners,449100.0,2021-02-16,2561.67
GC-003965,Zachary Wood,"78034 Robinson Flat, Ridgeview, Belmara County",Z4,N,Masonry,1999,Homeowners,264900.0,2021-07-07,827.84
GC-003966,Catherine Ramos,"6568 Gutierrez Place, Port Alden, Belmara County",Z1,Y,Masonry,2024,Homeowners,373700.0,2021-02-14,1760.87
GC-003967,Matthew Cook,"05895 Amy Islands, Cape Verrin, Belmara County",Z3,Y,Frame,2024,Homeowners,199600.0,2021-06-22,1138.52
GC-003968,Jaime Stafford,"4385 Fernandez Points, Marsh Point, Belmara County",Z2,Y,Masonry Veneer,1950,Homeowners,318200.0,2023-04-23,2028.4
GC-003969,Tonya Gibson,"148 Michael Throughway Apt. 446, Hollow Bay, Belmara County",Z5,N,Masonry Veneer,2015,Homeowners,244200.0,2024-09-07,820.51
GC-003970,Stephen Barrett,"1710 Mikayla Lodge Suite 626, Marsh Point, Belmara County",Z2,Y,Masonry,1959,Homeowners,213300.0,2024-01-10,1194.02
GC-003971,Joshua Cox,"536 Tyler Unions Suite 665, Marsh Point, Belmara County",Z2,Y,Frame,1997,Homeowners,319100.0,2023-08-21,1885.67
GC-003972,Stacy Montgomery,"34423 Mary Falls, Cape Verrin, Belmara County",Z3,Y,Masonry Veneer,1998,Commercial,1283000.0,2023-01-16,8835.09
GC-003973,Jeffrey Adams,"186 Larry Estates Apt. 635, Millbrook, Belmara County",Z6,N,Frame,1987,Homeowners,118500.0,2021-10-25,469.22
GC-003974,Amy Brooks,"15131 Michael Crescent, Port Alden, Belmara County",Z1,Y,Masonry,2024,Homeowners,202200.0,2021-08-17,952.77
GC-003975,Theresa Mosley,"8473 Parker Village, Ridgeview, Belmara County",Z4,N,Frame,2019,Homeowners,257300.0,2022-06-16,946.86
GC-003976,Cheryl Jackson,"91761 Grant Extension, Ridgeview, Belmara County",Z4,N,Frame,2000,Homeowners,316300.0,2024-01-03,1191.92
GC-003977,Joshua Wade,"313 Horton Springs Suite 408, Millbrook, Belmara County",Z6,N,Masonry Veneer,1998,Homeowners,208500.0,2026-04-30,722.98
GC-003978,Jeremy Johnson,"97296 Julie Key Suite 577, Hollow Bay, Belmara County",Z5,N,Frame,2019,Homeowners,200300.0,2022-12-19,737.1
GC-003979,Rhonda Brown,"344 Mark Corners, Cape Verrin, Belmara County",Z3,Y,Frame,2015,Commercial,2745100.0,2026-02-11,20061.88
GC-003980,Linda Green,"92415 Willie Meadows Apt. 484, Port Alden, Belmara County",Z1,Y,Frame,1953,Homeowners,175100.0,2024-09-23,1210.51
GC-003981,Victor Kirk,"706 Lawson Crest, Hollow Bay, Belmara County",Z5,N,Masonry,2012,Commercial,1190000.0,2025-02-03,4635.05
GC-003982,Gabriel Kidd,"520 Lori Light Apt. 461, Cape Verrin, Belmara County",Z3,Y,Frame,1986,Homeowners,201400.0,2024-03-01,1240.69
GC-003983,Tony Chaney,"3376 Smith River Apt. 341, Port Alden, Belmara County",Z1,Y,Masonry,1968,Homeowners,209600.0,2023-07-09,1137.76
GC-003984,Katie Smith,"1957 Diane Hills, Marsh Point, Belmara County",Z2,Y,Frame,1962,Commercial,419000.0,2026-05-27,3601.1
GC-003985,Ashley Aguilar,"9558 Amy Walks, Ridgeview, Belmara County",Z4,N,Frame,1978,Homeowners,248400.0,2022-09-28,1016.49
GC-003986,Joshua Sosa,"96618 Amanda Garden Apt. 684, Millbrook, Belmara County",Z6,N,Superior (Reinforced Concrete),1995,Homeowners,251500.0,2025-08-17,672.17
GC-003987,Shannon Reeves,"099 Stanley Brook, Marsh Point, Belmara County",Z2,Y,Frame,1975,Commercial,736300.0,2022-08-20,6048.32
GC-003988,Misty Cruz,"0300 Powers Green Suite 199, Millbrook, Belmara County",Z6,N,Masonry,1978,Homeowners,148000.0,2024-05-10,500.31
GC-003989,Bradley Palmer,"00276 Jennifer Dam, Millbrook, Belmara County",Z6,N,Masonry Veneer,2024,Homeowners,207200.0,2024-06-04,696.19
GC-003990,Joyce Jackson,"69504 Dustin Run Suite 059, Port Alden, Belmara County",Z1,Y,Frame,1989,Homeowners,370400.0,2023-02-15,2256.43
GC-003991,John Kelly,"26549 Brian Underpass Suite 397, Marsh Point, Belmara County",Z2,Y,Masonry Veneer,1989,Commercial,845000.0,2026-05-13,6021.89
GC-003992,Patricia Bridges,"59964 Robert Roads, Port Alden, Belmara County",Z1,Y,Masonry,1981,Commercial,642600.0,2022-10-18,4267.49
GC-003993,Antonio Johnson,"74051 Pena Gardens Apt. 641, Port Alden, Belmara County",Z1,Y,Masonry,2012,Homeowners,231500.0,2021-07-14,1090.83
GC-003994,Lisa Bond,"5640 Helen Heights, Port Alden, Belmara County",Z1,Y,Frame,2003,Homeowners,198000.0,2021-08-09,1142.94
GC-003995,Carrie Williams,"89223 Harris Vista Suite 993, Ridgeview, Belmara County",Z4,N,Superior (Reinforced Concrete),2003,Commercial,1949200.0,2021-03-18,6470.1
GC-003996,Linda Bradshaw,"8922 Brown Orchard Suite 752, Cape Verrin, Belmara County",Z3,Y,Frame,1992,Homeowners,324400.0,2021-05-21,1954.0
GC-003997,Lisa Ellis,"5128 Carney Flats Apt. 676, Hollow Bay, Belmara County",Z5,N,Masonry Veneer,2011,Homeowners,285500.0,2023-06-11,959.28
GC-003998,Raymond Brown,"012 Courtney Gardens, Cape Verrin, Belmara County",Z3,Y,Masonry,1965,Homeowners,152300.0,2022-12-06,835.33
GC-003999,Philip Graves,"3421 Mitchell Pass Apt. 545, Hollow Bay, Belmara County",Z5,N,Masonry Veneer,2019,Homeowners,382200.0,2022-08-29,1284.19
GC-004000,Jordan Elliott,"683 Michael Landing, Cape Verrin, Belmara County",Z3,Y,Frame,1973,Commercial,505300.0,2022-06-01,4180.32
GC-004001,Cindy Hanson,"3521 Brown Flat, Millbrook, Belmara County",Z6,N,Masonry,2014,Homeowners,156800.0,2025-03-08,476.67
GC-004002,Donna James,"8992 Harrison Knolls, Cape Verrin, Belmara County",Z3,Y,Frame,1987,Commercial,678300.0,2023-03-16,5333.93
GC-004003,Frank Snow,"010 Lori Estates, Millbrook, Belmara County",Z6,N,Frame,1991,Homeowners,324600.0,2023-03-31,1266.2
GC-004004,Brian Taylor,"1216 Derek Drives Suite 414, Cape Verrin, Belmara County",Z3,Y,Masonry Veneer,2012,Commercial,3037100.0,2025-08-07,20265.81
GC-004005,Taylor Ortiz,"262 Kenneth Island, Hollow Bay, Belmara County",Z5,N,Frame,2014,Homeowners,261900.0,2021-03-13,963.79
GC-004006,John Rogers,"5196 Stephens Mill, Cape Verrin, Belmara County",Z3,Y,Frame,1993,Homeowners,172800.0,2022-12-22,1036.91
GC-004007,Jonathan Johnson PhD,"159 Jared Manors, Marsh Point, Belmara County",Z2,Y,Masonry,1978,Homeowners,455500.0,2021-05-06,2386.7
GC-004008,Charlotte Escobar,"55469 Jared Stravenue Suite 931, Millbrook, Belmara County",Z6,N,Masonry Veneer,2000,Homeowners,240200.0,2023-11-17,826.44
GC-004009,Shawn Peterson,"732 Jacqueline Courts, Port Alden, Belmara County",Z1,Y,Masonry Veneer,1998,Homeowners,199000.0,2025-11-20,1069.56
GC-004010,Glen Taylor,"2602 Mark Haven Apt. 930, Marsh Point, Belmara County",Z2,Y,Masonry,1998,Homeowners,305000.0,2023-04-16,1483.15
GC-004011,Olivia Ferguson,"507 Simpson Port, Marsh Point, Belmara County",Z2,Y,Masonry,1996,Homeowners,229000.0,2021-12-17,1122.21
GC-004012,Laura Lawson MD,"194 Nelson Crest, Millbrook, Belmara County",Z6,N,Frame,2012,Homeowners,346300.0,2024-08-21,1274.38
GC-004013,Victor Miller,"24155 Troy Islands, Port Alden, Belmara County",Z1,Y,Frame,2002,Homeowners,365100.0,2022-06-23,2115.85
GC-004014,Jennifer Robinson,"53327 David Trail Suite 668, Ridgeview, Belmara County",Z4,N,Masonry,1993,Commercial,1370700.0,2022-01-03,5616.5
GC-004015,Stephen Patel,"11621 Jennifer Square Suite 514, Millbrook, Belmara County",Z6,N,Masonry Veneer,2021,Homeowners,387400.0,2021-01-28,1301.66
GC-004016,Dawn Murray,"543 Andrew Knoll Suite 710, Millbrook, Belmara County",Z6,N,Masonry,2007,Homeowners,248300.0,2026-03-18,754.83
GC-004017,Melanie Murillo,"5960 Kelley Ridge, Millbrook, Belmara County",Z6,N,Masonry,2005,Homeowners,164800.0,2024-08-04,503.0
GC-004018,Colin Rivera,"42314 Hammond Expressway Apt. 258, Marsh Point, Belmara County",Z2,Y,Masonry Veneer,1965,Homeowners,277200.0,2022-02-16,1680.42
GC-004019,Jeff Day,"818 Evelyn Causeway, Marsh Point, Belmara County",Z2,Y,Frame,1974,Homeowners,283300.0,2022-05-15,1822.78
GC-004020,Shelley Le,"1414 Michael Circle, Port Alden, Belmara County",Z1,Y,Frame,1993,Homeowners,267800.0,2021-09-22,1606.96
GC-004021,Alexis Miller,"474 Tara Spurs, Cape Verrin, Belmara County",Z3,Y,Masonry,1990,Homeowners,272000.0,2023-07-07,1363.69
GC-004022,Daniel Perry,"26472 Holt Spurs, Cape Verrin, Belmara County",Z3,Y,Masonry Veneer,2012,Homeowners,194400.0,2021-01-26,1012.44
GC-004023,Kenneth Roy,"3960 Martinez Burg Apt. 744, Millbrook, Belmara County",Z6,N,Frame,1987,Homeowners,215800.0,2026-01-27,854.5
GC-004024,Michael Hickman,"527 Gordon Fall Apt. 918, Port Alden, Belmara County",Z1,Y,Superior (Reinforced Concrete),1990,Homeowners,189900.0,2026-03-10,801.75
GC-004025,Ashley Hernandez,"1428 Catherine Oval Apt. 209, Millbrook, Belmara County",Z6,N,Frame,2003,Homeowners,516200.0,2026-03-30,1922.41
GC-004026,Julie Mccarthy,"351 Dean Club Suite 533, Ridgeview, Belmara County",Z4,N,Frame,1982,Homeowners,274400.0,2025-08-23,1106.73
GC-004027,Anthony Lambert,"37970 Williams Rue Apt. 775, Cape Verrin, Belmara County",Z3,Y,Masonry Veneer,2010,Homeowners,276100.0,2022-07-30,1437.93
GC-004028,Catherine Richardson,"72015 John Burg Apt. 325, Cape Verrin, Belmara County",Z3,Y,Masonry,1985,Homeowners,215300.0,2023-02-09,1099.71
GC-004029,Laura Morton,"4133 Sandra Knolls Apt. 968, Port Alden, Belmara County",Z1,Y,Masonry Veneer,1974,Homeowners,140800.0,2023-04-30,827.15
GC-004030,Earl Ryan,"26631 Turner Forest Apt. 990, Ridgeview, Belmara County",Z4,N,Masonry,2016,Homeowners,190800.0,2024-11-04,580.03
GC-004031,Maria Delgado MD,"15653 Reynolds Corners, Cape Verrin, Belmara County",Z3,Y,Masonry,1975,Homeowners,251200.0,2021-11-29,1330.43
GC-004032,Eric Keith,"1452 Zachary Route, Port Alden, Belmara County",Z1,Y,Masonry,1985,Homeowners,270300.0,2024-11-26,1380.64
GC-004033,Charles Nguyen,"8529 Farmer Port, Hollow Bay, Belmara County",Z5,N,Frame,2019,Commercial,415800.0,2021-11-08,1960.5
GC-004034,David Allison,"7583 Michael Crest Suite 064, Marsh Point, Belmara County",Z2,Y,Frame,1973,Homeowners,322000.0,2024-03-02,2079.13
GC-004035,Jeffrey Davis,"154 Eric Green, Cape Verrin, Belmara County",Z3,Y,Masonry,2022,Homeowners,513800.0,2024-04-07,2421.03
GC-004036,Kathryn Smith,"0163 Tyler Brooks Apt. 491, Millbrook, Belmara County",Z6,N,Masonry,2002,Homeowners,233700.0,2025-04-29,721.82
GC-004037,Sean Lowe,"9636 Jackson Drives, Cape Verrin, Belmara County",Z3,Y,Superior (Reinforced Concrete),1968,Commercial,1927300.0,2024-06-13,11287.75
GC-004038,Chelsea Russo,"543 Tucker Pass Suite 967, Marsh Point, Belmara County",Z2,Y,Frame,2013,Homeowners,501700.0,2024-09-26,2861.7
GC-004039,Jean Soto,"9863 Patricia Corners, Port Alden, Belmara County",Z1,Y,Frame,1999,Homeowners,391300.0,2022-07-12,2294.47
GC-004040,Christine Anderson,"70267 Carrie Lights, Cape Verrin, Belmara County",Z3,Y,Frame,1981,Commercial,855300.0,2021-02-17,6875.82
GC-004041,Scott Campbell,"514 Gomez Crossing, Hollow Bay, Belmara County",Z5,N,Masonry Veneer,1996,Homeowners,509600.0,2021-12-09,1780.75
GC-004042,Nancy Hogan,"526 Lori Passage Apt. 287, Hollow Bay, Belmara County",Z5,N,Frame,1994,Homeowners,296200.0,2024-08-31,1142.34
GC-004043,Michelle Jones,"96615 Christine Field, Port Alden, Belmara County",Z1,Y,Masonry,1995,Homeowners,256200.0,2021-07-28,1260.33
GC-004044,George Avery,"850 Carroll Field, Ridgeview, Belmara County",Z4,N,Superior (Reinforced Concrete),2008,Homeowners,564900.0,2021-02-05,1446.14
GC-004045,Michael Townsend,"711 Brandon Mountains Apt. 023, Marsh Point, Belmara County",Z2,Y,Frame,2013,Homeowners,244100.0,2023-11-20,1392.35
GC-004046,Lori Moyer,"129 Tina Camp Suite 223, Hollow Bay, Belmara County",Z5,N,Masonry Veneer,2008,Commercial,1209500.0,2024-12-31,5206.9
GC-004047,Daniel Watson,"39895 Daniel Crest, Port Alden, Belmara County",Z1,Y,Masonry,1991,Homeowners,428800.0,2023-01-25,2141.74
GC-004048,Lori Braun,"738 Guzman Mill Suite 678, Port Alden, Belmara County",Z1,Y,Frame,1967,Commercial,967800.0,2024-09-17,8176.3
GC-004049,Danielle Smith,"29665 Kevin Spur Suite 865, Port Alden, Belmara County",Z1,Y,Frame,1969,Homeowners,129400.0,2023-10-28,847.34
GC-004050,Craig Villanueva,"68148 Pacheco Ridges, Millbrook, Belmara County",Z6,N,Superior (Reinforced Concrete),1977,Homeowners,224900.0,2025-03-06,642.53
GC-004051,Laurie Warner,"29811 Alejandro Avenue, Ridgeview, Belmara County",Z4,N,Frame,1999,Homeowners,286900.0,2025-09-09,1085.35
GC-004052,Cynthia Lucas,"1981 Jaclyn Roads, Cape Verrin, Belmara County",Z3,Y,Superior (Reinforced Concrete),1991,Homeowners,271300.0,2026-03-07,1141.11
GC-004053,Jason Orozco,"507 Duncan Junction, Marsh Point, Belmara County",Z2,Y,Masonry Veneer,1985,Homeowners,178700.0,2026-05-24,1008.85
GC-004054,Douglas Allen,"1929 Douglas Pike, Ridgeview, Belmara County",Z4,N,Frame,1985,Homeowners,691200.0,2022-01-22,2757.28
GC-004055,Trevor Baker,"1693 Lamb Groves, Hollow Bay, Belmara County",Z5,N,Superior (Reinforced Concrete),2009,Homeowners,318900.0,2025-08-24,816.38
GC-004056,Kelly Fox,"63238 James Bridge Suite 741, Marsh Point, Belmara County",Z2,Y,Frame,1983,Homeowners,248700.0,2022-05-01,1549.09
GC-004057,John Ho,"5941 Anderson Wells, Hollow Bay, Belmara County",Z5,N,Masonry,1999,Commercial,836500.0,2023-04-08,3349.4
GC-004058,Christine Bell,"57811 Campbell Trail Suite 668, Port Alden, Belmara County",Z1,Y,Frame,1979,Homeowners,288600.0,2022-11-19,1823.96
GC-004059,John Morrow,"901 Paige Village, Marsh Point, Belmara County",Z2,Y,Masonry Veneer,1994,Homeowners,301000.0,2025-01-26,1642.85
GC-004060,Ashlee Morgan,"118 Fox Crest Apt. 146, Ridgeview, Belmara County",Z4,N,Masonry,2003,Homeowners,213400.0,2025-07-27,656.52
GC-004061,Corey Reese,"9682 Connor Groves, Cape Verrin, Belmara County",Z3,Y,Masonry,2005,Homeowners,245000.0,2024-08-26,1159.06
GC-004062,Kimberly Sweeney,"6316 Montoya Locks, Ridgeview, Belmara County",Z4,N,Masonry Veneer,1962,Commercial,1175000.0,2023-06-30,5948.65
GC-004063,Jesse Sanders,"8884 Hunt Spur, Marsh Point, Belmara County",Z2,Y,Frame,1996,Homeowners,242900.0,2022-04-05,1440.92
GC-004064,Tina Gardner,"347 Burgess Keys, Hollow Bay, Belmara County",Z5,N,Superior (Reinforced Concrete),1980,Homeowners,312600.0,2025-04-13,883.48
GC-004065,Alexandria Meyers,"3080 Whitney Expressway Apt. 311, Hollow Bay, Belmara County",Z5,N,Frame,2001,Homeowners,319100.0,2022-12-08,1197.77
GC-004066,Sara Thompson,"430 Wolf Inlet, Marsh Point, Belmara County",Z2,Y,Frame,1986,Homeowners,572700.0,2023-09-29,3528.02
GC-004067,John Sims,"59634 Kathleen Course Suite 689, Hollow Bay, Belmara County",Z5,N,Masonry,2021,Homeowners,166700.0,2021-02-25,506.77
GC-004068,Donald Smith,"95113 Jason Mills Suite 617, Millbrook, Belmara County",Z6,N,Superior (Reinforced Concrete),1979,Homeowners,461800.0,2024-12-10,1309.89
GC-004069,Michael Rodriguez,"464 Laura Burgs Suite 284, Millbrook, Belmara County",Z6,N,Masonry Veneer,2016,Commercial,798600.0,2024-10-05,3437.97
GC-004070,Tamara Mcclure,"696 Jeremy Harbors, Ridgeview, Belmara County",Z4,N,Frame,1999,Commercial,1486700.0,2022-07-12,7206.06
GC-004071,David Nguyen,"47721 Kimberly Lodge Apt. 620, Ridgeview, Belmara County",Z4,N,Masonry,2004,Homeowners,261300.0,2024-12-27,800.71
GC-004072,Lauren Russell,"417 Michelle Cliff Apt. 170, Port Alden, Belmara County",Z1,Y,Masonry Veneer,2008,Homeowners,230800.0,2025-12-21,1202.01
GC-004073,Jeanette Hinton,"72185 Megan Passage Suite 047, Hollow Bay, Belmara County",Z5,N,Frame,2004,Commercial,1097000.0,2024-03-11,5213.73
GC-004074,Sean Diaz,"26565 Vincent Square Suite 165, Port Alden, Belmara County",Z1,Y,Frame,1999,Homeowners,472200.0,2021-03-16,2768.84
GC-004075,Jason Davis,"11207 Dan Spurs Apt. 589, Port Alden, Belmara County",Z1,Y,Masonry Veneer,1978,Homeowners,804200.0,2025-01-26,4657.36
GC-004076,Jacob Henderson,"2552 Stevens Common, Marsh Point, Belmara County",Z2,Y,Masonry,1982,Homeowners,333100.0,2025-11-17,1720.25
GC-004077,Michael Sexton,"59848 Mary Mall, Marsh Point, Belmara County",Z2,Y,Masonry Veneer,1988,Homeowners,206600.0,2021-01-19,1153.44
GC-004078,Jeffrey Wolf,"43422 Fernandez Forge, Cape Verrin, Belmara County",Z3,Y,Masonry,1982,Commercial,1648700.0,2023-11-11,10909.16
GC-004079,Sean Vazquez,"33989 Alec Bridge, Marsh Point, Belmara County",Z2,Y,Superior (Reinforced Concrete),1982,Homeowners,265100.0,2024-12-19,1152.9
GC-004080,Anthony Burns,"8490 Patricia Canyon Suite 650, Marsh Point, Belmara County",Z2,Y,Masonry,1985,Homeowners,273900.0,2024-09-27,1399.03
GC-004081,Harold Kelley,"909 Bishop Divide, Ridgeview, Belmara County",Z4,N,Masonry Veneer,1997,Homeowners,413900.0,2024-10-03,1440.77
GC-004082,Julia Guzman,"6369 Kimberly Track, Ridgeview, Belmara County",Z4,N,Masonry,1999,Homeowners,572200.0,2025-03-05,1788.19
GC-004083,Ashley Hubbard,"8836 Ricky Mall Apt. 636, Port Alden, Belmara County",Z1,Y,Frame,1976,Homeowners,112000.0,2026-01-24,715.51
GC-004084,Megan Alvarez,"7529 Baldwin Springs, Cape Verrin, Belmara County",Z3,Y,Masonry,1999,Homeowners,285400.0,2023-09-22,1382.46
GC-004085,Elizabeth Nunez,"691 Bond Station, Cape Verrin, Belmara County",Z3,Y,Frame,2000,Homeowners,227700.0,2025-07-03,1329.97
GC-004086,Lisa Buckley,"412 Murphy Estates, Port Alden, Belmara County",Z1,Y,Frame,1975,Homeowners,269100.0,2024-11-01,1725.28
GC-004087,Nicole Kennedy,"87550 Jordan Greens Suite 818, Millbrook, Belmara County",Z6,N,Frame,2003,Homeowners,452600.0,2024-06-19,1685.55
GC-004088,Rebecca Reese,"8950 Jeremiah Ports Apt. 938, Millbrook, Belmara County",Z6,N,Frame,2010,Homeowners,265000.0,2022-10-21,975.2
GC-004089,Jeffrey Ramirez,"2013 Huff Via, Port Alden, Belmara County",Z1,Y,Frame,2011,Homeowners,324800.0,2022-05-27,1852.66
GC-004090,Kimberly Collins,"140 Myers Inlet, Millbrook, Belmara County",Z6,N,Frame,1992,Homeowners,205200.0,2025-12-11,797.42
GC-004091,Jeffrey Luna,"2362 Sexton Fort Apt. 890, Marsh Point, Belmara County",Z2,Y,Masonry,1985,Commercial,1197500.0,2025-11-19,7836.89
GC-004092,Fernando Phillips,"843 Mary Summit Apt. 954, Marsh Point, Belmara County",Z2,Y,Frame,1995,Homeowners,174900.0,2025-06-14,1041.53
GC-004093,Jasmine Barnes,"3079 Ashley Club Suite 676, Ridgeview, Belmara County",Z4,N,Frame,2008,Homeowners,429000.0,2024-12-08,1578.72
GC-004094,Alec Andrews,"03562 Olson Locks, Millbrook, Belmara County",Z6,N,Masonry,1998,Homeowners,367100.0,2023-06-11,1151.7
GC-004095,Anthony Cowan,"80579 Brooks Burg, Hollow Bay, Belmara County",Z5,N,Frame,2004,Commercial,2531400.0,2022-02-27,12031.04
GC-004096,Pamela Evans,"6630 Acosta Estate, Cape Verrin, Belmara County",Z3,Y,Masonry,1978,Homeowners,141000.0,2024-07-17,738.8
GC-004097,Jeffrey Pham DVM,"21758 Lynn Points, Ridgeview, Belmara County",Z4,N,Superior (Reinforced Concrete),1978,Homeowners,301000.0,2026-04-19,856.86
GC-004098,Michael Flores,"13760 Lopez Skyway Apt. 248, Marsh Point, Belmara County",Z2,Y,Frame,1979,Commercial,349000.0,2021-05-29,2826.04
GC-004099,Mrs. Patty Perez,"5677 Walls Loaf Suite 324, Hollow Bay, Belmara County",Z5,N,Frame,1976,Homeowners,376300.0,2024-10-06,1550.96
GC-004100,Phillip Wagner,"8988 Paige Mill, Ridgeview, Belmara County",Z4,N,Frame,2018,Homeowners,313400.0,2021-09-07,1153.31
GC-004101,Sean Mcconnell,"8578 Foster Hills Suite 192, Hollow Bay, Belmara County",Z5,N,Superior (Reinforced Concrete),2006,Homeowners,366200.0,2025-12-29,937.47
GC-004102,Jerry Allen,"298 Davis Key Apt. 287, Cape Verrin, Belmara County",Z3,Y,Masonry Veneer,2018,Homeowners,321300.0,2025-01-24,1673.33
GC-004103,Christine Rodriguez,"8634 Joshua Points Suite 774, Port Alden, Belmara County",Z1,Y,Masonry,1975,Homeowners,153900.0,2021-04-12,815.1
GC-004104,Jason Gonzalez,"103 Alexandria Mill Apt. 779, Port Alden, Belmara County",Z1,Y,Masonry Veneer,1987,Homeowners,234900.0,2023-02-28,1316.33
GC-004105,Tracy Golden,"4205 Elizabeth Ville Suite 784, Cape Verrin, Belmara County",Z3,Y,Frame,2003,Commercial,1423100.0,2021-12-01,10525.18
GC-004106,Charles Jones,"6518 Mathews Trail, Ridgeview, Belmara County",Z4,N,Frame,2000,Homeowners,227300.0,2023-10-07,856.54
GC-004107,David Anderson,"38298 Hanson Place Suite 865, Port Alden, Belmara County",Z1,Y,Masonry,1996,Homeowners,284600.0,2025-10-11,1394.68
GC-004108,Tammie King,"17059 Christina Mountain Apt. 155, Port Alden, Belmara County",Z1,Y,Frame,1984,Commercial,2655800.0,2026-03-23,21117.26
GC-004109,Carmen Hughes,"246 Rogers Spurs, Port Alden, Belmara County",Z1,Y,Masonry Veneer,1993,Homeowners,294400.0,2023-01-03,1612.96
GC-004110,Nancy Ward,"735 Nicolas Garden Apt. 022, Marsh Point, Belmara County",Z2,Y,Masonry,1973,Commercial,739000.0,2022-12-28,5050.45
GC-004111,Julie Martinez,"180 Douglas Summit, Millbrook, Belmara County",Z6,N,Frame,1980,Homeowners,192400.0,2025-11-09,781.67
GC-004112,Joseph Johnson,"5557 Wright Spur Apt. 282, Cape Verrin, Belmara County",Z3,Y,Superior (Reinforced Concrete),1969,Homeowners,199300.0,2026-06-12,907.86
GC-004113,Larry Lopez,"366 Hanson Gateway, Marsh Point, Belmara County",Z2,Y,Frame,1966,Homeowners,288500.0,2025-01-03,1908.9
GC-004114,Jose Smith,"9873 Becky Tunnel Suite 584, Hollow Bay, Belmara County",Z5,N,Frame,1994,Commercial,1372500.0,2021-07-01,6781.96
GC-004115,Jessica Wells,"0244 Sweeney Pine, Cape Verrin, Belmara County",Z3,Y,Masonry,1976,Homeowners,198800.0,2022-04-29,1049.16
GC-004116,Justin Madden,"066 Ashley Mountain, Hollow Bay, Belmara County",Z5,N,Masonry,2008,Homeowners,230700.0,2022-08-29,701.33
GC-004117,Valerie Velasquez,"4658 Thompson Grove, Ridgeview, Belmara County",Z4,N,Masonry,1990,Commercial,2944800.0,2024-04-28,12204.08
GC-004118,Eric Velez,"28420 Stephen Prairie, Port Alden, Belmara County",Z1,Y,Masonry,2004,Homeowners,406900.0,2024-11-21,1932.65
GC-004119,Keith Williams,"122 Hunter Terrace, Hollow Bay, Belmara County",Z5,N,Masonry,1988,Commercial,499100.0,2023-01-06,2083.96
GC-004120,Matthew Huerta,"36840 Roberts Coves Suite 523, Marsh Point, Belmara County",Z2,Y,Masonry,2005,Homeowners,300500.0,2021-11-12,1421.62
GC-004121,Aaron Medina DVM,"5190 Jamie Estate Suite 073, Cape Verrin, Belmara County",Z3,Y,Frame,1950,Homeowners,213200.0,2022-10-09,1488.5
GC-004122,Shane Hicks,"26748 Henderson Roads Apt. 103, Cape Verrin, Belmara County",Z3,Y,Frame,1965,Homeowners,453900.0,2024-09-13,3013.65
GC-004123,William Gardner,"3767 Brian Knolls Suite 821, Cape Verrin, Belmara County",Z3,Y,Masonry,2007,Homeowners,229400.0,2021-05-16,1080.93
GC-004124,Stacey Ramirez,"968 Dillon Ford Apt. 212, Hollow Bay, Belmara County",Z5,N,Masonry,2005,Homeowners,193600.0,2025-06-03,590.9
GC-004125,William Mcmahon,"923 Thomas Crest, Marsh Point, Belmara County",Z2,Y,Frame,1983,Homeowners,160500.0,2022-06-29,999.72
GC-004126,Cameron Rowe,"0670 Jimenez River Apt. 445, Port Alden, Belmara County",Z1,Y,Frame,2024,Homeowners,426100.0,2025-09-16,2430.47
GC-004127,Roger Harrison,"13156 Clark Spring Apt. 242, Port Alden, Belmara County",Z1,Y,Frame,1969,Homeowners,550900.0,2023-11-26,3607.4
GC-004128,Edward Guzman,"94684 Palmer Station Apt. 090, Cape Verrin, Belmara County",Z3,Y,Masonry,1972,Homeowners,390800.0,2023-04-18,2091.89
GC-004129,Gregory Shelton,"63275 Mary Overpass Apt. 926, Marsh Point, Belmara County",Z2,Y,Frame,1996,Homeowners,392000.0,2022-08-29,2325.41
GC-004130,Brian Smith,"728 Tracy Mews, Port Alden, Belmara County",Z1,Y,Frame,1985,Commercial,782000.0,2024-06-02,6195.12
GC-004131,Taylor Macdonald,"706 Riley River Apt. 196, Marsh Point, Belmara County",Z2,Y,Frame,1977,Homeowners,174100.0,2025-05-29,1108.26
GC-004132,Ruth Walker,"6239 Kramer Extensions, Marsh Point, Belmara County",Z2,Y,Masonry Veneer,1983,Homeowners,242900.0,2021-12-12,1381.41
GC-004133,Billy Martinez,"00082 David Centers Suite 322, Ridgeview, Belmara County",Z4,N,Frame,1975,Homeowners,372000.0,2024-05-19,1538.71
GC-004134,Kevin Johnston,"0898 Kelly Lights Apt. 710, Port Alden, Belmara County",Z1,Y,Frame,2018,Homeowners,650000.0,2023-07-23,3707.6
GC-004135,Donna Boyer,"7599 Kayla Oval, Ridgeview, Belmara County",Z4,N,Frame,1998,Homeowners,155900.0,2025-03-25,592.07
GC-004136,Andrew Myers,"68885 Love Tunnel Apt. 273, Hollow Bay, Belmara County",Z5,N,Superior (Reinforced Concrete),1998,Homeowners,139300.0,2024-02-01,368.02
GC-004137,Alejandro Calderon,"24506 David Mountain Apt. 524, Cape Verrin, Belmara County",Z3,Y,Superior (Reinforced Concrete),1953,Homeowners,680300.0,2024-11-04,3271.71
GC-004138,Mary Acevedo,"564 Herrera Lane Suite 646, Ridgeview, Belmara County",Z4,N,Masonry Veneer,1995,Commercial,2974600.0,2023-04-06,13369.1
GC-004139,Teresa Ramirez,"00013 Baker Mission Suite 710, Marsh Point, Belmara County",Z2,Y,Masonry Veneer,1989,Homeowners,449800.0,2023-12-16,2501.85
GC-004140,Cynthia Cain,"25833 Simmons Trail, Cape Verrin, Belmara County",Z3,Y,Masonry,1994,Homeowners,147000.0,2024-07-28,725.91
GC-004141,Maria Thomas,"345 Darrell Harbor, Hollow Bay, Belmara County",Z5,N,Masonry,2007,Homeowners,359300.0,2024-12-16,1092.27
GC-004142,Johnny Wood,"1000 Paige Rapid Apt. 186, Port Alden, Belmara County",Z1,Y,Frame,1996,Homeowners,286100.0,2024-01-24,1697.19
GC-004143,Nicholas Porter,"334 Justin Crossroad, Port Alden, Belmara County",Z1,Y,Superior (Reinforced Concrete),1978,Homeowners,167900.0,2023-10-20,740.84
GC-004144,Kevin Leonard,"55580 Wesley Land, Millbrook, Belmara County",Z6,N,Frame,1998,Homeowners,125700.0,2024-06-28,477.38
GC-004145,Mr. Gary Arroyo II,"823 Brown Streets, Marsh Point, Belmara County",Z2,Y,Masonry Veneer,1982,Homeowners,507100.0,2021-10-19,2894.51
GC-004146,Denise Price,"13813 Espinoza Springs Suite 184, Cape Verrin, Belmara County",Z3,Y,Masonry Veneer,2016,Homeowners,186800.0,2024-07-26,972.85
GC-004147,Darius Tapia,"7017 Wright Ville Suite 010, Port Alden, Belmara County",Z1,Y,Frame,1991,Homeowners,450200.0,2024-04-12,2722.02
GC-004148,Corey Williams,"971 Thomas Fort Apt. 082, Port Alden, Belmara County",Z1,Y,Frame,1990,Homeowners,944000.0,2026-01-19,5729.19
GC-004149,Carmen Wong,"6999 Ryan Brooks Suite 186, Cape Verrin, Belmara County",Z3,Y,Masonry,1984,Homeowners,138800.0,2021-07-16,711.58
GC-004150,Jasmine Bishop,"6118 Andrea Curve Apt. 075, Ridgeview, Belmara County",Z4,N,Frame,1977,Commercial,1220200.0,2024-03-29,6420.62
GC-004151,Elizabeth Ward,"97533 Gonzalez Greens, Port Alden, Belmara County",Z1,Y,Frame,1979,Homeowners,255200.0,2025-08-02,1612.87
GC-004152,Vicki Taylor,"186 Donna Island Suite 863, Millbrook, Belmara County",Z6,N,Frame,2002,Commercial,749200.0,2023-07-08,3589.0
GC-004153,Evan Hill,"2206 Matthew Junctions Apt. 003, Port Alden, Belmara County",Z1,Y,Frame,1974,Homeowners,170600.0,2024-01-18,1097.66
GC-004154,Hannah Brown,"6344 Jennifer Wall Apt. 885, Marsh Point, Belmara County",Z2,Y,Frame,1998,Homeowners,633200.0,2022-12-23,3727.35
GC-004155,Donna Grant,"92727 Hunter Fords, Millbrook, Belmara County",Z6,N,Masonry,2002,Homeowners,310300.0,2023-12-20,958.4
GC-004156,Jonathan Conley,"81816 Miller Overpass, Marsh Point, Belmara County",Z2,Y,Masonry,1988,Homeowners,389700.0,2021-09-09,1968.48
GC-004157,Brandon Smith,"20736 Tyler Island Suite 417, Millbrook, Belmara County",Z6,N,Frame,2004,Homeowners,134200.0,2022-06-24,497.81
GC-004158,Andrea Nelson,"00013 Brian Villages, Port Alden, Belmara County",Z1,Y,Masonry Veneer,1958,Homeowners,245800.0,2024-09-03,1525.91
GC-004159,Caroline Wilson,"0113 Daniel Shore, Cape Verrin, Belmara County",Z3,Y,Frame,1985,Homeowners,220000.0,2024-02-22,1360.29
GC-004160,Sharon Hobbs,"7244 Deanna Station, Port Alden, Belmara County",Z1,Y,Masonry Veneer,2001,Homeowners,230800.0,2021-09-10,1226.05
GC-004161,Dylan Bennett,"8915 Jamie Locks Suite 974, Port Alden, Belmara County",Z1,Y,Superior (Reinforced Concrete),1990,Homeowners,123500.0,2022-04-06,521.41
GC-004162,Mr. Zachary Estes,"8719 Heidi Rest, Hollow Bay, Belmara County",Z5,N,Frame,1993,Commercial,3058500.0,2024-10-16,15170.71
GC-004163,Sharon Kramer,"265 Martinez Mountains, Marsh Point, Belmara County",Z2,Y,Superior (Reinforced Concrete),1988,Homeowners,459900.0,2021-02-14,1956.27
GC-004164,Regina Carpenter,"66699 Paul Vista, Hollow Bay, Belmara County",Z5,N,Masonry Veneer,2000,Homeowners,249700.0,2025-12-10,859.13
GC-004165,Lacey Moore,"0866 Bryant Turnpike Suite 865, Marsh Point, Belmara County",Z2,Y,Frame,1994,Commercial,1162900.0,2025-05-26,8906.7
GC-004166,Joanna Alvarado,"776 Lewis Shores Apt. 075, Port Alden, Belmara County",Z1,Y,Superior (Reinforced Concrete),1988,Commercial,1005200.0,2023-07-20,5478.39
GC-004167,Robert Warren,"373 Ashlee Harbors, Ridgeview, Belmara County",Z4,N,Masonry,2014,Homeowners,300900.0,2023-12-27,914.74
GC-004168,Douglas Davis,"7886 Cole Mission, Millbrook, Belmara County",Z6,N,Masonry,2023,Homeowners,279900.0,2025-06-18,850.9
GC-004169,Robert Conway,"6052 Teresa Wells Apt. 213, Hollow Bay, Belmara County",Z5,N,Frame,2003,Homeowners,402200.0,2024-10-26,1497.86
GC-004170,Mark Palmer,"892 Tonya Station Apt. 955, Ridgeview, Belmara County",Z4,N,Masonry Veneer,1999,Homeowners,384500.0,2022-09-26,1328.09
GC-004171,Sheila Porter,"88837 Samuel Street, Cape Verrin, Belmara County",Z3,Y,Masonry,1971,Homeowners,254600.0,2022-04-20,1367.63
GC-004172,Andrea Neal,"2315 Walker Inlet, Cape Verrin, Belmara County",Z3,Y,Frame,2004,Commercial,796500.0,2022-09-29,5867.59
GC-004173,Blake Serrano,"0848 Freeman Creek Suite 249, Cape Verrin, Belmara County",Z3,Y,Masonry Veneer,1980,Homeowners,374500.0,2022-02-19,2153.24
GC-004174,Emily Willis,"3650 Garcia Divide, Millbrook, Belmara County",Z6,N,Masonry,1988,Homeowners,323700.0,2021-03-02,1054.9
GC-004175,Peggy Barton,"40896 Anita Park Apt. 132, Millbrook, Belmara County",Z6,N,Frame,1996,Homeowners,404400.0,2021-06-13,1547.72
GC-004176,Jacqueline Farrell,"0191 Wilson Creek Apt. 459, Ridgeview, Belmara County",Z4,N,Masonry Veneer,2024,Commercial,4571600.0,2026-02-22,19680.74
GC-004177,Linda Moran,"1898 Edward Common, Cape Verrin, Belmara County",Z3,Y,Masonry,2000,Homeowners,194200.0,2022-12-14,937.03
GC-004178,Willie Aguilar,"50346 Miranda Roads Apt. 734, Ridgeview, Belmara County",Z4,N,Frame,1986,Homeowners,565100.0,2024-12-18,2245.93
GC-004179,William Nolan,"46554 Miller Falls Apt. 355, Millbrook, Belmara County",Z6,N,Superior (Reinforced Concrete),1994,Homeowners,242200.0,2026-05-01,649.79
GC-004180,Jennifer Huerta,"915 Sullivan Burg Apt. 633, Marsh Point, Belmara County",Z2,Y,Frame,1985,Homeowners,223600.0,2023-11-17,1382.55
GC-004181,Michelle Hicks,"07443 White Unions Suite 019, Port Alden, Belmara County",Z1,Y,Frame,1971,Homeowners,149900.0,2023-12-23,974.73
GC-004182,Jacob Sanders,"66967 Hunter Courts Apt. 414, Cape Verrin, Belmara County",Z3,Y,Masonry Veneer,1950,Homeowners,241800.0,2021-09-03,1541.38
GC-004183,Brittany Vaughan,"649 Gina Island Apt. 509, Marsh Point, Belmara County",Z2,Y,Frame,1968,Homeowners,284100.0,2023-01-07,1866.82
GC-004184,Derek Richmond,"406 Carmen Rapid, Marsh Point, Belmara County",Z2,Y,Frame,1972,Homeowners,586300.0,2021-05-20,3799.07
GC-004185,Mallory Powell,"27100 Montgomery Prairie, Port Alden, Belmara County",Z1,Y,Masonry,1996,Homeowners,372100.0,2022-05-26,1823.47
GC-004186,Christopher Cannon,"84709 Barbara Estate Apt. 509, Port Alden, Belmara County",Z1,Y,Masonry,1987,Homeowners,249700.0,2021-11-04,1266.01
GC-004187,James Lewis,"362 Aguilar Forges, Port Alden, Belmara County",Z1,Y,Masonry,1977,Homeowners,294600.0,2023-11-28,1549.18
GC-004188,Juan Ward,"92491 William Summit, Port Alden, Belmara County",Z1,Y,Frame,2010,Homeowners,382300.0,2025-10-04,2180.64
GC-004189,Christy Stephenson,"38183 Joseph Crescent Suite 791, Marsh Point, Belmara County",Z2,Y,Masonry Veneer,2011,Homeowners,388800.0,2022-04-03,2024.87
GC-004190,James Fleming MD,"9117 Chloe Way, Millbrook, Belmara County",Z6,N,Masonry,2010,Homeowners,384200.0,2022-08-22,1167.97
GC-004191,Darryl Bird,"133 Clark Landing Apt. 562, Marsh Point, Belmara County",Z2,Y,Masonry,1998,Homeowners,345300.0,2022-12-23,1679.12
GC-004192,Kimberly Stevens,"450 Higgins Square, Ridgeview, Belmara County",Z4,N,Masonry,1995,Homeowners,186300.0,2022-01-15,591.27
GC-004193,David Adams,"716 Amanda Ridge Apt. 182, Port Alden, Belmara County",Z1,Y,Frame,1984,Homeowners,244400.0,2021-06-02,1516.73
GC-004194,James Martin,"3629 Smith Pike, Marsh Point, Belmara County",Z2,Y,Frame,2005,Commercial,342600.0,2023-06-12,2513.82
GC-004195,Marvin Schneider,"22322 Moore Meadows Apt. 783, Ridgeview, Belmara County",Z4,N,Frame,2003,Homeowners,351600.0,2026-03-11,1309.41
GC-004196,Paul Moore,"45287 Woods Ridge Apt. 447, Cape Verrin, Belmara County",Z3,Y,Frame,1968,Homeowners,241200.0,2026-03-23,1584.93
GC-004197,Brandon Coleman,"4105 Willis Shores, Ridgeview, Belmara County",Z4,N,Frame,1981,Homeowners,313600.0,2022-06-29,1269.45
GC-004198,Jasmine Morris,"29324 Houston Shore Apt. 451, Millbrook, Belmara County",Z6,N,Masonry Veneer,1989,Commercial,625600.0,2023-03-27,2876.35
GC-004199,Laurie Flores,"977 Weeks Greens, Millbrook, Belmara County",Z6,N,Frame,1986,Homeowners,406300.0,2025-04-06,1614.8
GC-004200,Mitchell Mueller DDS,"66250 Janice Extensions Apt. 043, Ridgeview, Belmara County",Z4,N,Superior (Reinforced Concrete),1984,Homeowners,406700.0,2023-07-26,1132.77
GC-004201,Joan Zhang,"487 Juan Glen Apt. 615, Ridgeview, Belmara County",Z4,N,Masonry Veneer,1990,Homeowners,144800.0,2026-04-04,517.67
GC-004202,Joseph Avila,"56820 William Brooks, Millbrook, Belmara County",Z6,N,Masonry Veneer,2008,Homeowners,266400.0,2021-11-24,895.1
GC-004203,Margaret Nash,"09252 Adam Squares, Port Alden, Belmara County",Z1,Y,Frame,2000,Homeowners,631600.0,2025-09-07,3689.11
GC-004204,Denise Thomas,"479 Jason Stream Apt. 792, Port Alden, Belmara County",Z1,Y,Frame,1973,Homeowners,184200.0,2025-01-14,1189.37
GC-004205,Tina Smith,"00227 Megan Villages Suite 998, Cape Verrin, Belmara County",Z3,Y,Masonry,1983,Homeowners,310900.0,2023-07-03,1599.74
GC-004206,Danielle Mccormick,"26032 Kevin Plaza Apt. 770, Marsh Point, Belmara County",Z2,Y,Masonry,1978,Commercial,1467600.0,2024-06-23,9852.62
GC-004207,John Ferguson,"50685 Kelly Bridge Suite 920, Cape Verrin, Belmara County",Z3,Y,Frame,1982,Homeowners,151900.0,2024-03-18,949.62
GC-004208,Autumn Howard,"86600 Levy Highway, Port Alden, Belmara County",Z1,Y,Frame,1989,Homeowners,198000.0,2022-09-04,1206.19
GC-004209,Tamara Garcia,"59036 Wall Parkway Suite 372, Cape Verrin, Belmara County",Z3,Y,Frame,2000,Homeowners,419000.0,2025-05-30,2447.34
GC-004210,Lisa Pham,"25996 Boyd Ford, Marsh Point, Belmara County",Z2,Y,Masonry,2024,Homeowners,398100.0,2021-10-04,1875.85
GC-004211,Dave Taylor,"671 Collins Shoals Apt. 959, Marsh Point, Belmara County",Z2,Y,Masonry,1975,Homeowners,209600.0,2025-08-13,1110.1
GC-004212,Linda Merritt,"94770 Taylor Corners Apt. 035, Millbrook, Belmara County",Z6,N,Frame,1987,Homeowners,286100.0,2021-11-29,1132.86
GC-004213,James Walker,"217 James Branch Suite 155, Port Alden, Belmara County",Z1,Y,Masonry,1968,Homeowners,211900.0,2023-05-19,1150.24
GC-004214,Mikayla Daniels,"3143 Brown Creek Apt. 542, Marsh Point, Belmara County",Z2,Y,Masonry Veneer,2003,Commercial,1870100.0,2021-10-11,12628.45
GC-004215,Yvette Rodriguez,"491 Jessica Lights Suite 951, Hollow Bay, Belmara County",Z5,N,Frame,2004,Homeowners,246700.0,2025-06-08,915.12
GC-004216,David Pena,"8143 Jeffery Mission Suite 001, Cape Verrin, Belmara County",Z3,Y,Frame,1995,Homeowners,387300.0,2023-02-05,2306.36
GC-004217,Amy Wilson,"63822 Monroe Freeway, Port Alden, Belmara County",Z1,Y,Frame,1956,Homeowners,146100.0,2022-02-23,1000.03
GC-004218,Gregory Baker,"89819 Mason Shore Suite 517, Ridgeview, Belmara County",Z4,N,Masonry Veneer,1991,Homeowners,181800.0,2025-07-16,647.5
GC-004219,Hannah Brennan,"803 Richardson Station Suite 893, Port Alden, Belmara County",Z1,Y,Masonry,1985,Homeowners,330900.0,2025-11-09,1690.17
GC-004220,Zachary Jensen,"091 Stephanie Mall, Millbrook, Belmara County",Z6,N,Masonry,1992,Homeowners,302700.0,2025-02-12,971.74
GC-004221,Jennifer Weaver,"31679 Pedro Lights, Marsh Point, Belmara County",Z2,Y,Frame,1978,Homeowners,284900.0,2021-11-23,1807.08
GC-004222,Philip Huff,"075 Matthew Viaduct, Port Alden, Belmara County",Z1,Y,Frame,1980,Homeowners,464200.0,2023-11-10,2923.17
GC-004223,Alyssa Potts,"81067 Brian Cove Suite 965, Hollow Bay, Belmara County",Z5,N,Frame,1981,Homeowners,423200.0,2026-01-22,1713.11
GC-004224,Robert Haney,"86537 Riley Knoll, Port Alden, Belmara County",Z1,Y,Frame,1985,Homeowners,231100.0,2025-02-02,1428.92
GC-004225,Michelle Gonzalez,"85665 Wilkerson Gardens, Hollow Bay, Belmara County",Z5,N,Frame,2024,Commercial,1672000.0,2022-09-11,7883.48
GC-004226,Joel Hicks,"8881 Taylor Union, Port Alden, Belmara County",Z1,Y,Frame,2002,Homeowners,143000.0,2021-09-05,828.72
GC-004227,Kristin Bennett,"01970 Andrew Road, Port Alden, Belmara County",Z1,Y,Masonry Veneer,1985,Homeowners,308300.0,2026-02-15,1740.5
GC-004228,Barbara Rodgers,"25588 Christopher Streets, Ridgeview, Belmara County",Z4,N,Frame,1986,Homeowners,569800.0,2024-03-03,2264.61
GC-004229,Lisa Wilson,"6151 Shannon Parkway Suite 424, Port Alden, Belmara County",Z1,Y,Frame,2001,Homeowners,293900.0,2024-01-09,1709.93
GC-004230,Jeffrey Graves,"42597 Stewart Course, Hollow Bay, Belmara County",Z5,N,Frame,1974,Homeowners,135200.0,2022-05-15,561.22
GC-004231,David Baxter,"9519 Brown Ports Apt. 140, Ridgeview, Belmara County",Z4,N,Masonry,2013,Homeowners,642100.0,2022-06-25,1951.98
GC-004232,Laurie Smith,"449 Jackson Summit Suite 216, Cape Verrin, Belmara County",Z3,Y,Masonry Veneer,1974,Homeowners,133100.0,2024-06-10,781.91
GC-004233,Juan Bryan,"390 Lester Loaf Suite 752, Port Alden, Belmara County",Z1,Y,Masonry,1963,Homeowners,322400.0,2023-10-20,1780.44
GC-004234,Maria White,"57997 Richard Key, Port Alden, Belmara County",Z1,Y,Masonry,1950,Homeowners,465500.0,2024-02-11,2684.77
GC-004235,Ana Bolton,"0778 Ryan Islands Apt. 968, Cape Verrin, Belmara County",Z3,Y,Frame,1961,Homeowners,458700.0,2023-08-01,3087.38
GC-004236,Brian Taylor,"1662 Melissa Rest, Cape Verrin, Belmara County",Z3,Y,Masonry,2003,Homeowners,215400.0,2022-08-16,1027.14
GC-004237,Heather Mckee,"77265 Wagner Villages, Port Alden, Belmara County",Z1,Y,Frame,1973,Homeowners,227300.0,2022-01-09,1467.66
GC-004238,Bethany Booker,"54270 Emily Ville, Hollow Bay, Belmara County",Z5,N,Frame,1971,Homeowners,202400.0,2024-06-29,849.11
GC-004239,Cindy Lucas,"002 Atkins Spur, Port Alden, Belmara County",Z1,Y,Masonry,1986,Homeowners,394700.0,2022-08-17,2008.61
GC-004240,Donald Bright,"4071 Robinson Creek Apt. 564, Hollow Bay, Belmara County",Z5,N,Masonry,1988,Homeowners,214100.0,2022-10-10,697.73
GC-004241,Connie Horn,"875 Glenda Trail, Ridgeview, Belmara County",Z4,N,Masonry,2011,Homeowners,245200.0,2025-10-23,745.41
GC-004242,Kimberly Mahoney,"64921 Hernandez Squares, Port Alden, Belmara County",Z1,Y,Masonry,1973,Homeowners,254700.0,2023-07-27,1358.57
GC-004243,Laurie King,"66393 Jared Curve Apt. 168, Ridgeview, Belmara County",Z4,N,Frame,2001,Homeowners,225500.0,2022-05-31,846.44
GC-004244,Kayla Owens,"215 Burns Valleys, Ridgeview, Belmara County",Z4,N,Masonry,1982,Homeowners,318200.0,2022-10-11,1060.19
GC-004245,Anita Anderson,"21883 Kelly Walk Apt. 791, Millbrook, Belmara County",Z6,N,Frame,1996,Homeowners,425800.0,2022-06-30,1629.62
GC-004246,Elizabeth Chaney,"576 Reilly Throughway Suite 253, Millbrook, Belmara County",Z6,N,Masonry Veneer,2002,Homeowners,256300.0,2026-01-05,874.95
GC-004247,Roy Garcia,"203 Hester Spurs, Ridgeview, Belmara County",Z4,N,Masonry,2010,Homeowners,220700.0,2023-01-13,670.93
GC-004248,Melissa Martinez,"6592 Virginia Causeway Apt. 242, Marsh Point, Belmara County",Z2,Y,Frame,1955,Homeowners,284600.0,2023-11-15,1954.52
GC-004249,Walter Cole,"4333 Moon Valleys Suite 211, Millbrook, Belmara County",Z6,N,Superior (Reinforced Concrete),1979,Homeowners,499800.0,2022-08-20,1417.67
GC-004250,Casey Hinton,"0993 Robert Mountains, Port Alden, Belmara County",Z1,Y,Frame,1984,Homeowners,270000.0,2024-03-19,1675.61
GC-004251,David Williams,"173 Billy Canyon, Marsh Point, Belmara County",Z2,Y,Superior (Reinforced Concrete),2007,Homeowners,202100.0,2022-03-16,801.93
GC-004252,Ashley Sosa,"0052 Larry Junctions Suite 686, Millbrook, Belmara County",Z6,N,Frame,1991,Homeowners,251900.0,2023-07-17,982.61
GC-004253,Ann Gonzalez,"72278 Margaret Falls Apt. 253, Ridgeview, Belmara County",Z4,N,Masonry,2002,Homeowners,237200.0,2022-07-27,732.63
GC-004254,Derek Stephens,"6965 Kennedy Locks, Port Alden, Belmara County",Z1,Y,Masonry Veneer,1985,Homeowners,275200.0,2021-08-16,1553.63
GC-004255,Daniel Gomez,"914 Young Cliffs, Millbrook, Belmara County",Z6,N,Superior (Reinforced Concrete),1996,Commercial,788000.0,2026-01-16,2688.03
GC-004256,Matthew Phillips,"7491 Richard Stream, Cape Verrin, Belmara County",Z3,Y,Masonry Veneer,1973,Homeowners,405100.0,2022-10-16,2388.25
GC-004257,Meghan Owens,"222 Dawn Grove, Port Alden, Belmara County",Z1,Y,Superior (Reinforced Concrete),2021,Homeowners,154800.0,2025-11-23,614.25
GC-004258,Madison Yates,"4848 Glover Locks Suite 451, Cape Verrin, Belmara County",Z3,Y,Masonry,1991,Homeowners,475800.0,2025-03-18,2376.49
GC-004259,Cassandra Soto,"99142 Robbins Neck Apt. 339, Hollow Bay, Belmara County",Z5,N,Frame,2000,Homeowners,232700.0,2025-12-11,876.89
GC-004260,David Nichols,"4612 Jessica Knoll Suite 452, Ridgeview, Belmara County",Z4,N,Frame,1956,Homeowners,353000.0,2026-05-14,1558.85
GC-004261,Misty Osborne,"2067 Little Shores, Cape Verrin, Belmara County",Z3,Y,Masonry,1968,Homeowners,165300.0,2024-11-13,897.29
GC-004262,Tony Estes,"039 Jonathan Points Suite 207, Port Alden, Belmara County",Z1,Y,Frame,2024,Homeowners,199700.0,2026-05-10,1139.09
GC-004263,Travis Lewis,"193 Zachary Spur, Port Alden, Belmara County",Z1,Y,Frame,1952,Homeowners,366600.0,2025-03-19,2542.76
GC-004264,Angela Pittman,"507 Cindy Hollow, Hollow Bay, Belmara County",Z5,N,Frame,2005,Commercial,1725200.0,2024-08-10,8166.86
GC-004265,Teresa Morgan,"68151 Joseph Dale Suite 856, Port Alden, Belmara County",Z1,Y,Masonry,1995,Homeowners,126500.0,2022-09-19,622.29
GC-004266,Madison Martin,"627 Kyle Viaduct Apt. 445, Hollow Bay, Belmara County",Z5,N,Frame,1998,Homeowners,163600.0,2025-07-10,621.31
GC-004267,Roger Bell,"975 Debra Cliff Suite 463, Hollow Bay, Belmara County",Z5,N,Masonry Veneer,2012,Homeowners,222500.0,2025-06-03,747.6
GC-004268,Dennis Nguyen,"12221 Castro Ford Apt. 205, Hollow Bay, Belmara County",Z5,N,Frame,2001,Commercial,977300.0,2024-12-05,4700.13
GC-004269,Danielle Spencer,"92220 Jennifer Inlet, Port Alden, Belmara County",Z1,Y,Masonry,1969,Homeowners,239900.0,2022-04-28,1297.71
GC-004270,Rhonda Simmons,"68382 Nicholas Lodge Suite 400, Millbrook, Belmara County",Z6,N,Masonry,1987,Homeowners,217500.0,2021-07-02,711.45
GC-004271,Linda Hinton,"3549 Lopez Shores Suite 901, Cape Verrin, Belmara County",Z3,Y,Superior (Reinforced Concrete),2014,Homeowners,431500.0,2023-05-13,1712.19
GC-004272,Daniel Cook,"12534 Ryan Green, Cape Verrin, Belmara County",Z3,Y,Masonry,1983,Homeowners,176600.0,2025-08-21,908.7
GC-004273,Kevin Marshall,"5644 Jason Corners Suite 822, Cape Verrin, Belmara County",Z3,Y,Superior (Reinforced Concrete),1982,Homeowners,502400.0,2024-11-03,2184.9
GC-004274,Manuel Green,"720 Brooks Forks Apt. 168, Port Alden, Belmara County",Z1,Y,Frame,2006,Homeowners,212800.0,2023-02-11,1213.81
GC-004275,Sherry Bell,"69450 Rasmussen Via, Port Alden, Belmara County",Z1,Y,Frame,1978,Homeowners,286700.0,2023-07-22,1818.49
GC-004276,James Ford,"849 Susan Prairie, Hollow Bay, Belmara County",Z5,N,Masonry,1978,Homeowners,453800.0,2023-04-16,1534.06
GC-004277,Nicholas Patel,"8980 Anthony Roads Suite 285, Marsh Point, Belmara County",Z2,Y,Superior (Reinforced Concrete),2011,Homeowners,349500.0,2023-02-02,1386.82
GC-004278,Eric Gonzalez,"36141 Calderon Fort Suite 072, Port Alden, Belmara County",Z1,Y,Frame,2008,Homeowners,673300.0,2022-12-08,3840.5
GC-004279,Dean Taylor Jr.,"29407 Carrie Mills Suite 881, Marsh Point, Belmara County",Z2,Y,Frame,1973,Homeowners,170900.0,2025-11-06,1103.49
GC-004280,Dennis Wood,"9054 Nicole Hill, Port Alden, Belmara County",Z1,Y,Masonry Veneer,1968,Homeowners,521900.0,2021-02-10,3131.2
GC-004281,Jillian Campbell,"1471 Smith Passage, Marsh Point, Belmara County",Z2,Y,Masonry,2007,Homeowners,245900.0,2023-12-10,1158.68
GC-004282,Susan Holmes,"515 Bishop Village Apt. 291, Marsh Point, Belmara County",Z2,Y,Frame,1990,Homeowners,268700.0,2025-04-21,1630.76
GC-004283,Christina Welch,"168 Craig Inlet, Hollow Bay, Belmara County",Z5,N,Masonry Veneer,2024,Homeowners,270400.0,2023-11-20,908.54
GC-004284,Sarah Norris,"99479 Kevin Island, Marsh Point, Belmara County",Z2,Y,Frame,1980,Homeowners,331900.0,2024-01-06,2090.05
GC-004285,Rita Lopez,"76774 Ryan Garden Suite 466, Port Alden, Belmara County",Z1,Y,Frame,1980,Commercial,1734500.0,2024-02-16,13994.48
GC-004286,Jessica Cooper,"71643 Jones Squares Apt. 168, Ridgeview, Belmara County",Z4,N,Frame,2008,Homeowners,224400.0,2025-10-20,825.79
GC-004287,Robert Ewing,"1716 Turner Plaza, Ridgeview, Belmara County",Z4,N,Frame,1990,Homeowners,165500.0,2023-05-02,648.02
GC-004288,Jason Wright,"51011 Gabriel Unions, Port Alden, Belmara County",Z1,Y,Masonry,1994,Commercial,1660900.0,2021-03-14,10508.58
GC-004289,Kelly Steele,"141 Christopher Streets Apt. 017, Port Alden, Belmara County",Z1,Y,Frame,1988,Commercial,1001000.0,2023-01-02,7842.28
GC-004290,Julie Graves,"7961 Mercado Field, Marsh Point, Belmara County",Z2,Y,Masonry,1999,Homeowners,692400.0,2025-04-07,3353.94
GC-004291,Amy Stevenson,"5824 Brady Pass, Millbrook, Belmara County",Z6,N,Masonry Veneer,1991,Homeowners,223000.0,2022-07-22,794.24
GC-004292,Nicole Williams,"8574 Robert Heights, Port Alden, Belmara County",Z1,Y,Frame,2020,Homeowners,233300.0,2024-04-16,1330.74
GC-004293,Donald Rhodes,"26915 Ross Mews Apt. 072, Hollow Bay, Belmara County",Z5,N,Masonry,1987,Commercial,692700.0,2021-06-23,2903.12
GC-004294,Brittany Bowers,"187 William Loop, Cape Verrin, Belmara County",Z3,Y,Masonry Veneer,1967,Homeowners,118400.0,2024-12-06,712.82
GC-004295,Cynthia Carey,"453 Bautista Well Apt. 829, Cape Verrin, Belmara County",Z3,Y,Frame,1992,Commercial,1602100.0,2026-01-16,12364.23
GC-004296,Alicia Harris,"9802 Ramirez Drives Suite 836, Port Alden, Belmara County",Z1,Y,Frame,1982,Homeowners,243600.0,2024-05-04,1522.89
GC-004297,Mary Arnold,"414 Greene Greens Suite 751, Millbrook, Belmara County",Z6,N,Masonry,1997,Commercial,1100800.0,2023-11-19,4441.97
GC-004298,Steven Schultz,"0608 John Path, Ridgeview, Belmara County",Z4,N,Frame,1989,Homeowners,468000.0,2024-08-18,1839.35
GC-004299,Tyler Smith,"780 Little Street, Millbrook, Belmara County",Z6,N,Masonry Veneer,1998,Homeowners,579600.0,2025-05-08,2009.77
GC-004300,Brenda Adams,"530 Edward Extension Apt. 288, Ridgeview, Belmara County",Z4,N,Frame,1988,Homeowners,241100.0,2023-05-13,951.13
GC-004301,Marcus Harris,"322 Garrett Divide Apt. 442, Hollow Bay, Belmara County",Z5,N,Frame,1990,Homeowners,132200.0,2024-02-03,517.63
GC-004302,Steven Ibarra,"388 Jonathan Plains, Marsh Point, Belmara County",Z2,Y,Masonry Veneer,1967,Commercial,496000.0,2023-07-17,3825.99
GC-004303,Linda Weaver,"233 Gregory Stream, Marsh Point, Belmara County",Z2,Y,Frame,1979,Commercial,1766400.0,2026-02-13,14303.5
GC-004304,Paul Downs,"997 Brandon Station, Port Alden, Belmara County",Z1,Y,Masonry,1981,Homeowners,237200.0,2024-12-14,1229.46
GC-004305,Jordan Gonzalez,"37521 Cooper Knolls, Millbrook, Belmara County",Z6,N,Frame,2000,Homeowners,257300.0,2025-04-07,969.59
GC-004306,Dawn Anderson,"04899 Pham Trail Suite 225, Cape Verrin, Belmara County",Z3,Y,Superior (Reinforced Concrete),1982,Homeowners,258400.0,2022-06-14,1123.76
GC-004307,Shannon Gonzalez,"4850 Krista Mill, Port Alden, Belmara County",Z1,Y,Masonry Veneer,1967,Homeowners,159700.0,2024-12-30,961.47
GC-004308,Sarah Thomas,"60830 Freeman Mews, Marsh Point, Belmara County",Z2,Y,Frame,2014,Homeowners,379800.0,2024-01-05,2166.38
GC-004309,Janet Hodges,"877 Jessica Street Suite 733, Marsh Point, Belmara County",Z2,Y,Masonry Veneer,2003,Commercial,1381500.0,2025-03-07,9329.02
GC-004310,Zachary Mason,"023 Harrington Centers Suite 694, Millbrook, Belmara County",Z6,N,Masonry Veneer,2007,Homeowners,322800.0,2021-01-19,1084.61
GC-004311,Judy Gill,"8120 Jacobs Locks, Cape Verrin, Belmara County",Z3,Y,Frame,2022,Homeowners,158600.0,2024-08-14,904.65
GC-004312,Joshua Suarez,"24275 Wilson Mission Apt. 720, Marsh Point, Belmara County",Z2,Y,Frame,1973,Homeowners,166800.0,2022-08-10,1077.02
GC-004313,Samuel Steele,"17555 Gibson Well, Marsh Point, Belmara County",Z2,Y,Frame,1977,Homeowners,295000.0,2023-11-03,1877.87
GC-004314,David Rodriguez,"4449 Kristen Overpass Apt. 677, Port Alden, Belmara County",Z1,Y,Superior (Reinforced Concrete),1989,Homeowners,265600.0,2023-10-08,1125.57
GC-004315,Sarah Dawson,"02492 Emily Stream, Millbrook, Belmara County",Z6,N,Superior (Reinforced Concrete),1972,Homeowners,484600.0,2025-12-10,1409.29
GC-004316,Thomas Castro,"1871 Mann Turnpike, Millbrook, Belmara County",Z6,N,Masonry,1995,Homeowners,504600.0,2022-03-15,1601.48
GC-004317,Wendy Gonzalez,"38035 Harris Views, Port Alden, Belmara County",Z1,Y,Masonry Veneer,2000,Homeowners,338900.0,2025-04-07,1807.35
GC-004318,Jessica Robinson,"950 Pierce Passage, Hollow Bay, Belmara County",Z5,N,Frame,2017,Homeowners,249400.0,2024-08-08,917.79
GC-004319,Valerie Oconnor,"875 Perez Square, Cape Verrin, Belmara County",Z3,Y,Masonry,1957,Homeowners,871800.0,2025-07-12,4913.07
GC-004320,Kevin Baxter,"099 Rebecca Freeway Suite 391, Port Alden, Belmara County",Z1,Y,Masonry,1966,Homeowners,134000.0,2024-04-06,732.43
GC-004321,Jennifer Johnson,"8630 Amy Walk Suite 919, Cape Verrin, Belmara County",Z3,Y,Masonry,2014,Homeowners,189800.0,2022-01-02,894.34
GC-004322,Kimberly Castillo,"698 Bradford Viaduct Suite 449, Ridgeview, Belmara County",Z4,N,Frame,2013,Homeowners,285200.0,2023-01-11,1049.54
GC-004323,Joshua Miller,"4272 Cook Mount, Millbrook, Belmara County",Z6,N,Masonry,2014,Homeowners,536000.0,2021-07-27,1629.44
GC-004324,Noah Braun,"725 Thompson Fork, Port Alden, Belmara County",Z1,Y,Frame,1950,Commercial,686300.0,2023-08-29,6139.16
GC-004325,Christopher Dennis,"5215 Tony Stream, Port Alden, Belmara County",Z1,Y,Frame,1977,Commercial,2524300.0,2026-02-14,20588.21
GC-004326,Stephanie Thomas,"43416 Rubio Fort, Port Alden, Belmara County",Z1,Y,Frame,1969,Homeowners,144800.0,2023-09-15,948.18
GC-004327,Jennifer Gonzales,"727 Owens Shoal Suite 605, Millbrook, Belmara County",Z6,N,Frame,2007,Homeowners,170100.0,2021-01-28,625.97
GC-004328,Tim Cisneros,"740 Sparks Fort Suite 869, Cape Verrin, Belmara County",Z3,Y,Frame,1980,Homeowners,284400.0,2021-07-27,1790.93
GC-004329,Anna Neal,"92917 Walton Loaf Apt. 539, Marsh Point, Belmara County",Z2,Y,Masonry Veneer,1998,Homeowners,414000.0,2021-04-11,2225.11
GC-004330,Thomas Stephens,"00077 Teresa Crescent, Millbrook, Belmara County",Z6,N,Frame,2024,Homeowners,225300.0,2021-12-09,829.1
GC-004331,Kelly Baird PhD,"4198 Shelton Causeway, Port Alden, Belmara County",Z1,Y,Masonry,1970,Homeowners,241100.0,2024-10-27,1299.66
GC-004332,Clifford Stewart,"339 Eugene Well, Millbrook, Belmara County",Z6,N,Masonry,2005,Homeowners,276300.0,2021-10-12,843.31
GC-004333,Eddie Wood,"447 Scott Park Apt. 447, Marsh Point, Belmara County",Z2,Y,Frame,1991,Homeowners,450700.0,2022-04-25,2725.04
GC-004334,Monica Stevens,"4066 Cole Trail, Port Alden, Belmara County",Z1,Y,Masonry Veneer,1978,Homeowners,321800.0,2021-08-26,1863.64
GC-004335,Debbie Dillon,"37698 James Lane Apt. 825, Hollow Bay, Belmara County",Z5,N,Frame,2024,Homeowners,360900.0,2023-09-05,1328.11
GC-004336,Lisa Hurst,"87879 Carol Fall, Millbrook, Belmara County",Z6,N,Masonry,2001,Commercial,3686700.0,2025-01-06,14646.89
GC-004337,Angela Potts,"3581 Hamilton Club, Cape Verrin, Belmara County",Z3,Y,Frame,1961,Homeowners,557600.0,2022-10-26,3753.05
GC-004338,Tyler Price,"519 James Manor, Port Alden, Belmara County",Z1,Y,Frame,2001,Homeowners,148300.0,2025-09-10,862.82
GC-004339,Walter Romero,"3728 Nicole Parkway Suite 012, Hollow Bay, Belmara County",Z5,N,Masonry,1996,Homeowners,405700.0,2022-10-29,1282.66
GC-004340,Michael Brown,"20918 Vincent Run Apt. 247, Port Alden, Belmara County",Z1,Y,Frame,1975,Homeowners,191100.0,2023-11-02,1225.2
GC-004341,Jennifer Barnes,"303 Tracy Ranch Suite 099, Marsh Point, Belmara County",Z2,Y,Frame,1996,Commercial,435000.0,2021-11-07,3306.25
GC-004342,William Bell,"6848 Kevin Shoal, Port Alden, Belmara County",Z1,Y,Masonry,1977,Homeowners,449100.0,2025-01-19,2361.63
GC-004343,Kyle James,"451 Aaron Stravenue, Port Alden, Belmara County",Z1,Y,Frame,1995,Homeowners,95500.0,2021-08-26,568.7
GC-004344,Dr. Nicole Bell,"94056 Molina Key Apt. 401, Cape Verrin, Belmara County",Z3,Y,Frame,1997,Homeowners,327400.0,2025-06-17,1934.72
GC-004345,Joel Lin,"997 Donald Junction Suite 502, Marsh Point, Belmara County",Z2,Y,Frame,1991,Homeowners,198700.0,2023-09-05,1201.39
GC-004346,Gabrielle Wright,"227 Nathan Heights, Marsh Point, Belmara County",Z2,Y,Frame,1981,Homeowners,241100.0,2025-07-15,1512.76
GC-004347,Laura Diaz,"030 Ray Plains Apt. 546, Millbrook, Belmara County",Z6,N,Masonry Veneer,2006,Homeowners,248100.0,2021-09-05,833.62
GC-004348,Jeremiah Young,"7839 Susan Island Apt. 638, Ridgeview, Belmara County",Z4,N,Masonry,1982,Commercial,646700.0,2022-05-02,2760.71
GC-004349,Jeffery Sullivan,"409 Stephen Mountain Apt. 291, Cape Verrin, Belmara County",Z3,Y,Masonry Veneer,1987,Commercial,922200.0,2024-12-17,6621.28
GC-004350,Mr. Adrian Ross IV,"4029 Roberta Ridge Suite 650, Ridgeview, Belmara County",Z4,N,Frame,2010,Homeowners,421500.0,2022-12-16,1551.12
GC-004351,Erika Mills,"49228 Mary Station Suite 022, Port Alden, Belmara County",Z1,Y,Frame,1987,Commercial,1819400.0,2025-09-21,14307.17
GC-004352,Cynthia Kelly,"74863 Howell Plains, Ridgeview, Belmara County",Z4,N,Frame,1977,Commercial,1404100.0,2021-01-11,7388.29
GC-004353,Hayley King,"0435 Tony Rest, Ridgeview, Belmara County",Z4,N,Masonry,1988,Homeowners,519600.0,2026-02-22,1693.31
GC-004354,Jeffrey Henderson,"84563 Karla Glen, Hollow Bay, Belmara County",Z5,N,Masonry,2010,Homeowners,305200.0,2024-08-16,927.81
GC-004355,Kevin Sanders,"5088 Ward Isle, Hollow Bay, Belmara County",Z5,N,Superior (Reinforced Concrete),2008,Homeowners,390700.0,2025-07-29,1000.19
GC-004356,Erica Barron,"816 Robertson Cape Suite 511, Ridgeview, Belmara County",Z4,N,Masonry Veneer,2008,Homeowners,191900.0,2024-04-08,644.78
GC-004357,Tina Kemp,"4732 Thomas Mission Suite 457, Marsh Point, Belmara County",Z2,Y,Frame,1975,Homeowners,260800.0,2025-07-14,1672.07
GC-004358,John Maldonado,"0855 Larry Turnpike, Marsh Point, Belmara County",Z2,Y,Masonry,2005,Homeowners,385700.0,2025-03-28,1824.69
GC-004359,Jason Mullins,"75411 Simmons Drive, Cape Verrin, Belmara County",Z3,Y,Masonry,1973,Homeowners,324700.0,2021-06-24,1731.94
GC-004360,Anthony Miller,"2669 Amber View Suite 279, Ridgeview, Belmara County",Z4,N,Frame,2004,Commercial,2355000.0,2026-03-21,11192.66
GC-004361,Andrew Nguyen,"16460 Cantrell Locks Suite 932, Millbrook, Belmara County",Z6,N,Masonry,2001,Homeowners,244300.0,2023-09-12,757.53
GC-004362,George Neal,"833 Desiree Greens, Hollow Bay, Belmara County",Z5,N,Frame,1993,Homeowners,294800.0,2024-12-25,1141.28
GC-004363,Marilyn Howard,"592 Julie Valley Suite 665, Millbrook, Belmara County",Z6,N,Frame,1998,Homeowners,156800.0,2022-06-30,595.49
GC-004364,Jonathan West,"90028 Aaron Brooks, Port Alden, Belmara County",Z1,Y,Masonry,1989,Homeowners,308000.0,2024-09-17,1549.98
GC-004365,Christopher Barnes,"78088 Hogan Inlet Apt. 627, Cape Verrin, Belmara County",Z3,Y,Masonry,1972,Homeowners,544800.0,2026-02-04,2916.22
GC-004366,Paula Reed,"942 Brown Corner, Hollow Bay, Belmara County",Z5,N,Frame,2009,Homeowners,653100.0,2022-02-15,2403.41
GC-004367,Robert Berry,"53759 Theresa Cliffs Suite 661, Ridgeview, Belmara County",Z4,N,Superior (Reinforced Concrete),1993,Homeowners,330100.0,2021-07-31,889.0
GC-004368,Dylan Obrien,"80107 Darrell Mountain, Marsh Point, Belmara County",Z2,Y,Frame,1950,Homeowners,220100.0,2024-03-09,1536.67
GC-004369,Susan Parker,"348 Baker Crescent, Cape Verrin, Belmara County",Z3,Y,Frame,1983,Homeowners,477400.0,2024-11-02,2973.61
GC-004370,Mr. Jesus Blake,"23315 Joseph Parks, Cape Verrin, Belmara County",Z3,Y,Frame,1982,Homeowners,381600.0,2026-03-02,2385.6
GC-004371,Brian Burns,"037 Garcia Coves, Marsh Point, Belmara County",Z2,Y,Frame,1980,Homeowners,160800.0,2021-03-21,1012.59
GC-004372,Justin Doyle,"982 Chelsea Motorway Apt. 278, Cape Verrin, Belmara County",Z3,Y,Frame,1981,Homeowners,661500.0,2021-06-15,4150.52
GC-004373,Christopher Fox,"55501 Carl Rapid Apt. 499, Marsh Point, Belmara County",Z2,Y,Masonry,1996,Homeowners,256000.0,2026-03-05,1254.52
GC-004374,Frank Dyer,"530 Kim Loaf Suite 497, Millbrook, Belmara County",Z6,N,Frame,1988,Homeowners,325300.0,2022-09-12,1283.3
GC-004375,Rickey Hanson,"5991 Edwards Trail Apt. 020, Millbrook, Belmara County",Z6,N,Frame,1981,Homeowners,238800.0,2024-06-17,966.66
GC-004376,Christine Gardner,"71360 Dunlap Cliff Apt. 100, Ridgeview, Belmara County",Z4,N,Masonry Veneer,1997,Homeowners,165700.0,2025-12-18,576.8
GC-004377,Joshua Franklin,"10084 Edwards Extensions Suite 568, Hollow Bay, Belmara County",Z5,N,Masonry Veneer,1990,Homeowners,368600.0,2021-04-24,1317.76
GC-004378,Charles Martin,"544 Steve Brook, Marsh Point, Belmara County",Z2,Y,Masonry,1958,Homeowners,208100.0,2025-03-09,1168.84
GC-004379,Scott Jimenez,"369 Steven Branch, Port Alden, Belmara County",Z1,Y,Frame,1982,Homeowners,249100.0,2026-03-13,1557.27
GC-004380,Danielle Black,"35838 Miller Wells Suite 204, Marsh Point, Belmara County",Z2,Y,Superior (Reinforced Concrete),1986,Homeowners,295800.0,2022-09-30,1267.63
GC-004381,Alexander Torres,"076 Steven Gateway, Port Alden, Belmara County",Z1,Y,Masonry,2007,Homeowners,526100.0,2021-08-05,2478.98
GC-004382,Heidi Lewis,"4383 Heather Locks, Cape Verrin, Belmara County",Z3,Y,Frame,1997,Homeowners,300300.0,2022-07-11,1774.58
GC-004383,Candace Anderson,"3483 Young Summit, Port Alden, Belmara County",Z1,Y,Frame,1973,Homeowners,128200.0,2021-07-16,827.78
GC-004384,Breanna Sampson,"46467 Pennington Burgs, Ridgeview, Belmara County",Z4,N,Frame,2020,Homeowners,133400.0,2024-08-29,490.91
GC-004385,Anthony Guzman,"418 Neal Circle Apt. 971, Port Alden, Belmara County",Z1,Y,Masonry,1990,Homeowners,177700.0,2024-02-05,890.91
GC-004386,Robin Martinez,"4330 Gallagher Prairie, Port Alden, Belmara County",Z1,Y,Frame,1999,Commercial,1454200.0,2025-07-11,10925.23
GC-004387,Sabrina Matthews,"0960 Jessica Orchard, Port Alden, Belmara County",Z1,Y,Masonry,1974,Homeowners,257900.0,2024-02-05,1370.77
GC-004388,Jennifer Carter,"5842 Michael Vista Suite 768, Marsh Point, Belmara County",Z2,Y,Frame,1983,Homeowners,459800.0,2023-12-25,2863.99
GC-004389,George Steele,"2927 Peterson Corners Apt. 252, Marsh Point, Belmara County",Z2,Y,Masonry,2013,Homeowners,650500.0,2021-06-04,3065.16
GC-004390,Samantha Collins,"22166 Christie Knoll Apt. 381, Cape Verrin, Belmara County",Z3,Y,Frame,1950,Homeowners,273300.0,2021-11-09,1908.1
GC-004391,Lisa Cole,"03577 Dean Crest Apt. 404, Marsh Point, Belmara County",Z2,Y,Masonry,1996,Homeowners,270700.0,2021-02-13,1326.56
GC-004392,Kelly Dawson,"2317 Fowler Ford, Port Alden, Belmara County",Z1,Y,Frame,1981,Homeowners,502300.0,2024-11-11,3151.63
GC-004393,John Welch,"6306 Bray Knolls Apt. 765, Marsh Point, Belmara County",Z2,Y,Frame,1979,Homeowners,253200.0,2021-09-03,1600.23
GC-004394,Robert Norton,"8973 Danielle Station, Marsh Point, Belmara County",Z2,Y,Superior (Reinforced Concrete),1987,Homeowners,183100.0,2023-03-03,781.76
GC-004395,Jordan Flores MD,"4298 Ricky Mountain, Hollow Bay, Belmara County",Z5,N,Frame,1981,Homeowners,359900.0,2025-04-29,1456.88
GC-004396,Marcus Stevens,"6115 Cox Court, Port Alden, Belmara County",Z1,Y,Frame,1983,Commercial,971500.0,2022-10-11,7753.16
GC-004397,Timothy Drake,"869 Blackwell Corners, Cape Verrin, Belmara County",Z3,Y,Frame,1966,Homeowners,392700.0,2022-06-01,2598.35
GC-004398,Joseph Johnson,"87297 Madison Stream Apt. 683, Port Alden, Belmara County",Z1,Y,Frame,1993,Homeowners,179700.0,2024-04-22,1078.31
GC-004399,Heather Sullivan,"06051 Richard Trafficway Suite 690, Cape Verrin, Belmara County",Z3,Y,Frame,1997,Homeowners,276000.0,2026-06-11,1630.98
GC-004400,David Gallagher,"219 Page Corner Apt. 232, Millbrook, Belmara County",Z6,N,Frame,2014,Homeowners,253500.0,2022-04-08,932.88
GC-004401,Brian Shepard DDS,"57592 Shawna Garden, Marsh Point, Belmara County",Z2,Y,Masonry,1985,Homeowners,243000.0,2025-06-28,1241.2
GC-004402,Renee Harris,"990 Ortiz Glen Apt. 172, Cape Verrin, Belmara County",Z3,Y,Masonry,1983,Homeowners,238500.0,2023-06-02,1227.2
GC-004403,Angela Brown,"3118 Gill Stream Suite 019, Cape Verrin, Belmara County",Z3,Y,Frame,1973,Commercial,250000.0,2021-11-05,2068.23
GC-004404,Kimberly Rosales,"54459 Daniel Coves Apt. 125, Ridgeview, Belmara County",Z4,N,Frame,2002,Commercial,946600.0,2023-08-20,4534.63
GC-004405,Jeremy Haley,"41350 Ramirez Avenue Suite 647, Ridgeview, Belmara County",Z4,N,Frame,1981,Homeowners,539300.0,2022-07-12,2183.09
GC-004406,Justin Maldonado,"943 Kelley Creek, Cape Verrin, Belmara County",Z3,Y,Frame,2010,Homeowners,159200.0,2023-10-17,908.08
GC-004407,Edward Cook,"480 Rivas Tunnel, Ridgeview, Belmara County",Z4,N,Frame,1994,Homeowners,444800.0,2025-05-01,1715.43
GC-004408,Ronald Duran,"584 Nichols Center Apt. 227, Millbrook, Belmara County",Z6,N,Superior (Reinforced Concrete),2016,Homeowners,565700.0,2023-05-28,1448.19
GC-004409,Veronica Parks,"80667 Matthew Mission, Marsh Point, Belmara County",Z2,Y,Frame,1995,Commercial,3213900.0,2024-12-01,24521.46
GC-004410,Nicole Blair,"4519 Richard Overpass Suite 210, Port Alden, Belmara County",Z1,Y,Masonry,2001,Homeowners,374200.0,2022-07-30,1798.5
GC-004411,Tracy Lee,"44371 Felicia Path Suite 257, Millbrook, Belmara County",Z6,N,Frame,2018,Homeowners,164000.0,2025-12-15,603.52
GC-004412,Yolanda Bright,"73534 Martinez Inlet, Ridgeview, Belmara County",Z4,N,Superior (Reinforced Concrete),2004,Homeowners,102100.0,2022-10-07,263.47
GC-004413,Mrs. Lisa Hicks,"25350 Susan Falls, Cape Verrin, Belmara County",Z3,Y,Masonry,1965,Homeowners,384100.0,2024-01-12,2106.7
GC-004414,Jeremy Curtis,"38471 Sarah Branch, Port Alden, Belmara County",Z1,Y,Frame,1968,Commercial,2635700.0,2023-01-14,22190.23
GC-004415,Stephen Hobbs,"522 Kristina Vista Apt. 004, Hollow Bay, Belmara County",Z5,N,Superior (Reinforced Concrete),2015,Homeowners,318400.0,2026-01-31,815.1
GC-004416,Chris Stanley,"03387 Angela Landing Apt. 500, Millbrook, Belmara County",Z6,N,Masonry,2008,Homeowners,366200.0,2024-02-12,1113.25
GC-004417,Erik Luna,"366 Knight Route, Marsh Point, Belmara County",Z2,Y,Masonry,1989,Homeowners,202400.0,2025-02-20,1018.56
GC-004418,Jennifer Morgan,"949 Catherine Neck Suite 134, Hollow Bay, Belmara County",Z5,N,Masonry,1989,Homeowners,345200.0,2021-03-18,1120.77
GC-004419,Ethan Flores,"677 Travis Island, Marsh Point, Belmara County",Z2,Y,Masonry,2012,Homeowners,467800.0,2021-02-16,2204.27
GC-004420,Shelby Moore,"88861 Clements Locks, Port Alden, Belmara County",Z1,Y,Masonry Veneer,1999,Homeowners,201000.0,2023-03-11,1076.12
GC-004421,Robert Lopez,"115 Dennis Light, Marsh Point, Belmara County",Z2,Y,Masonry,1964,Homeowners,268900.0,2022-06-29,1479.92
GC-004422,Elizabeth Leon,"54911 Stephenson Well Suite 547, Millbrook, Belmara County",Z6,N,Masonry,1983,Homeowners,314700.0,2023-06-19,1044.7
GC-004423,Brendan White,"4907 Lara Keys Apt. 383, Port Alden, Belmara County",Z1,Y,Frame,1976,Commercial,645900.0,2024-02-26,5286.85
GC-004424,Jacob Martin,"49565 Matthew Place, Cape Verrin, Belmara County",Z3,Y,Masonry,2009,Homeowners,316700.0,2024-03-21,1492.29
GC-004425,Michael Mcclure,"476 Matthew Meadow, Ridgeview, Belmara County",Z4,N,Frame,1997,Homeowners,111000.0,2024-12-03,423.19
GC-004426,William Fuentes,"24983 Kim Hills Suite 146, Port Alden, Belmara County",Z1,Y,Frame,1974,Homeowners,234400.0,2021-05-09,1508.16
GC-004427,Mr. James Dennis,"925 Melanie Courts, Marsh Point, Belmara County",Z2,Y,Frame,2009,Homeowners,360200.0,2022-04-07,2054.58
GC-004428,Maria Walker,"52908 Christopher Street Apt. 686, Cape Verrin, Belmara County",Z3,Y,Masonry,1996,Commercial,1159000.0,2024-12-10,7277.06
GC-004429,Dennis Mckenzie,"687 David Mount Apt. 811, Hollow Bay, Belmara County",Z5,N,Masonry Veneer,1998,Commercial,488400.0,2024-01-11,2169.84
GC-004430,David Hood,"9718 Parks Station, Ridgeview, Belmara County",Z4,N,Masonry,2003,Homeowners,262400.0,2025-10-03,807.27
GC-004431,Darren Duncan,"0541 Brandi Walks Suite 985, Cape Verrin, Belmara County",Z3,Y,Frame,2000,Homeowners,241300.0,2021-10-23,1409.41
GC-004432,Barbara Martinez,"2614 Donald Mills Suite 045, Port Alden, Belmara County",Z1,Y,Masonry,1971,Homeowners,603900.0,2026-01-02,3243.96
GC-004433,Christopher Jackson,"937 Anita Causeway Apt. 574, Port Alden, Belmara County",Z1,Y,Frame,2021,Homeowners,198100.0,2022-02-06,1129.96
GC-004434,Brandon Knight,"04924 Johnson Trace, Millbrook, Belmara County",Z6,N,Masonry Veneer,1996,Homeowners,294700.0,2023-04-13,1029.8
GC-004435,Scott Hernandez,"9972 Hampton Forks Apt. 508, Ridgeview, Belmara County",Z4,N,Frame,1981,Commercial,2453300.0,2025-04-08,12724.04
GC-004436,Juan Kim,"2957 Teresa Islands, Ridgeview, Belmara County",Z4,N,Superior (Reinforced Concrete),1989,Homeowners,107600.0,2025-09-28,294.19
GC-004437,Angel Davenport,"82359 Stokes Parkway Suite 691, Cape Verrin, Belmara County",Z3,Y,Frame,1972,Homeowners,285800.0,2025-12-25,1851.91
GC-004438,Rebecca Campbell,"21234 Johnson Rapids Apt. 706, Port Alden, Belmara County",Z1,Y,Frame,1986,Homeowners,214500.0,2021-06-23,1321.39
GC-004439,Charles Cook,"3611 Meghan Path Suite 057, Port Alden, Belmara County",Z1,Y,Frame,1990,Homeowners,392400.0,2024-11-20,2381.5
GC-004440,Ryan Martin,"5487 Joanna Center Suite 461, Marsh Point, Belmara County",Z2,Y,Frame,2007,Commercial,2764400.0,2024-01-08,20202.93
GC-004441,Kenneth Ramirez,"560 Ryan Manors, Ridgeview, Belmara County",Z4,N,Masonry,1976,Commercial,2391500.0,2026-04-15,10432.68
GC-004442,Kristen Hodges,"8953 Kurt Mission Suite 393, Cape Verrin, Belmara County",Z3,Y,Masonry,1978,Homeowners,207600.0,2023-06-21,1087.77
GC-004443,Martin Frederick,"60386 Cynthia Stravenue, Port Alden, Belmara County",Z1,Y,Masonry,2000,Commercial,3302000.0,2023-04-12,20413.44
GC-004444,Martin Vang,"368 Shannon Pine, Cape Verrin, Belmara County",Z3,Y,Masonry,1996,Homeowners,470500.0,2023-10-18,2305.68
GC-004445,Daniel Miller,"658 Stephen Lodge, Ridgeview, Belmara County",Z4,N,Frame,2016,Homeowners,483400.0,2024-03-16,1778.91
GC-004446,Melissa Williams,"4565 Price Spurs Suite 363, Cape Verrin, Belmara County",Z3,Y,Masonry,2005,Homeowners,646200.0,2021-12-27,3057.07
GC-004447,Kristen Campos,"222 Michelle Haven, Ridgeview, Belmara County",Z4,N,Frame,2000,Homeowners,350300.0,2022-05-04,1320.04
GC-004448,Catherine Brown,"982 Kevin Plain Suite 937, Ridgeview, Belmara County",Z4,N,Frame,2018,Homeowners,361700.0,2024-10-03,1331.06
GC-004449,Suzanne Davis,"57937 Erickson Key, Millbrook, Belmara County",Z6,N,Frame,2005,Homeowners,140500.0,2022-03-15,519.11
GC-004450,Angela Burke,"201 Jason Bridge, Port Alden, Belmara County",Z1,Y,Frame,2005,Homeowners,122400.0,2023-06-24,700.96
GC-004451,Erica Wells,"085 Sandra Mountains Suite 911, Millbrook, Belmara County",Z6,N,Frame,1999,Homeowners,479100.0,2024-04-25,1812.45
GC-004452,Miss Kimberly Gonzalez,"649 Amy Drive Suite 831, Marsh Point, Belmara County",Z2,Y,Frame,1998,Homeowners,789500.0,2025-09-27,4647.41
GC-004453,Adrian Smith,"83367 Sheryl Lodge, Cape Verrin, Belmara County",Z3,Y,Masonry Veneer,1981,Homeowners,190300.0,2024-08-11,1090.19
GC-004454,Nathan Brown,"619 Mcclure Manor Apt. 581, Ridgeview, Belmara County",Z4,N,Frame,1983,Homeowners,312600.0,2025-09-29,1256.2
GC-004455,Maria Smith,"292 Sarah Circles Suite 895, Cape Verrin, Belmara County",Z3,Y,Frame,2016,Commercial,971400.0,2026-05-28,7099.23
GC-004456,Kelly Carpenter,"10898 Samantha Orchard, Millbrook, Belmara County",Z6,N,Frame,1998,Homeowners,163600.0,2024-05-06,621.31
GC-004457,Charles Salinas,"7830 Colleen Trace Suite 410, Ridgeview, Belmara County",Z4,N,Frame,1998,Homeowners,171000.0,2024-07-31,649.42
GC-004458,Kimberly Parker,"2537 Taylor Rapid Suite 178, Port Alden, Belmara County",Z1,Y,Masonry,1985,Homeowners,253500.0,2023-10-06,1294.83
GC-004459,Dennis Goodman,"39283 Brian Circles, Port Alden, Belmara County",Z1,Y,Masonry,1970,Homeowners,205500.0,2024-04-16,1107.75
GC-004460,Thomas Harper,"43979 Sarah Garden, Port Alden, Belmara County",Z1,Y,Frame,2015,Homeowners,159400.0,2023-05-11,909.22
GC-004461,Stephanie Johnson,"2505 Harris Centers, Hollow Bay, Belmara County",Z5,N,Frame,2008,Commercial,1247900.0,2025-02-23,5883.85
GC-004462,Pamela Coleman,"1877 Flowers Plains Suite 176, Port Alden, Belmara County",Z1,Y,Masonry Veneer,1982,Homeowners,357000.0,2024-01-18,2037.74
GC-004463,Jessica Lopez,"04297 Mcguire Plains Apt. 014, Marsh Point, Belmara County",Z2,Y,Masonry,2012,Commercial,641700.0,2024-03-23,3874.1
GC-004464,Nathan Rose,"9230 Cooper Crescent, Hollow Bay, Belmara County",Z5,N,Masonry,2017,Homeowners,167000.0,2022-11-02,507.68
GC-004465,Justin Kirk,"52880 Kyle Mall Apt. 546, Cape Verrin, Belmara County",Z3,Y,Masonry,1978,Homeowners,259800.0,2025-10-31,1361.29
GC-004466,Jacqueline Williams,"951 Goodman Bridge Suite 204, Port Alden, Belmara County",Z1,Y,Masonry,1980,Homeowners,462500.0,2025-03-29,2405.95
GC-004467,Ryan Preston,"875 Paul Estates Apt. 844, Hollow Bay, Belmara County",Z5,N,Frame,1958,Homeowners,420900.0,2024-09-09,1846.3
GC-004468,David Lee,"10377 Anthony Garden, Port Alden, Belmara County",Z1,Y,Frame,1985,Homeowners,286700.0,2025-12-20,1772.71
GC-004469,Emily Taylor,"62741 Kennedy Center Apt. 286, Millbrook, Belmara County",Z6,N,Masonry Veneer,1997,Homeowners,90000.0,2024-02-03,313.29
GC-004470,Deborah James,"54349 Jennifer Rue Apt. 455, Millbrook, Belmara County",Z6,N,Frame,1994,Homeowners,294400.0,2023-03-08,1135.39
GC-004471,Dustin Fisher,"333 Joseph Brook Apt. 058, Hollow Bay, Belmara County",Z5,N,Frame,2021,Homeowners,445200.0,2025-11-18,1638.34
GC-004472,Kathryn Ward,"50629 Michael Villages Apt. 994, Marsh Point, Belmara County",Z2,Y,Frame,2004,Homeowners,134700.0,2022-09-20,774.48
GC-004473,Traci Pena,"73331 Lisa Village Apt. 865, Hollow Bay, Belmara County",Z5,N,Frame,1998,Commercial,503300.0,2021-01-07,2449.0
GC-004474,Reginald Peterson,"20805 Amy Hills, Ridgeview, Belmara County",Z4,N,Masonry,2003,Homeowners,519200.0,2024-03-11,1597.31
GC-004475,Tiffany Craig,"9513 Stephanie Summit, Marsh Point, Belmara County",Z2,Y,Masonry,2001,Homeowners,338200.0,2023-02-08,1625.47
GC-004476,Frederick Payne,"146 Crystal Cape Apt. 407, Marsh Point, Belmara County",Z2,Y,Frame,2004,Commercial,586800.0,2021-07-06,4322.79
GC-004477,Katie Perez,"77160 Jill Points, Marsh Point, Belmara County",Z2,Y,Masonry,1997,Homeowners,210700.0,2026-01-02,1028.56
GC-004478,Morgan Rowe,"49963 Cody Lake Apt. 397, Hollow Bay, Belmara County",Z5,N,Frame,1991,Homeowners,239200.0,2023-09-14,933.07
GC-004479,Erica Garcia,"86122 Kidd Row Apt. 025, Hollow Bay, Belmara County",Z5,N,Masonry,1995,Homeowners,523500.0,2022-12-10,1661.46
GC-004480,Kathleen Fletcher,"350 Jackson Points, Port Alden, Belmara County",Z1,Y,Masonry,1962,Homeowners,320400.0,2023-04-17,1775.44
GC-004481,Paul Smith,"7842 Michael Road Apt. 264, Hollow Bay, Belmara County",Z5,N,Masonry Veneer,1985,Homeowners,237800.0,2024-01-29,866.12
GC-004482,Mark Richards,"63447 Santos Ferry Suite 969, Marsh Point, Belmara County",Z2,Y,Frame,1984,Homeowners,316000.0,2022-05-24,1961.08
GC-004483,Robin Rosales,"55157 Kristy Via, Millbrook, Belmara County",Z6,N,Frame,2013,Homeowners,410800.0,2022-01-16,1511.74
GC-004484,Mike Doyle,"43494 Michael Port, Marsh Point, Belmara County",Z2,Y,Masonry Veneer,1990,Homeowners,236400.0,2025-09-10,1309.97
GC-004485,Kayla Thomas,"744 John Park Apt. 140, Hollow Bay, Belmara County",Z5,N,Masonry,2002,Commercial,689500.0,2023-06-20,2728.57
GC-004486,Alex Baird,"103 Chad Row, Ridgeview, Belmara County",Z4,N,Frame,1996,Commercial,318300.0,2025-04-20,1560.82
GC-004487,John Brooks,"621 Escobar Glen Suite 430, Cape Verrin, Belmara County",Z3,Y,Frame,2014,Homeowners,297900.0,2025-04-14,1699.22
GC-004488,Eric Green,"5082 Angela Pines Apt. 613, Cape Verrin, Belmara County",Z3,Y,Frame,1992,Commercial,1380200.0,2021-12-10,10651.71
GC-004489,Marissa Perkins,"880 Perez Village Apt. 714, Millbrook, Belmara County",Z6,N,Frame,2010,Homeowners,491200.0,2021-07-19,1807.62
GC-004490,Gregory Phillips,"8638 Thompson Fords Apt. 383, Marsh Point, Belmara County",Z2,Y,Masonry,1983,Homeowners,441400.0,2023-11-11,2271.23
GC-004491,Nicole Olson,"432 Rasmussen Highway Apt. 265, Millbrook, Belmara County",Z6,N,Superior (Reinforced Concrete),1993,Homeowners,491900.0,2022-09-16,1324.75
GC-004492,Franklin White,"023 David Parkways Apt. 854, Millbrook, Belmara County",Z6,N,Masonry,2023,Homeowners,182400.0,2024-03-05,554.5
GC-004493,Monica Meyers,"3882 Perez Roads, Port Alden, Belmara County",Z1,Y,Masonry,1999,Commercial,2050300.0,2026-01-23,12724.76
GC-004494,Deborah Lane,"471 Jennifer Views Apt. 406, Hollow Bay, Belmara County",Z5,N,Frame,2020,Commercial,793100.0,2022-01-25,3739.47
GC-004495,Benjamin Mitchell,"33547 Laura Gateway Suite 025, Marsh Point, Belmara County",Z2,Y,Frame,2001,Homeowners,216700.0,2024-10-28,1260.78
GC-004496,Paul Christensen,"48141 Ford Motorway Apt. 807, Cape Verrin, Belmara County",Z3,Y,Frame,2020,Homeowners,247700.0,2024-10-07,1412.88
GC-004497,Kristy Thomas,"665 Amanda Lakes, Marsh Point, Belmara County",Z2,Y,Frame,1984,Homeowners,780100.0,2024-06-27,4841.26
GC-004498,Margaret Rodriguez,"274 Sandoval Harbor, Hollow Bay, Belmara County",Z5,N,Frame,2005,Homeowners,137600.0,2025-05-30,508.39
GC-004499,Gregory Wu,"0763 Thomas Spurs, Port Alden, Belmara County",Z1,Y,Frame,1995,Commercial,1147400.0,2024-02-04,8754.45
GC-004500,Jennifer Bradford,"3712 Kelly Gardens, Port Alden, Belmara County",Z1,Y,Masonry Veneer,1990,Homeowners,389900.0,2021-12-08,2160.56
GC-004501,Anthony Shields,"304 Kelsey Plains Suite 323, Marsh Point, Belmara County",Z2,Y,Superior (Reinforced Concrete),1997,Commercial,1549500.0,2021-06-07,8161.25
GC-004502,Christopher Howard,"4744 Randy Overpass Apt. 521, Port Alden, Belmara County",Z1,Y,Superior (Reinforced Concrete),2014,Commercial,1688800.0,2026-04-20,8585.86
GC-004503,Joseph Evans,"974 Christine Track, Cape Verrin, Belmara County",Z3,Y,Frame,1971,Commercial,691900.0,2021-07-29,5764.5
GC-004504,Lauren Adams,"7935 Christine Valleys Suite 621, Millbrook, Belmara County",Z6,N,Frame,1999,Homeowners,185200.0,2021-10-26,700.62
GC-004505,Donna Bush,"67188 Sarah Street Suite 013, Millbrook, Belmara County",Z6,N,Superior (Reinforced Concrete),1997,Commercial,1635600.0,2024-11-24,5557.9
GC-004506,Kevin Gutierrez,"22177 Lawrence Valleys Apt. 447, Ridgeview, Belmara County",Z4,N,Superior (Reinforced Concrete),2024,Homeowners,197800.0,2023-07-10,506.37
GC-004507,Christopher Tate,"37697 Heather Dam Suite 624, Hollow Bay, Belmara County",Z5,N,Frame,2024,Homeowners,194300.0,2025-01-11,715.02
GC-004508,Jason Whitehead,"00798 Jared Forge Apt. 787, Port Alden, Belmara County",Z1,Y,Frame,2008,Homeowners,337000.0,2026-02-12,1922.25
GC-004509,Mary Diaz,"92118 Spencer Terrace Apt. 626, Port Alden, Belmara County",Z1,Y,Superior (Reinforced Concrete),2007,Homeowners,470000.0,2023-04-26,1864.96
GC-004510,Shannon Fox,"51059 Lewis Hills Suite 850, Marsh Point, Belmara County",Z2,Y,Masonry,2010,Homeowners,279000.0,2025-08-08,1314.65
GC-004511,Edward Jensen,"9293 Rowe Vista Apt. 662, Ridgeview, Belmara County",Z4,N,Superior (Reinforced Concrete),2012,Homeowners,323000.0,2021-05-22,826.88
GC-004512,Michaela Lynch,"792 Fernandez Lights, Port Alden, Belmara County",Z1,Y,Frame,1990,Homeowners,259700.0,2021-10-10,1576.13
GC-004513,Robert Simmons,"6396 Hall Landing Apt. 736, Cape Verrin, Belmara County",Z3,Y,Masonry Veneer,2017,Homeowners,182200.0,2023-03-30,948.9
GC-004514,Richard Chavez,"40841 Stephanie Fort Apt. 117, Ridgeview, Belmara County",Z4,N,Masonry Veneer,1981,Commercial,1137500.0,2026-03-03,5386.63
GC-004515,Chase Stephens,"79077 Martinez Path, Cape Verrin, Belmara County",Z3,Y,Frame,1992,Homeowners,328800.0,2021-04-19,1980.5
GC-004516,Jason Jones,"0280 Pamela Points Apt. 222, Marsh Point, Belmara County",Z2,Y,Frame,2024,Homeowners,211300.0,2023-06-12,1205.26
GC-004517,Elizabeth Hughes,"651 Hale Lake, Port Alden, Belmara County",Z1,Y,Masonry,1995,Homeowners,256000.0,2022-03-21,1259.35
GC-004518,Jennifer Haney,"7043 James Ports Apt. 384, Marsh Point, Belmara County",Z2,Y,Masonry Veneer,1991,Homeowners,394700.0,2025-03-31,2178.93
GC-004519,Kenneth Wilson,"176 Johnston Lakes Suite 742, Marsh Point, Belmara County",Z2,Y,Masonry Veneer,1984,Homeowners,181300.0,2026-02-28,1027.3
GC-004520,Ryan Bradley,"70547 Brandon River Apt. 646, Marsh Point, Belmara County",Z2,Y,Frame,1968,Homeowners,420200.0,2023-06-11,2761.14
GC-004521,Renee Matthews,"9471 Jacqueline Lodge Apt. 731, Millbrook, Belmara County",Z6,N,Frame,2023,Homeowners,366100.0,2021-04-19,1347.25
GC-004522,Amber Middleton,"776 Pugh Cape Apt. 220, Marsh Point, Belmara County",Z2,Y,Masonry,1975,Commercial,1182500.0,2022-01-03,8024.29
GC-004523,Thomas Barker,"2382 John Island Apt. 209, Marsh Point, Belmara County",Z2,Y,Masonry,2024,Homeowners,281100.0,2023-05-25,1324.54
GC-004524,Christopher Green,"621 Joyce Brooks Apt. 540, Hollow Bay, Belmara County",Z5,N,Frame,2017,Commercial,1111000.0,2026-03-10,5238.36
GC-004525,Ashley Henson,"4525 Davis Trail Suite 569, Port Alden, Belmara County",Z1,Y,Frame,1970,Commercial,413600.0,2026-06-06,3457.96
GC-004526,Jennifer Charles,"92628 Wood Overpass Apt. 031, Port Alden, Belmara County",Z1,Y,Masonry Veneer,2001,Homeowners,348000.0,2025-08-16,1848.63
GC-004527,Craig Smith,"3288 Pugh Ports, Millbrook, Belmara County",Z6,N,Frame,1996,Homeowners,179500.0,2024-07-04,686.98
GC-004528,Jodi Greene,"9981 Jeffrey Ville, Hollow Bay, Belmara County",Z5,N,Masonry,1995,Commercial,1242700.0,2021-09-04,5053.29
GC-004529,Anthony Turner,"1136 Coleman Ridges, Port Alden, Belmara County",Z1,Y,Frame,1956,Homeowners,430900.0,2024-10-08,2949.42
GC-004530,Tyler Mckinney,"580 Carol Divide Suite 790, Port Alden, Belmara County",Z1,Y,Masonry,1981,Homeowners,227000.0,2025-06-23,1176.59
GC-004531,Tyrone Weaver,"1895 Jessica Glen Apt. 970, Hollow Bay, Belmara County",Z5,N,Frame,1997,Homeowners,236600.0,2025-04-25,902.03
GC-004532,Patrick Ford,"38004 Jonathan Via Apt. 269, Hollow Bay, Belmara County",Z5,N,Masonry,2016,Homeowners,279600.0,2026-03-01,849.98
GC-004533,Madison Martinez,"2320 Patricia Square, Port Alden, Belmara County",Z1,Y,Masonry,2010,Commercial,1236000.0,2024-09-16,7462.04
GC-004534,Kristen Hughes,"33487 Christina Hills Apt. 114, Port Alden, Belmara County",Z1,Y,Masonry,1972,Commercial,622200.0,2025-03-27,4267.24
GC-004535,Douglas Harrison,"25141 Andrade Cliff Suite 312, Port Alden, Belmara County",Z1,Y,Frame,1995,Homeowners,298400.0,2025-02-05,1776.96
GC-004536,Chase Daniel,"247 Ewing Mountain Suite 035, Millbrook, Belmara County",Z6,N,Superior (Reinforced Concrete),2008,Homeowners,414700.0,2025-12-13,1061.63
GC-004537,Christine Johnson,"8417 Tracy Groves Apt. 697, Ridgeview, Belmara County",Z4,N,Frame,1977,Homeowners,266000.0,2021-08-12,1092.43
GC-004538,Deborah Perez,"3015 Rhonda Plaza, Marsh Point, Belmara County",Z2,Y,Masonry Veneer,1967,Commercial,1063900.0,2024-03-04,8206.6
GC-004539,Nicole Anderson,"92213 Natalie Burgs, Millbrook, Belmara County",Z6,N,Frame,1977,Commercial,817200.0,2021-09-27,4300.06
GC-004540,Frank Graves,"860 Martin Hills, Cape Verrin, Belmara County",Z3,Y,Superior (Reinforced Concrete),1995,Homeowners,210000.0,2025-11-26,869.94
GC-004541,Jason Gordon,"5129 Mckenzie Ridges, Millbrook, Belmara County",Z6,N,Frame,1990,Homeowners,166000.0,2023-02-05,649.98
GC-004542,Michael Thomas,"8679 David Well Apt. 278, Ridgeview, Belmara County",Z4,N,Masonry,1984,Homeowners,223800.0,2023-08-13,740.22
GC-004543,Wayne Love,"5612 Victoria Lodge Suite 521, Marsh Point, Belmara County",Z2,Y,Frame,1953,Commercial,500800.0,2021-05-24,4435.89
GC-004544,Michael Carlson,"16156 Kennedy Plaza Suite 971, Hollow Bay, Belmara County",Z5,N,Masonry,1981,Homeowners,541600.0,2022-11-22,1811.11
GC-004545,Benjamin Bright,"288 Alan Extension, Marsh Point, Belmara County",Z2,Y,Frame,1980,Homeowners,459900.0,2024-08-10,2896.09
GC-004546,Kristen Santiago,"7965 Roberts Knoll, Ridgeview, Belmara County",Z4,N,Masonry,2009,Homeowners,143500.0,2024-07-09,436.24
GC-004547,Jonathan Morris,"806 Kevin Prairie Suite 888, Hollow Bay, Belmara County",Z5,N,Masonry Veneer,1987,Homeowners,474500.0,2021-07-10,1715.49
GC-004548,Laura Roberts,"0602 Riley Bypass Suite 940, Marsh Point, Belmara County",Z2,Y,Masonry Veneer,1990,Homeowners,695900.0,2023-10-15,3856.2
GC-004549,Mathew Garcia,"07773 Amanda Parkway, Ridgeview, Belmara County",Z4,N,Frame,2002,Homeowners,212500.0,2025-11-13,794.51
GC-004550,Erin Smith,"36770 Thomas Park, Hollow Bay, Belmara County",Z5,N,Superior (Reinforced Concrete),1986,Homeowners,147100.0,2023-07-30,406.7
GC-004551,Heather Fernandez,"279 Kristin Divide, Millbrook, Belmara County",Z6,N,Masonry,1996,Commercial,2035700.0,2023-11-18,8246.21
GC-004552,Thomas Taylor,"884 Kevin Common Suite 274, Port Alden, Belmara County",Z1,Y,Masonry,1990,Homeowners,397100.0,2021-01-24,1990.89
GC-004553,Brent Powers,"54448 Smith Springs, Hollow Bay, Belmara County",Z5,N,Superior (Reinforced Concrete),2023,Homeowners,331100.0,2021-09-14,847.62
GC-004554,Jason Jones,"8107 John Orchard, Hollow Bay, Belmara County",Z5,N,Frame,2001,Homeowners,532100.0,2025-09-20,1997.29
GC-004555,Mr. Patrick Hall,"46073 Jackson Inlet Apt. 324, Ridgeview, Belmara County",Z4,N,Masonry Veneer,1985,Homeowners,310600.0,2023-11-07,1131.28
GC-004556,Eric Smith,"78563 Gonzalez Cliff, Port Alden, Belmara County",Z1,Y,Masonry,2010,Homeowners,368500.0,2022-12-16,1736.37
GC-004557,Jacob Johnson,"043 Rhonda Pines, Hollow Bay, Belmara County",Z5,N,Masonry,1991,Homeowners,451700.0,2021-07-05,1455.56
GC-004558,Kimberly Coleman,"5646 Patrick Ford Apt. 094, Hollow Bay, Belmara County",Z5,N,Masonry Veneer,2013,Homeowners,326500.0,2024-01-14,1097.04
GC-004559,Anna Romero,"19990 Potts Via Apt. 146, Ridgeview, Belmara County",Z4,N,Superior (Reinforced Concrete),1986,Homeowners,228600.0,2021-08-30,632.03
GC-004560,Jose Andrade,"273 Joseph Loaf, Marsh Point, Belmara County",Z2,Y,Frame,1984,Homeowners,267100.0,2021-09-12,1657.61
GC-004561,Richard Davis,"2508 John Trail Suite 396, Ridgeview, Belmara County",Z4,N,Frame,1989,Commercial,1592000.0,2023-02-22,8016.71
GC-004562,Jessica Sims,"773 John Estate Suite 929, Marsh Point, Belmara County",Z2,Y,Masonry Veneer,1976,Homeowners,250800.0,2021-08-22,1462.91
GC-004563,Brandon Hall,"61869 Powell Knolls Suite 927, Ridgeview, Belmara County",Z4,N,Masonry Veneer,2007,Homeowners,182000.0,2024-09-02,611.52
GC-004564,Jacob Bradshaw,"582 Miller Walks Suite 913, Marsh Point, Belmara County",Z2,Y,Masonry Veneer,1976,Homeowners,561000.0,2025-01-01,3272.29
GC-004565,Daniel Malone,"58025 Jackson Rapid, Marsh Point, Belmara County",Z2,Y,Masonry Veneer,1975,Homeowners,266800.0,2025-03-21,1561.79
GC-004566,John Williams,"42414 Heather Mall Suite 626, Cape Verrin, Belmara County",Z3,Y,Masonry Veneer,2024,Homeowners,364400.0,2025-02-17,1897.8
GC-004567,James Scott,"00724 Yoder Loaf Apt. 531, Ridgeview, Belmara County",Z4,N,Masonry,2005,Homeowners,196800.0,2024-04-18,600.67
GC-004568,Lisa Castillo,"4766 Trevor Stream, Marsh Point, Belmara County",Z2,Y,Superior (Reinforced Concrete),1991,Homeowners,100400.0,2024-11-25,422.29
GC-004569,Dr. Eric Mcgee,"78412 Bowman Trail Apt. 282, Port Alden, Belmara County",Z1,Y,Frame,2015,Commercial,1637600.0,2021-08-28,11967.99
GC-004570,Brian Ramirez,"9994 Brandi Square Apt. 681, Port Alden, Belmara County",Z1,Y,Frame,1997,Homeowners,248600.0,2021-02-22,1469.06
GC-004571,Jimmy Morales,"040 Kennedy Field, Marsh Point, Belmara County",Z2,Y,Masonry,2000,Homeowners,142900.0,2026-03-27,689.51
GC-004572,Rick Zuniga,"106 Joshua Club Suite 569, Millbrook, Belmara County",Z6,N,Masonry,1984,Homeowners,649000.0,2025-06-22,2146.58
GC-004573,Scott Hale,"1205 Rodriguez Turnpike Apt. 807, Port Alden, Belmara County",Z1,Y,Frame,1974,Homeowners,571800.0,2026-01-30,3679.03
GC-004574,Shirley Evans,"16962 Nicole Drive Apt. 362, Millbrook, Belmara County",Z6,N,Frame,1989,Homeowners,109900.0,2024-08-02,431.93
GC-004575,Andre Watson II,"78956 Sharon Islands, Hollow Bay, Belmara County",Z5,N,Frame,1984,Commercial,6316500.0,2021-11-10,32403.14
GC-004576,Darrell Santos,"90458 Robinson Plaza, Cape Verrin, Belmara County",Z3,Y,Masonry,2006,Homeowners,427100.0,2023-11-23,2012.5
GC-004577,Larry Cox,"50045 Julie Brooks Suite 660, Cape Verrin, Belmara County",Z3,Y,Frame,1986,Homeowners,231800.0,2021-05-12,1427.96
GC-004578,Jose Lane,"439 Matthew Pine, Cape Verrin, Belmara County",Z3,Y,Masonry,2007,Homeowners,327400.0,2021-10-04,1542.71
GC-004579,Danielle Moore,"0211 Daniels Loaf Suite 028, Millbrook, Belmara County",Z6,N,Masonry Veneer,1989,Commercial,431000.0,2021-11-13,1981.63
GC-004580,Teresa White,"9896 Oneal Wall, Port Alden, Belmara County",Z1,Y,Frame,2021,Homeowners,232600.0,2022-05-11,1326.75
GC-004581,Mary Davis,"154 Tammy Unions Apt. 153, Cape Verrin, Belmara County",Z3,Y,Masonry,1975,Homeowners,296100.0,2023-04-18,1568.23
GC-004582,Courtney Gray,"9347 Perez Fort Suite 267, Port Alden, Belmara County",Z1,Y,Superior (Reinforced Concrete),2008,Homeowners,177800.0,2022-05-17,705.51
GC-004583,Paula Burnett,"1155 Hart Club Suite 096, Ridgeview, Belmara County",Z4,N,Masonry,2015,Commercial,2311000.0,2022-12-12,9001.34
GC-004584,Anthony Gonzales,"6017 Erica Road Suite 147, Cape Verrin, Belmara County",Z3,Y,Masonry Veneer,1978,Homeowners,341500.0,2021-10-27,1977.73
GC-004585,Jesse Mccall,"79727 Alexander View, Marsh Point, Belmara County",Z2,Y,Frame,1997,Homeowners,314700.0,2024-07-01,1859.67
GC-004586,Lisa Weber,"5217 Baxter Shoal Suite 589, Port Alden, Belmara County",Z1,Y,Superior (Reinforced Concrete),1993,Homeowners,330400.0,2024-04-14,1379.2
GC-004587,Kimberly Adams,"443 Elizabeth Pike Suite 145, Cape Verrin, Belmara County",Z3,Y,Masonry,1970,Homeowners,211800.0,2024-09-24,1141.71
GC-004588,Kenneth Lutz,"81567 Day Pines Apt. 561, Ridgeview, Belmara County",Z4,N,Frame,2024,Homeowners,271500.0,2024-05-28,999.12
GC-004589,Alex Zhang,"76391 Dawson Trail, Marsh Point, Belmara County",Z2,Y,Masonry,1973,Homeowners,135300.0,2026-04-19,721.69
GC-004590,Paula Porter,"8765 Phillips Walks Suite 181, Hollow Bay, Belmara County",Z5,N,Masonry,2002,Commercial,659600.0,2023-07-05,2610.25
GC-004591,Karen Arellano,"96199 Barton Villages Suite 117, Cape Verrin, Belmara County",Z3,Y,Masonry,1991,Homeowners,304200.0,2025-03-23,1519.39
GC-004592,Trevor Underwood,"0602 Austin Courts Suite 269, Port Alden, Belmara County",Z1,Y,Frame,2010,Homeowners,99700.0,2021-03-31,568.69
GC-004593,Tyrone Mclean,"8332 Nicolas Fords, Port Alden, Belmara County",Z1,Y,Masonry,1989,Homeowners,578200.0,2024-10-29,2909.74
GC-004594,Christina Cunningham,"3698 Karen Cape, Cape Verrin, Belmara County",Z3,Y,Masonry Veneer,1966,Commercial,570100.0,2021-03-08,4412.8
GC-004595,John Barker,"67156 Danielle Stream Suite 012, Marsh Point, Belmara County",Z2,Y,Masonry,1970,Homeowners,246300.0,2025-04-06,1327.69
GC-004596,Theresa Lewis,"541 Hill Burg Suite 150, Port Alden, Belmara County",Z1,Y,Frame,1961,Homeowners,224600.0,2025-06-11,1511.72
GC-004597,Mark Byrd,"85300 Murphy Mountains Suite 859, Hollow Bay, Belmara County",Z5,N,Masonry,2010,Homeowners,311200.0,2023-09-30,946.05
GC-004598,Christian Martinez,"65977 May Hills, Marsh Point, Belmara County",Z2,Y,Masonry,1960,Homeowners,176300.0,2024-08-11,983.58
GC-004599,Mark Miller,"42068 Charles Extensions, Cape Verrin, Belmara County",Z3,Y,Superior (Reinforced Concrete),1979,Homeowners,268700.0,2022-05-12,1181.35
GC-004600,Jonathan Ramirez,"8708 Lauren Ridge Suite 211, Port Alden, Belmara County",Z1,Y,Frame,1972,Homeowners,433500.0,2023-11-04,2808.97
GC-004601,Karen Thomas,"6583 Drake Rapids, Port Alden, Belmara County",Z1,Y,Superior (Reinforced Concrete),1983,Homeowners,290200.0,2024-12-09,1257.45
GC-004602,April Paul,"6581 Robert Lodge, Ridgeview, Belmara County",Z4,N,Frame,1986,Homeowners,401100.0,2021-06-01,1594.13
GC-004603,Carol Moyer,"610 Craig Walks, Port Alden, Belmara County",Z1,Y,Masonry,1979,Homeowners,287900.0,2023-06-29,1503.1
GC-004604,Michael Johnson,"99478 Patricia Pines Apt. 460, Cape Verrin, Belmara County",Z3,Y,Superior (Reinforced Concrete),1998,Commercial,1908000.0,2021-02-23,10010.68
GC-004605,Victoria Hansen,"740 Knight Walks Suite 344, Port Alden, Belmara County",Z1,Y,Frame,1989,Homeowners,183800.0,2025-08-05,1119.69
GC-004606,Brian Maddox,"6619 Lopez Forges Apt. 392, Marsh Point, Belmara County",Z2,Y,Masonry Veneer,2013,Homeowners,135700.0,2023-11-17,706.73
GC-004607,Alexandra Stark,"1032 Philip Vista Apt. 872, Port Alden, Belmara County",Z1,Y,Frame,1976,Commercial,664500.0,2021-03-31,5439.09
GC-004608,John Johnson,"119 Megan Plain Apt. 090, Marsh Point, Belmara County",Z2,Y,Masonry Veneer,1991,Homeowners,342300.0,2023-12-17,1889.66
GC-004609,Mark Miller,"91930 Anderson Bypass Apt. 859, Port Alden, Belmara County",Z1,Y,Superior (Reinforced Concrete),2005,Commercial,1214200.0,2022-05-21,6197.68
GC-004610,Gregory Mendoza,"87656 Livingston Ferry, Cape Verrin, Belmara County",Z3,Y,Masonry Veneer,1973,Homeowners,492400.0,2024-12-26,2902.92
GC-004611,Christopher Price,"038 Martinez Court Suite 992, Port Alden, Belmara County",Z1,Y,Frame,1986,Commercial,1068600.0,2026-02-05,8434.36
GC-004612,Dennis Thompson,"4066 Melissa Ports Apt. 220, Cape Verrin, Belmara County",Z3,Y,Frame,2010,Homeowners,334400.0,2023-07-29,1907.42
GC-004613,Katherine Cruz,"618 Kaitlyn Points Apt. 559, Marsh Point, Belmara County",Z2,Y,Frame,1991,Homeowners,219100.0,2023-04-26,1324.73
GC-004614,Daniel Trujillo,"724 Bennett Circle, Marsh Point, Belmara County",Z2,Y,Masonry,2007,Commercial,1277200.0,2021-12-03,7710.78
GC-004615,Angela Thompson,"617 Alicia Creek, Ridgeview, Belmara County",Z4,N,Frame,2022,Homeowners,371900.0,2025-10-08,1368.59
GC-004616,Danny Holmes,"3242 Pamela Spurs Suite 703, Marsh Point, Belmara County",Z2,Y,Masonry Veneer,1987,Homeowners,210100.0,2025-05-21,1177.36
GC-004617,Keith Brooks,"7072 Wilkinson Summit, Port Alden, Belmara County",Z1,Y,Masonry,1993,Homeowners,319600.0,2022-01-13,1584.26
GC-004618,Lindsay Lyons,"998 Peggy Village Apt. 721, Millbrook, Belmara County",Z6,N,Masonry Veneer,1994,Homeowners,217000.0,2024-11-27,764.12
GC-004619,Crystal Williams,"167 Paul Spurs Suite 270, Marsh Point, Belmara County",Z2,Y,Frame,1971,Homeowners,228000.0,2023-07-06,1482.58
GC-004620,Nicholas Miller,"2108 Alexander Ford, Port Alden, Belmara County",Z1,Y,Masonry Veneer,1997,Homeowners,241600.0,2023-05-01,1303.55
GC-004621,Alicia Glover,"3193 Bridges Tunnel, Ridgeview, Belmara County",Z4,N,Frame,2002,Homeowners,239000.0,2024-11-10,893.59
GC-004622,Ryan Hays,"892 Brian View, Port Alden, Belmara County",Z1,Y,Frame,2006,Homeowners,265000.0,2024-10-22,1511.56
GC-004623,David Ford,"87713 Kevin Walk Apt. 876, Hollow Bay, Belmara County",Z5,N,Frame,1996,Homeowners,245500.0,2024-11-02,939.58
GC-004624,Alison Matthews,"779 Campbell Stravenue, Port Alden, Belmara County",Z1,Y,Frame,1969,Commercial,1129300.0,2022-03-06,9474.68
GC-004625,Jesus Johnson,"525 Megan Trafficway Apt. 385, Marsh Point, Belmara County",Z2,Y,Frame,1957,Homeowners,208800.0,2021-06-18,1424.43
GC-004626,Tiffany Perez,"448 Stokes Crossing Suite 442, Ridgeview, Belmara County",Z4,N,Frame,2006,Homeowners,203700.0,2024-08-18,749.62
GC-004627,Christine Scott,"8855 Albert Pine, Ridgeview, Belmara County",Z4,N,Masonry Veneer,1989,Homeowners,302800.0,2026-03-14,1086.59
GC-004628,Madeline Garcia,"87485 Christopher Rapids, Hollow Bay, Belmara County",Z5,N,Masonry,1985,Homeowners,306100.0,2026-02-06,1008.71
GC-004629,Rachel Camacho,"6087 Madison Junction Suite 777, Millbrook, Belmara County",Z6,N,Superior (Reinforced Concrete),2000,Homeowners,296600.0,2024-01-22,777.52
GC-004630,Tracy Blake,"768 Miguel Curve, Cape Verrin, Belmara County",Z3,Y,Masonry,1950,Commercial,1322500.0,2025-10-01,9772.74
GC-004631,Joseph Morton,"16219 Scott Haven, Port Alden, Belmara County",Z1,Y,Frame,1990,Homeowners,320800.0,2023-10-21,1946.95
GC-004632,Randy Harris,"151 Roberts Crescent Apt. 704, Marsh Point, Belmara County",Z2,Y,Frame,1984,Homeowners,243300.0,2025-12-29,1509.91
GC-004633,Glenda Greene,"9230 Neal Manors Apt. 901, Marsh Point, Belmara County",Z2,Y,Masonry,1977,Homeowners,416200.0,2023-11-29,2188.63
GC-004634,Devon Holmes,"52467 Carol Circle Suite 473, Port Alden, Belmara County",Z1,Y,Frame,2005,Commercial,465000.0,2022-03-26,3411.93
GC-004635,Allison Rice,"58983 Jessica Fords Suite 951, Marsh Point, Belmara County",Z2,Y,Frame,2015,Homeowners,335900.0,2023-03-31,1915.97
GC-004636,Darrell Berger,"954 Dennis Falls Suite 693, Cape Verrin, Belmara County",Z3,Y,Masonry,1977,Homeowners,332600.0,2026-02-18,1749.01
GC-004637,Caleb Williamson,"777 Kathleen Inlet, Hollow Bay, Belmara County",Z5,N,Masonry Veneer,2012,Homeowners,386900.0,2021-03-14,1299.98
GC-004638,Justin Jimenez,"884 Steven Creek, Marsh Point, Belmara County",Z2,Y,Superior (Reinforced Concrete),1983,Homeowners,131800.0,2024-01-07,571.1
GC-004639,Misty Coleman,"5539 Abigail Brook Apt. 476, Marsh Point, Belmara County",Z2,Y,Masonry,1998,Homeowners,356100.0,2023-06-05,1731.64
GC-004640,Jennifer Figueroa,"0668 Hernandez Forge Apt. 836, Hollow Bay, Belmara County",Z5,N,Frame,2005,Homeowners,171500.0,2025-06-10,633.64
GC-004641,Abigail Garrett,"18721 Ashley Stream, Ridgeview, Belmara County",Z4,N,Superior (Reinforced Concrete),2008,Homeowners,310300.0,2023-04-21,794.37
GC-004642,Alan Martin,"6572 Amanda Shores, Port Alden, Belmara County",Z1,Y,Frame,2024,Homeowners,873700.0,2022-08-23,4983.58
GC-004643,Nicholas Jones,"91364 Hannah Ramp Suite 805, Ridgeview, Belmara County",Z4,N,Superior (Reinforced Concrete),1980,Commercial,1495800.0,2021-06-08,5416.47
GC-004644,Angela Fuentes,"7735 Joe Crest, Ridgeview, Belmara County",Z4,N,Frame,1979,Homeowners,268000.0,2022-03-24,1092.75
GC-004645,Kendra Matthews,"63228 Gomez Walks Apt. 366, Cape Verrin, Belmara County",Z3,Y,Masonry,2017,Homeowners,221600.0,2024-06-12,1044.18
GC-004646,Stacy Smith,"52179 Yvonne Coves, Millbrook, Belmara County",Z6,N,Frame,1976,Commercial,627500.0,2023-05-28,3313.7
GC-004647,Justin Rosario,"05102 Miller Brook, Marsh Point, Belmara County",Z2,Y,Superior (Reinforced Concrete),1966,Homeowners,447100.0,2022-03-06,2057.95
GC-004648,Martin Miller,"960 Bennett Gardens Apt. 094, Cape Verrin, Belmara County",Z3,Y,Masonry Veneer,2012,Homeowners,261300.0,2024-03-08,1360.85
GC-004649,Patrick Zimmerman,"8854 Jose Row Suite 458, Hollow Bay, Belmara County",Z5,N,Masonry,2016,Homeowners,321600.0,2022-09-19,977.66
GC-004650,Frederick Powell,"3330 Jeffrey Avenue, Port Alden, Belmara County",Z1,Y,Masonry,2002,Homeowners,165900.0,2025-12-29,794.23
GC-004651,Brett Contreras,"42530 Regina Roads, Port Alden, Belmara County",Z1,Y,Frame,2003,Homeowners,287600.0,2023-07-23,1660.16
GC-004652,Lori Davis,"01129 Anderson Oval Apt. 874, Marsh Point, Belmara County",Z2,Y,Masonry,1996,Commercial,1240200.0,2026-05-22,7786.89
GC-004653,James Butler,"370 Johnson Green Apt. 737, Port Alden, Belmara County",Z1,Y,Frame,1982,Commercial,2460400.0,2023-09-04,19707.42
GC-004654,Angela Young,"5462 Edwin Plain, Millbrook, Belmara County",Z6,N,Frame,2013,Homeowners,276900.0,2024-08-08,1018.99
GC-004655,Elizabeth Hines,"0097 Casey Trail Apt. 912, Ridgeview, Belmara County",Z4,N,Masonry,1981,Homeowners,272400.0,2021-02-13,910.91
GC-004656,Lawrence Brooks,"1418 Dean Hills, Cape Verrin, Belmara County",Z3,Y,Frame,1972,Homeowners,541600.0,2023-07-27,3509.43
GC-004657,Eric Hicks,"6084 Hart Groves Suite 956, Marsh Point, Belmara County",Z2,Y,Frame,1991,Homeowners,283700.0,2022-04-17,1715.32
GC-004658,Susan Summers,"5612 Kelly Cape Apt. 522, Port Alden, Belmara County",Z1,Y,Frame,1971,Homeowners,394600.0,2023-08-10,2565.91
GC-004659,Sonya Johnson,"0762 Jackson Courts, Hollow Bay, Belmara County",Z5,N,Masonry,2009,Homeowners,206400.0,2025-03-22,627.46
GC-004660,Brian Taylor,"94342 Andrew Dam, Marsh Point, Belmara County",Z2,Y,Frame,1960,Commercial,1266100.0,2022-05-14,10955.52
GC-004661,Sean Miller,"7873 Rodriguez Stravenue Apt. 723, Cape Verrin, Belmara County",Z3,Y,Masonry,1969,Homeowners,224200.0,2023-12-14,1212.78
GC-004662,Michael Perez,"36187 King Parks Suite 352, Cape Verrin, Belmara County",Z3,Y,Frame,2006,Homeowners,285800.0,2023-06-24,1630.2
GC-004663,Fernando Wright,"9951 Nelson Highway Apt. 604, Marsh Point, Belmara County",Z2,Y,Frame,1963,Homeowners,407400.0,2022-10-25,2723.5
GC-004664,Johnny Wu,"88486 Ronald Greens, Millbrook, Belmara County",Z6,N,Frame,2012,Homeowners,298100.0,2025-11-02,1097.01
GC-004665,Tanya Evans,"0969 John Parks, Port Alden, Belmara County",Z1,Y,Frame,1990,Homeowners,170400.0,2023-10-06,1034.17
GC-004666,John Vega,"5088 Miranda Flats, Millbrook, Belmara County",Z6,N,Masonry,1950,Homeowners,180500.0,2021-01-05,671.63
GC-004667,Kelly Cook,"52965 Timothy Vista Suite 768, Ridgeview, Belmara County",Z4,N,Frame,1978,Homeowners,228800.0,2021-06-11,936.29
GC-004668,Lisa Gomez,"350 Davis Pine Apt. 440, Ridgeview, Belmara County",Z4,N,Frame,2024,Commercial,1480800.0,2025-12-07,6981.97
GC-004669,Jack Green,"014 Nicole Radial Suite 033, Cape Verrin, Belmara County",Z3,Y,Masonry Veneer,1969,Homeowners,427300.0,2021-08-18,2554.73
GC-004670,David Stephens,"21104 Evans Ports Apt. 460, Port Alden, Belmara County",Z1,Y,Masonry,1985,Homeowners,227600.0,2021-02-17,1162.54
GC-004671,Cody Torres,"96663 Morrison Mall, Marsh Point, Belmara County",Z2,Y,Masonry,1995,Homeowners,171800.0,2024-04-28,845.14
GC-004672,Anthony Newton,"3904 Rogers Hill Apt. 623, Marsh Point, Belmara County",Z2,Y,Frame,1984,Homeowners,782500.0,2021-11-18,4856.16
GC-004673,Kyle Sims,"21081 Evelyn Canyon, Hollow Bay, Belmara County",Z5,N,Frame,2002,Homeowners,393400.0,2026-06-04,1470.88
GC-004674,John Lee,"77898 Michele Spurs, Millbrook, Belmara County",Z6,N,Frame,1991,Homeowners,325200.0,2023-04-14,1268.54
GC-004675,Reginald Chavez,"666 Galvan View, Port Alden, Belmara County",Z1,Y,Frame,1971,Homeowners,392900.0,2024-04-12,2554.86
GC-004676,Brandon Flores,"81272 Obrien Cape, Marsh Point, Belmara County",Z2,Y,Frame,1997,Homeowners,329400.0,2021-01-14,1946.54
GC-004677,Thomas Brown,"93469 Mendoza Gardens Suite 395, Ridgeview, Belmara County",Z4,N,Superior (Reinforced Concrete),1987,Commercial,843800.0,2022-11-02,2978.01
GC-004678,Shannon Thompson,"801 Townsend Shores Suite 849, Millbrook, Belmara County",Z6,N,Frame,2006,Commercial,913500.0,2022-08-07,4307.15
GC-004679,Sean Johnson,"02019 Noah Plain, Port Alden, Belmara County",Z1,Y,Frame,1982,Homeowners,243300.0,2022-10-23,1521.01
GC-004680,Shannon Brown,"3855 Cox Causeway, Millbrook, Belmara County",Z6,N,Superior (Reinforced Concrete),2004,Homeowners,199000.0,2021-06-15,513.52
GC-004681,Mark Davis,"614 Paul Manor Apt. 443, Millbrook, Belmara County",Z6,N,Frame,1971,Homeowners,303900.0,2021-12-12,1274.92
GC-004682,John Mccarthy,"110 Brian Fall Suite 491, Marsh Point, Belmara County",Z2,Y,Frame,1987,Homeowners,374600.0,2025-05-23,2299.11
GC-004683,Frank Chapman,"956 Taylor Drive Suite 531, Hollow Bay, Belmara County",Z5,N,Frame,1991,Homeowners,392300.0,2025-07-15,1530.28
GC-004684,Paul Donovan,"3725 Cooper Fork, Hollow Bay, Belmara County",Z5,N,Masonry,2012,Homeowners,322700.0,2025-10-09,981.01
GC-004685,Kathleen Moses,"8891 Anthony Village, Port Alden, Belmara County",Z1,Y,Masonry,1989,Homeowners,151100.0,2026-04-08,760.4
GC-004686,Amanda Johnson,"01277 Conner Loaf Suite 259, Ridgeview, Belmara County",Z4,N,Frame,1993,Commercial,1824600.0,2025-07-23,9050.34
GC-004687,Peter Stephens,"1128 Mason Extensions Apt. 727, Ridgeview, Belmara County",Z4,N,Masonry,1984,Homeowners,333800.0,2022-07-26,1104.05
GC-004688,Steven Welch,"940 Mcgrath Mountains, Port Alden, Belmara County",Z1,Y,Masonry Veneer,1985,Homeowners,490500.0,2025-01-17,2769.1
GC-004689,Kristine Sosa,"67161 Warren Hill, Hollow Bay, Belmara County",Z5,N,Frame,1977,Commercial,549700.0,2021-03-18,2892.49
GC-004690,Mary Gordon,"263 Shannon Ranch, Millbrook, Belmara County",Z6,N,Frame,2005,Homeowners,325200.0,2022-03-23,1201.52
GC-004691,Eric Brewer,"97333 Carrie Pike Suite 038, Millbrook, Belmara County",Z6,N,Masonry,1995,Homeowners,239200.0,2021-12-08,759.16
GC-004692,Donald Jackson,"270 Gilbert Road Apt. 444, Marsh Point, Belmara County",Z2,Y,Masonry,1986,Homeowners,184600.0,2023-11-18,939.42
GC-004693,Jean Clark,"4749 York Port Apt. 311, Millbrook, Belmara County",Z6,N,Frame,1989,Homeowners,475400.0,2024-10-04,1868.44
GC-004694,Travis Watson,"181 Ware Prairie, Millbrook, Belmara County",Z6,N,Frame,2020,Homeowners,333900.0,2024-07-13,1228.75
GC-004695,Joshua Jones,"8866 William Plaza, Port Alden, Belmara County",Z1,Y,Masonry,1992,Homeowners,202900.0,2024-05-23,1009.6
GC-004696,Crystal Young,"13952 Marcus Greens Suite 570, Marsh Point, Belmara County",Z2,Y,Frame,2024,Homeowners,231500.0,2025-10-04,1320.48
GC-004697,John Gardner,"13247 Melissa Field, Ridgeview, Belmara County",Z4,N,Frame,1992,Homeowners,423700.0,2024-09-27,1646.53
GC-004698,Brett Miller,"75745 Frey Trace, Cape Verrin, Belmara County",Z3,Y,Masonry,1989,Homeowners,370400.0,2026-02-28,1864.01
GC-004699,Matthew Lutz,"30165 Randall Motorway Suite 578, Marsh Point, Belmara County",Z2,Y,Frame,2010,Commercial,557600.0,2024-06-17,4075.08
GC-004700,Ruben Doyle,"6551 Thomas Point, Marsh Point, Belmara County",Z2,Y,Masonry,1974,Homeowners,144300.0,2024-08-31,766.97
GC-004701,Christian Tate,"17147 Nichole Extensions Apt. 945, Port Alden, Belmara County",Z1,Y,Masonry,1956,Homeowners,485400.0,2023-11-26,2744.65
GC-004702,Brett Sullivan,"64418 Kimberly Grove Apt. 085, Ridgeview, Belmara County",Z4,N,Masonry,2013,Commercial,1886400.0,2025-10-27,7347.53
GC-004703,Kelly Morton,"942 Kimberly Wells, Millbrook, Belmara County",Z6,N,Frame,2007,Homeowners,300100.0,2026-04-20,1104.37
GC-004704,Luis Steele,"979 Murphy Ports, Millbrook, Belmara County",Z6,N,Frame,2016,Homeowners,542600.0,2024-08-13,1996.77
GC-004705,Courtney Garcia,"87815 Odonnell Square Apt. 671, Port Alden, Belmara County",Z1,Y,Masonry,2022,Homeowners,289700.0,2025-10-19,1365.07
GC-004706,Frank Kennedy,"7885 Jessica Plaza Apt. 038, Port Alden, Belmara County",Z1,Y,Masonry Veneer,2017,Homeowners,240900.0,2022-02-12,1254.61
GC-004707,Sandra Thomas DDS,"401 Gould Heights Apt. 506, Millbrook, Belmara County",Z6,N,Frame,2006,Homeowners,263700.0,2025-11-19,970.42
GC-004708,Lauren Morgan,"811 Gregory Trafficway, Marsh Point, Belmara County",Z2,Y,Frame,1974,Commercial,1730600.0,2022-03-01,14266.56
GC-004709,Victoria Nichols,"8085 Heidi Ridges, Port Alden, Belmara County",Z1,Y,Superior (Reinforced Concrete),2017,Commercial,2277400.0,2026-05-03,11578.3
GC-004710,Sharon Chavez,"169 Roberts Dam Apt. 134, Port Alden, Belmara County",Z1,Y,Masonry,1977,Homeowners,482100.0,2023-03-01,2535.17
GC-004711,Melissa Castro,"957 Tammy Via Suite 700, Cape Verrin, Belmara County",Z3,Y,Frame,1971,Homeowners,207600.0,2025-03-08,1349.93
GC-004712,Joshua Carter,"224 Grant Path, Port Alden, Belmara County",Z1,Y,Frame,1979,Homeowners,325900.0,2022-12-07,2059.7
GC-004713,Rhonda Herrera,"38147 Meza Center, Millbrook, Belmara County",Z6,N,Frame,2008,Homeowners,274300.0,2024-08-30,1009.42
GC-004714,Kenneth Baxter,"629 Edward Tunnel, Ridgeview, Belmara County",Z4,N,Frame,1995,Homeowners,210500.0,2025-02-28,808.72
GC-004715,Rachel Dawson,"6210 Gonzalez Stravenue, Port Alden, Belmara County",Z1,Y,Masonry Veneer,1978,Homeowners,253800.0,2025-09-24,1469.83
GC-004716,Jeffrey Taylor,"6754 Michael Ports, Hollow Bay, Belmara County",Z5,N,Frame,2018,Homeowners,411700.0,2023-01-15,1515.06
GC-004717,Dr. David Morris II,"0883 Jennifer Points Apt. 948, Marsh Point, Belmara County",Z2,Y,Masonry Veneer,1982,Homeowners,136800.0,2023-07-26,780.85
GC-004718,Jeremy Eaton,"672 Taylor Stravenue Apt. 916, Cape Verrin, Belmara County",Z3,Y,Frame,1950,Homeowners,272200.0,2022-08-07,1900.42
GC-004719,Shelby Lewis,"47202 Veronica Prairie, Hollow Bay, Belmara County",Z5,N,Frame,1973,Homeowners,505100.0,2022-12-02,2104.13
GC-004720,Thomas Hogan,"770 Leslie Extension, Ridgeview, Belmara County",Z4,N,Masonry,1968,Commercial,1557400.0,2024-01-31,6988.12
GC-004721,Elizabeth Thompson,"3102 Lisa Court Apt. 367, Port Alden, Belmara County",Z1,Y,Masonry,2020,Homeowners,152600.0,2023-04-22,719.05
GC-004722,Deborah Johnson,"542 Johnson Radial, Marsh Point, Belmara County",Z2,Y,Masonry,1968,Homeowners,162200.0,2025-04-27,880.46
GC-004723,Ashley Huffman,"034 Anthony Motorway, Ridgeview, Belmara County",Z4,N,Frame,2004,Homeowners,174100.0,2026-03-31,645.81
GC-004724,Rodney Patton,"54508 Sandra Route, Ridgeview, Belmara County",Z4,N,Frame,2006,Homeowners,309200.0,2026-01-11,1137.86
GC-004725,Stephen Stephens,"581 Ramirez Plaza Suite 674, Cape Verrin, Belmara County",Z3,Y,Frame,1985,Homeowners,116300.0,2023-05-31,719.1
GC-004726,Brooke Lee,"2504 Ramirez Mountain Apt. 742, Cape Verrin, Belmara County",Z3,Y,Superior (Reinforced Concrete),2019,Homeowners,289900.0,2021-01-28,1150.32
GC-004727,Robert Stephens,"66124 Johnson Cliff Suite 012, Hollow Bay, Belmara County",Z5,N,Frame,1995,Homeowners,341300.0,2022-01-23,1311.25
GC-004728,Debra Horn,"116 Stephen Fall, Port Alden, Belmara County",Z1,Y,Frame,2005,Homeowners,204700.0,2023-03-06,1172.28
GC-004729,Allison Pace,"262 Nicholas Groves Suite 202, Marsh Point, Belmara County",Z2,Y,Masonry Veneer,2021,Homeowners,162600.0,2022-01-07,846.82
GC-004730,Cory Bowers,"92443 Brenda Summit, Ridgeview, Belmara County",Z4,N,Frame,2021,Homeowners,214500.0,2023-12-12,789.36
GC-004731,Elizabeth Beck,"642 Mcgee Station Suite 247, Hollow Bay, Belmara County",Z5,N,Masonry,2016,Homeowners,378600.0,2024-07-29,1150.94
GC-004732,Brenda Vasquez,"88970 Rocha Inlet, Millbrook, Belmara County",Z6,N,Frame,1996,Homeowners,249000.0,2023-11-28,952.97
GC-004733,Charles Clark,"5719 Elizabeth Springs Suite 342, Cape Verrin, Belmara County",Z3,Y,Frame,1996,Homeowners,143400.0,2021-03-31,850.67
GC-004734,Angela Thomas,"40781 Tammy Shore, Port Alden, Belmara County",Z1,Y,Frame,1987,Homeowners,143300.0,2025-01-25,879.5
GC-004735,Erik Anderson,"0383 Thompson Crescent, Port Alden, Belmara County",Z1,Y,Masonry Veneer,1992,Homeowners,362100.0,2021-07-02,1991.42
GC-004736,Connie Baker,"0649 David Crossroad Suite 716, Port Alden, Belmara County",Z1,Y,Frame,1987,Homeowners,505100.0,2022-03-14,3100.05
GC-004737,Donna Leon,"952 Wilson Forges Suite 564, Cape Verrin, Belmara County",Z3,Y,Masonry,1987,Homeowners,636900.0,2022-02-08,3229.15
GC-004738,James Munoz,"012 Paul Garden, Cape Verrin, Belmara County",Z3,Y,Frame,1974,Homeowners,586800.0,2023-02-23,3775.54
GC-004739,Travis Kelly,"497 Kline Mount Suite 646, Hollow Bay, Belmara County",Z5,N,Masonry,2009,Commercial,1536200.0,2024-07-08,5983.5
GC-004740,Kathleen Sanders,"9134 Phillip Prairie Suite 032, Hollow Bay, Belmara County",Z5,N,Superior (Reinforced Concrete),2009,Commercial,773800.0,2026-03-30,2538.06
GC-004741,Charles Rodriguez,"532 Griffith Heights Apt. 146, Cape Verrin, Belmara County",Z3,Y,Masonry,1972,Homeowners,365700.0,2025-04-14,1957.53
GC-004742,Alan Armstrong,"9005 Kathy Points, Millbrook, Belmara County",Z6,N,Frame,1997,Homeowners,149200.0,2022-10-17,568.82
GC-004743,Jacob Gallagher,"059 Amanda Forks Suite 653, Ridgeview, Belmara County",Z4,N,Masonry,2007,Homeowners,228100.0,2023-01-02,693.42
GC-004744,Laura Johnson,"8341 Amy Parks Suite 095, Port Alden, Belmara County",Z1,Y,Masonry Veneer,2020,Homeowners,174900.0,2022-11-16,910.88
GC-004745,Timothy Lewis,"5136 Johnson Stream Suite 220, Hollow Bay, Belmara County",Z5,N,Masonry,2024,Homeowners,229800.0,2022-01-11,698.59
GC-004746,Kristina Willis,"12155 Andrews Vista, Hollow Bay, Belmara County",Z5,N,Masonry Veneer,2013,Homeowners,288200.0,2022-04-17,968.35
GC-004747,Isabella Rowe,"97166 Morris Unions Apt. 601, Cape Verrin, Belmara County",Z3,Y,Frame,1992,Commercial,819900.0,2024-04-25,6327.59
GC-004748,Ashley Ruiz,"28032 Harris Flats, Port Alden, Belmara County",Z1,Y,Masonry,1974,Homeowners,373100.0,2024-07-08,1983.08
GC-004749,Shawn Adams,"9216 Jones Village, Millbrook, Belmara County",Z6,N,Frame,2006,Homeowners,529800.0,2021-08-12,1949.66
GC-004750,Kimberly Baxter,"6872 Wilson Park, Millbrook, Belmara County",Z6,N,Masonry Veneer,1978,Homeowners,499900.0,2021-08-26,1867.79
GC-004751,Adrian Martinez,"450 Michael Road, Port Alden, Belmara County",Z1,Y,Masonry Veneer,2012,Homeowners,241200.0,2023-12-10,1256.17
GC-004752,Jennifer Murray,"12131 Kyle Glens, Millbrook, Belmara County",Z6,N,Masonry Veneer,2023,Homeowners,250300.0,2025-05-06,841.01
GC-004753,Jane Terry,"136 Christian Forks, Cape Verrin, Belmara County",Z3,Y,Frame,1996,Homeowners,374300.0,2022-08-15,2220.41
GC-004754,Tiffany Scott,"14612 Matthew Plaza Suite 984, Ridgeview, Belmara County",Z4,N,Masonry Veneer,1980,Homeowners,431800.0,2021-06-01,1601.74
GC-004755,Jesse Robinson,"0074 Sandra Vista, Hollow Bay, Belmara County",Z5,N,Frame,2001,Homeowners,472800.0,2024-02-18,1774.7
GC-004756,Jaclyn Clark,"9417 Rodriguez Burgs, Marsh Point, Belmara County",Z2,Y,Frame,1988,Homeowners,272400.0,2023-10-12,1665.64
GC-004757,Joan Bailey,"255 Dixon Garden Suite 861, Hollow Bay, Belmara County",Z5,N,Frame,1998,Homeowners,289000.0,2026-02-24,1097.55
GC-004758,Steven Frazier,"050 Burnett Canyon Apt. 729, Cape Verrin, Belmara County",Z3,Y,Frame,1976,Homeowners,92200.0,2022-12-23,589.02
GC-004759,Michael Rice,"66673 Roberta Forest Suite 286, Marsh Point, Belmara County",Z2,Y,Superior (Reinforced Concrete),1994,Homeowners,160600.0,2025-12-12,667.85
GC-004760,Joshua Ellis,"0112 Justin Vista Suite 939, Port Alden, Belmara County",Z1,Y,Frame,1968,Homeowners,472100.0,2025-12-27,3102.17
GC-004761,David Nolan,"288 Kayla Mall, Port Alden, Belmara County",Z1,Y,Superior (Reinforced Concrete),1990,Homeowners,164100.0,2022-08-13,692.82
GC-004762,Mario Morton,"0287 Torres Mountain, Marsh Point, Belmara County",Z2,Y,Masonry,1987,Homeowners,290300.0,2026-05-16,1471.85
GC-004763,Janice Daniels,"57829 Joseph Summit, Cape Verrin, Belmara County",Z3,Y,Frame,1969,Homeowners,213000.0,2021-02-16,1394.76
GC-004764,Carlos Zamora,"8843 Brittany Fork, Port Alden, Belmara County",Z1,Y,Masonry,1968,Homeowners,259300.0,2025-11-26,1407.54
GC-004765,Rose Salinas,"62638 Jerry Creek Apt. 947, Hollow Bay, Belmara County",Z5,N,Frame,1980,Commercial,1212200.0,2021-01-07,6309.94
GC-004766,Natasha Mcdaniel,"5456 Michelle Shore Apt. 868, Ridgeview, Belmara County",Z4,N,Superior (Reinforced Concrete),2018,Homeowners,220600.0,2025-10-22,564.74
GC-004767,Janice Aguilar,"948 Lori Fall Suite 454, Ridgeview, Belmara County",Z4,N,Frame,1997,Homeowners,184000.0,2022-03-06,701.5
GC-004768,Virginia Anderson,"95911 Rodriguez Stream Apt. 644, Ridgeview, Belmara County",Z4,N,Masonry Veneer,2010,Homeowners,232200.0,2026-01-25,780.19
GC-004769,Julie Lane,"844 Jessica Crescent, Hollow Bay, Belmara County",Z5,N,Masonry Veneer,1990,Homeowners,172300.0,2021-12-16,615.98
GC-004770,Jillian Terry,"19617 Michael Walks, Port Alden, Belmara County",Z1,Y,Masonry,2011,Homeowners,159600.0,2022-12-26,752.04
GC-004771,Melanie Black,"271 Joseph Islands Apt. 289, Ridgeview, Belmara County",Z4,N,Masonry Veneer,1979,Homeowners,556200.0,2024-04-29,2070.67
GC-004772,Audrey Rodriguez,"4756 Peter Crossing Apt. 704, Cape Verrin, Belmara County",Z3,Y,Masonry Veneer,2016,Homeowners,959700.0,2026-06-02,4998.12
GC-004773,Michael Lee,"25068 Daniel Dam Apt. 358, Ridgeview, Belmara County",Z4,N,Frame,1950,Homeowners,172700.0,2025-01-07,777.9
GC-004774,David Townsend,"519 Walters Squares Suite 524, Cape Verrin, Belmara County",Z3,Y,Superior (Reinforced Concrete),1984,Commercial,1841100.0,2021-08-19,10183.85
GC-004775,Jack Knight,"59199 Rowe Knolls, Marsh Point, Belmara County",Z2,Y,Frame,1977,Commercial,1137900.0,2022-01-19,9280.72
GC-004776,Christopher Moore,"0259 Kelly Valleys Suite 542, Port Alden, Belmara County",Z1,Y,Frame,2014,Homeowners,532500.0,2021-04-10,3037.38
GC-004777,Andrew Phillips,"91298 West Gateway Suite 370, Marsh Point, Belmara County",Z2,Y,Masonry Veneer,1999,Commercial,1705100.0,2024-03-18,11696.28
GC-004778,Jessica Lewis,"01719 Burch Knolls, Marsh Point, Belmara County",Z2,Y,Frame,1969,Homeowners,631300.0,2025-06-13,4133.87
GC-004779,Karen Jordan,"516 Martinez Wells, Cape Verrin, Belmara County",Z3,Y,Superior (Reinforced Concrete),2012,Homeowners,184800.0,2024-10-31,733.29
GC-004780,Jay Boone,"8637 Velasquez Center Apt. 036, Marsh Point, Belmara County",Z2,Y,Frame,1982,Homeowners,221200.0,2025-09-25,1382.85
GC-004781,Tyler Black,"68717 Donovan Green, Marsh Point, Belmara County",Z2,Y,Masonry Veneer,1995,Homeowners,312100.0,2022-03-27,1696.94
GC-004782,Alicia Perez,"865 White Parkways, Cape Verrin, Belmara County",Z3,Y,Masonry,1950,Commercial,643800.0,2026-01-27,4757.42
GC-004783,Julie Gross,"74600 Natalie Course Apt. 588, Hollow Bay, Belmara County",Z5,N,Masonry,2012,Homeowners,159200.0,2025-11-21,483.97
GC-004784,Joseph Johnson,"1719 Powers Square, Ridgeview, Belmara County",Z4,N,Frame,2008,Homeowners,308500.0,2023-10-28,1135.28
GC-004785,Deanna Smith,"706 Fry Green, Ridgeview, Belmara County",Z4,N,Masonry,2010,Homeowners,207000.0,2025-07-07,629.28
GC-004786,Vincent Kennedy,"253 Donaldson Coves, Port Alden, Belmara County",Z1,Y,Masonry Veneer,1996,Homeowners,384400.0,2025-03-22,2082.03
GC-004787,Ryan Murphy,"40278 Brian Lake Apt. 130, Cape Verrin, Belmara County",Z3,Y,Frame,2003,Homeowners,158800.0,2024-01-05,916.66
GC-004788,Valerie Shannon,"11695 Michael Crossroad Apt. 345, Ridgeview, Belmara County",Z4,N,Frame,2024,Homeowners,539400.0,2023-03-02,1984.99
GC-004789,Amy Briggs,"71376 Morton Bridge Apt. 606, Ridgeview, Belmara County",Z4,N,Masonry,1981,Homeowners,164200.0,2025-09-13,549.08
GC-004790,Greg Walter,"0511 Gregory Stream Suite 014, Port Alden, Belmara County",Z1,Y,Masonry Veneer,1985,Homeowners,271000.0,2023-05-23,1529.92
GC-004791,Amanda Oliver,"89353 Shawn Streets Apt. 461, Marsh Point, Belmara County",Z2,Y,Frame,1971,Homeowners,173400.0,2021-08-29,1127.54
GC-004792,Michael Moore,"113 Miller Wells Apt. 268, Ridgeview, Belmara County",Z4,N,Masonry Veneer,1972,Homeowners,182100.0,2021-04-15,695.07
GC-004793,Shelley Cruz,"2738 Melissa Stream, Ridgeview, Belmara County",Z4,N,Masonry,2005,Homeowners,214200.0,2024-10-30,653.77
GC-004794,Lisa French,"0694 Campos Pass Suite 709, Port Alden, Belmara County",Z1,Y,Masonry Veneer,2018,Homeowners,403300.0,2023-05-26,2100.39
GC-004795,Sherry Harvey,"965 Henry Roads Apt. 944, Millbrook, Belmara County",Z6,N,Masonry Veneer,1996,Commercial,1417900.0,2021-05-04,6348.22
GC-004796,Veronica Schroeder,"307 Murphy Walks Suite 490, Marsh Point, Belmara County",Z2,Y,Masonry Veneer,1952,Homeowners,339800.0,2023-06-10,2151.93
GC-004797,Caroline Christensen,"7146 Knapp Bypass, Cape Verrin, Belmara County",Z3,Y,Frame,1967,Homeowners,358700.0,2023-02-03,2365.2
GC-004798,Megan Hernandez,"11837 Conley Cliff Apt. 818, Millbrook, Belmara County",Z6,N,Masonry,2005,Homeowners,398200.0,2024-05-18,1215.37
GC-004799,Kimberly Neal,"8011 Justin Alley, Hollow Bay, Belmara County",Z5,N,Masonry,1963,Homeowners,231400.0,2025-05-26,824.45
GC-004800,Maria Ramirez,"5325 Harrison Corners Apt. 951, Cape Verrin, Belmara County",Z3,Y,Frame,1978,Homeowners,185500.0,2025-02-11,1176.6
GC-004801,Angelica Carroll,"265 Chad Junctions Suite 146, Cape Verrin, Belmara County",Z3,Y,Masonry Veneer,2002,Homeowners,385900.0,2021-06-22,2041.92
GC-004802,Shawn Smith,"88887 Evans Turnpike, Millbrook, Belmara County",Z6,N,Frame,1996,Homeowners,175300.0,2023-06-12,670.91
GC-004803,David Mosley,"28556 Christian Throughway, Ridgeview, Belmara County",Z4,N,Masonry,2014,Homeowners,489800.0,2021-09-07,1488.99
GC-004804,David Mitchell,"073 Steven Wall, Cape Verrin, Belmara County",Z3,Y,Masonry,2017,Homeowners,652900.0,2026-03-18,3076.46
GC-004805,Michelle Jones,"77731 Albert Extension, Hollow Bay, Belmara County",Z5,N,Frame,1982,Homeowners,383400.0,2023-10-25,1546.36
GC-004806,Emma Cochran,"593 Mark Plains Suite 151, Cape Verrin, Belmara County",Z3,Y,Frame,1982,Homeowners,372700.0,2023-02-08,2329.97
GC-004807,Laura Williams,"4672 Briana Trail, Port Alden, Belmara County",Z1,Y,Frame,1998,Homeowners,485300.0,2025-12-12,2856.73
GC-004808,Sandra Schaefer,"88210 Gray Trail, Cape Verrin, Belmara County",Z3,Y,Masonry,1999,Homeowners,486000.0,2021-01-31,2354.15
GC-004809,Amanda Wade,"8704 Miguel Square Suite 769, Cape Verrin, Belmara County",Z3,Y,Frame,1991,Homeowners,186800.0,2023-03-08,1129.44
GC-004810,Jennifer Espinoza,"4966 Rachel Oval, Port Alden, Belmara County",Z1,Y,Frame,1999,Commercial,1515000.0,2023-04-21,11382.01
GC-004811,Casey Walters,"2380 Bryant Drives, Cape Verrin, Belmara County",Z3,Y,Frame,2009,Homeowners,283500.0,2021-05-12,1617.08
GC-004812,Samuel Singh,"96682 Perez Extension Apt. 426, Ridgeview, Belmara County",Z4,N,Frame,1996,Commercial,1241700.0,2023-10-28,6088.8
GC-004813,Nancy Carter,"68895 Tracey Cliffs Apt. 330, Millbrook, Belmara County",Z6,N,Masonry,2011,Homeowners,124700.0,2022-04-19,379.09
GC-004814,Elizabeth Davis,"48564 Adkins Haven Suite 624, Port Alden, Belmara County",Z1,Y,Frame,1967,Homeowners,348200.0,2022-07-22,2295.97
GC-004815,Reginald Cohen,"63166 Bridges Oval Apt. 003, Port Alden, Belmara County",Z1,Y,Frame,1987,Homeowners,212400.0,2023-10-15,1303.61
GC-004816,Kevin Scott,"2120 Lara Spring Suite 058, Ridgeview, Belmara County",Z4,N,Frame,2024,Homeowners,226300.0,2024-07-11,832.78
GC-004817,Ronald Saunders,"028 Courtney Center Apt. 724, Cape Verrin, Belmara County",Z3,Y,Masonry Veneer,1977,Homeowners,110600.0,2023-08-10,642.82
GC-004818,Antonio Rivera,"772 Nicholas Rapid, Marsh Point, Belmara County",Z2,Y,Masonry,1999,Homeowners,461600.0,2024-02-10,2235.96
GC-004819,Willie Myers,"49586 Christopher Islands Apt. 085, Ridgeview, Belmara County",Z4,N,Frame,1990,Commercial,1177900.0,2022-04-06,5909.24
GC-004820,Erica Nelson,"465 Samuel Parks, Port Alden, Belmara County",Z1,Y,Frame,2006,Commercial,545000.0,2024-06-18,3983.0
GC-004821,Lauren Haley,"1952 Davis Crossing, Marsh Point, Belmara County",Z2,Y,Frame,1969,Homeowners,199700.0,2023-04-20,1307.67
GC-004822,Julie Wade,"372 Whitney Trail Suite 485, Cape Verrin, Belmara County",Z3,Y,Frame,1963,Homeowners,251100.0,2026-04-16,1678.63
GC-004823,Julie Wright,"581 Clark Plaza, Marsh Point, Belmara County",Z2,Y,Masonry,1983,Homeowners,580700.0,2024-08-31,2987.99
GC-004824,Crystal Cameron,"362 May Lock Apt. 539, Ridgeview, Belmara County",Z4,N,Masonry,1987,Homeowners,246900.0,2021-09-09,807.62
GC-004825,Cynthia Cooper,"762 Smith Meadow, Ridgeview, Belmara County",Z4,N,Masonry,1987,Homeowners,287100.0,2021-03-14,939.12
GC-004826,Alexis Brown,"195 Laura Course Apt. 298, Port Alden, Belmara County",Z1,Y,Frame,1980,Commercial,325800.0,2022-08-03,2628.65
GC-004827,Corey Patterson,"45018 Anna Points Suite 037, Cape Verrin, Belmara County",Z3,Y,Frame,1973,Homeowners,177600.0,2024-10-18,1146.75
GC-004828,Micheal Cruz,"51426 Tamara Pine, Cape Verrin, Belmara County",Z3,Y,Masonry Veneer,1991,Homeowners,306500.0,2024-03-22,1692.03
GC-004829,Megan Anderson,"2121 Krystal Forest, Marsh Point, Belmara County",Z2,Y,Masonry Veneer,1981,Commercial,1040100.0,2023-07-28,7634.36
GC-004830,Christine Williams,"32897 Valentine Forks Suite 756, Port Alden, Belmara County",Z1,Y,Frame,1972,Homeowners,407000.0,2024-08-29,2637.26
GC-004831,Natasha Frederick,"108 Wood Bypass Suite 259, Hollow Bay, Belmara County",Z5,N,Masonry,1998,Homeowners,121100.0,2025-08-29,379.92
GC-004832,Natasha Lee MD,"133 Sarah Passage Suite 552, Millbrook, Belmara County",Z6,N,Frame,1989,Homeowners,214000.0,2025-04-19,841.07
GC-004833,Brandy Brooks,"422 Bolton Cliffs Suite 136, Port Alden, Belmara County",Z1,Y,Masonry,1969,Commercial,1032700.0,2026-04-21,7157.4
GC-004834,Brittany Ibarra,"33330 Patterson Valley Apt. 111, Hollow Bay, Belmara County",Z5,N,Frame,2023,Commercial,511300.0,2025-10-25,2410.78
GC-004835,Melissa Vasquez,"679 William Summit, Ridgeview, Belmara County",Z4,N,Superior (Reinforced Concrete),1987,Homeowners,137800.0,2026-02-16,379.58
GC-004836,Theresa Figueroa,"221 Chase Path Apt. 983, Ridgeview, Belmara County",Z4,N,Masonry Veneer,1976,Homeowners,134200.0,2021-01-12,505.02
GC-004837,Amber Olson,"30913 Crystal Rest, Cape Verrin, Belmara County",Z3,Y,Frame,1999,Commercial,1050200.0,2022-08-11,7890.03
GC-004838,Wendy Henderson,"08289 Sandoval Shore, Cape Verrin, Belmara County",Z3,Y,Frame,1999,Homeowners,292600.0,2023-03-09,1715.72
GC-004839,Madison Gardner,"35862 Nicole Land Apt. 588, Marsh Point, Belmara County",Z2,Y,Masonry,1978,Homeowners,114500.0,2023-03-08,599.95
GC-004840,Jodi Hopkins DVM,"076 Carroll Fall Suite 464, Cape Verrin, Belmara County",Z3,Y,Frame,1979,Homeowners,380000.0,2022-05-16,2401.61
GC-004841,Timothy Douglas,"8409 Gina Mountains Apt. 290, Millbrook, Belmara County",Z6,N,Masonry,1998,Homeowners,182400.0,2025-05-26,572.24
GC-004842,Susan Scott,"48980 Kevin Loaf, Ridgeview, Belmara County",Z4,N,Masonry,1992,Commercial,1571700.0,2022-04-13,6464.59
GC-004843,Krista Horn,"3915 Kelly Pass, Marsh Point, Belmara County",Z2,Y,Frame,1982,Homeowners,331400.0,2025-03-27,2071.77
GC-004844,Michael Le,"0348 Clay Harbor, Marsh Point, Belmara County",Z2,Y,Masonry,2003,Commercial,877400.0,2023-12-31,5360.65
GC-004845,Jason Knight,"263 Jorge Springs, Cape Verrin, Belmara County",Z3,Y,Frame,1986,Commercial,727100.0,2025-04-28,5738.93
GC-004846,Jonathon Jones,"9661 Torres Manors Suite 584, Port Alden, Belmara County",Z1,Y,Frame,1979,Homeowners,545100.0,2021-12-22,3445.05
GC-004847,Amy Steele,"1070 Wilson Glens Apt. 223, Port Alden, Belmara County",Z1,Y,Frame,1987,Homeowners,211600.0,2021-01-27,1298.7
GC-004848,Gina Combs,"65855 Gregory Trace Suite 094, Marsh Point, Belmara County",Z2,Y,Frame,2017,Homeowners,312900.0,2024-06-07,1784.78
GC-004849,Jeffrey Pham,"848 Cortez Circles Apt. 745, Marsh Point, Belmara County",Z2,Y,Frame,1976,Homeowners,719500.0,2025-10-08,4596.51
GC-004850,Eugene Powell,"3690 Rhonda Prairie, Port Alden, Belmara County",Z1,Y,Masonry,1979,Homeowners,101200.0,2023-05-23,528.35
GC-004851,Terri Crane,"65907 Hill Mill, Ridgeview, Belmara County",Z4,N,Frame,2020,Homeowners,177300.0,2023-05-10,652.46
GC-004852,Danielle Lee,"705 Rogers Burgs, Port Alden, Belmara County",Z1,Y,Masonry,2001,Homeowners,255500.0,2025-04-16,1227.99
GC-004853,William Underwood,"43172 Lyons Road, Port Alden, Belmara County",Z1,Y,Masonry,1998,Commercial,2174400.0,2024-04-11,13547.47
GC-004854,Melissa Davis,"40261 David Summit Suite 263, Ridgeview, Belmara County",Z4,N,Masonry Veneer,1996,Homeowners,242200.0,2025-10-14,846.34
GC-004855,Christine Miller,"857 Robertson Plaza Suite 620, Marsh Point, Belmara County",Z2,Y,Masonry,1997,Commercial,2862800.0,2021-09-01,17905.64
GC-004856,Dylan Smith,"86682 Martin Forks, Cape Verrin, Belmara County",Z3,Y,Frame,1988,Homeowners,255800.0,2024-04-18,1564.14
GC-004857,Amber Deleon,"9774 Andrea Club, Cape Verrin, Belmara County",Z3,Y,Masonry,2023,Homeowners,315400.0,2021-12-09,1486.16
GC-004858,Melissa Martinez,"513 Brittany Pine, Marsh Point, Belmara County",Z2,Y,Masonry Veneer,2009,Homeowners,335700.0,2022-06-16,1748.33
GC-004859,Joshua Duran,"3439 Reynolds Landing Suite 188, Marsh Point, Belmara County",Z2,Y,Masonry Veneer,1996,Commercial,812600.0,2026-02-05,5639.17
GC-004860,Joshua Gonzalez,"3745 Rodriguez Village Suite 274, Port Alden, Belmara County",Z1,Y,Masonry,1985,Homeowners,279300.0,2024-08-22,1426.61
GC-004861,Natasha Larson,"98071 John Manors, Hollow Bay, Belmara County",Z5,N,Masonry,1981,Homeowners,186200.0,2025-02-07,622.65
GC-004862,Brian Thomas,"5423 Sanchez Springs, Cape Verrin, Belmara County",Z3,Y,Frame,2005,Homeowners,330400.0,2025-01-17,1892.14
GC-004863,Jodi Miles,"1458 Miller Locks, Port Alden, Belmara County",Z1,Y,Frame,2003,Homeowners,282300.0,2024-06-21,1629.56
GC-004864,Chris Richardson,"3287 Flores Junction, Marsh Point, Belmara County",Z2,Y,Masonry,1988,Homeowners,237500.0,2026-04-22,1199.68
GC-004865,Michelle Mason,"42109 Garza Pike, Marsh Point, Belmara County",Z2,Y,Masonry,1990,Homeowners,340400.0,2023-01-31,1706.62
GC-004866,Judy Mckinney,"966 Mcdaniel Ports, Cape Verrin, Belmara County",Z3,Y,Masonry Veneer,2024,Homeowners,315700.0,2022-12-16,1644.17
GC-004867,Kevin Yang,"360 Perkins Ranch Apt. 978, Marsh Point, Belmara County",Z2,Y,Masonry,1952,Homeowners,206900.0,2025-10-25,1185.49
GC-004868,Lori Li,"983 Abigail Bridge Apt. 362, Hollow Bay, Belmara County",Z5,N,Masonry,2010,Homeowners,251700.0,2022-06-25,765.17
GC-004869,Jonathon Lee,"264 Olson Well Suite 563, Hollow Bay, Belmara County",Z5,N,Frame,1988,Homeowners,369700.0,2024-04-09,1458.45
GC-004870,Sara Thomas,"54678 Mason Point Apt. 595, Ridgeview, Belmara County",Z4,N,Masonry,1988,Homeowners,372100.0,2022-03-01,1212.63
GC-004871,Dustin Smith,"923 Yates Forges, Port Alden, Belmara County",Z1,Y,Masonry,2000,Homeowners,285100.0,2025-11-08,1375.63
GC-004872,Sharon Davis,"43880 John Stravenue Suite 249, Port Alden, Belmara County",Z1,Y,Superior (Reinforced Concrete),1986,Homeowners,223200.0,2024-02-19,956.51
GC-004873,Juan Phillips,"969 Stewart Fork, Port Alden, Belmara County",Z1,Y,Masonry,1987,Homeowners,438700.0,2024-07-11,2224.26
GC-004874,Stacy Hall,"1220 Taylor Views Suite 980, Marsh Point, Belmara County",Z2,Y,Frame,1971,Commercial,1342400.0,2026-04-15,11184.08
GC-004875,Aaron Rocha,"7032 Joel Vista, Hollow Bay, Belmara County",Z5,N,Masonry Veneer,2024,Homeowners,522000.0,2023-03-02,1753.92
GC-004876,Cheryl Ferguson,"68409 Ramirez Drive, Cape Verrin, Belmara County",Z3,Y,Superior (Reinforced Concrete),1974,Homeowners,180000.0,2022-07-28,805.66
GC-004877,Crystal Friedman,"5079 Gregory Way Apt. 082, Marsh Point, Belmara County",Z2,Y,Frame,2000,Homeowners,359500.0,2026-01-12,2099.8
GC-004878,Rebecca Evans,"06108 Stewart Valleys, Cape Verrin, Belmara County",Z3,Y,Superior (Reinforced Concrete),1988,Homeowners,334200.0,2021-02-15,1421.59
GC-004879,Mr. Kenneth Russell,"4151 William Falls, Cape Verrin, Belmara County",Z3,Y,Frame,1995,Homeowners,134900.0,2022-12-10,803.33
GC-004880,Brian Lambert,"950 Anthony Gardens, Port Alden, Belmara County",Z1,Y,Masonry,2023,Homeowners,568100.0,2023-03-11,2676.89
GC-004881,Shawn Moore,"99285 Justin Ferry, Ridgeview, Belmara County",Z4,N,Frame,2016,Homeowners,215600.0,2022-06-06,793.41
GC-004882,Evan Jackson Jr.,"161 Hannah Corner Suite 321, Cape Verrin, Belmara County",Z3,Y,Masonry,1965,Homeowners,248500.0,2022-04-13,1362.96
GC-004883,Leslie Shaw,"281 Randolph Way Apt. 519, Hollow Bay, Belmara County",Z5,N,Frame,2023,Homeowners,936200.0,2023-07-08,3445.22
GC-004884,Melissa Martinez,"817 Allen Shores Apt. 911, Cape Verrin, Belmara County",Z3,Y,Frame,1969,Homeowners,118800.0,2022-08-25,777.93
GC-004885,Robert Clark,"7014 Sherry Alley, Cape Verrin, Belmara County",Z3,Y,Frame,2014,Homeowners,316500.0,2023-12-09,1805.32
GC-004886,Tonya Craig,"64562 Crystal Ridges, Port Alden, Belmara County",Z1,Y,Frame,1959,Homeowners,370300.0,2021-10-31,2509.28
GC-004887,Lynn Thornton,"5293 Anderson Route, Cape Verrin, Belmara County",Z3,Y,Frame,1999,Homeowners,416900.0,2024-08-11,2444.58
GC-004888,Beth Paul,"5679 Nicole Manors Suite 127, Ridgeview, Belmara County",Z4,N,Frame,1980,Homeowners,268000.0,2024-06-25,1088.81
GC-004889,Tiffany Jensen,"013 Michael Ports Suite 253, Marsh Point, Belmara County",Z2,Y,Frame,1978,Homeowners,379200.0,2024-09-27,2405.21
GC-004890,Paul Collins,"73068 Delacruz Pass Suite 861, Hollow Bay, Belmara County",Z5,N,Frame,1998,Homeowners,114100.0,2026-03-24,433.32
GC-004891,Teresa Bryan,"285 Williams Bridge, Hollow Bay, Belmara County",Z5,N,Masonry,1999,Homeowners,278600.0,2025-01-31,870.66
GC-004892,Paul Patterson,"450 Luis Meadows Apt. 258, Cape Verrin, Belmara County",Z3,Y,Masonry,1996,Homeowners,329000.0,2023-11-25,1612.26
GC-004893,Brian Avila,"45982 Dunn Haven Suite 056, Port Alden, Belmara County",Z1,Y,Frame,1984,Homeowners,136400.0,2022-06-18,846.49
GC-004894,Ricardo Byrd,"91269 Lee Gardens Apt. 453, Marsh Point, Belmara County",Z2,Y,Frame,1991,Homeowners,116000.0,2021-03-31,701.36
GC-004895,Edward Clark,"9788 Jason Causeway, Marsh Point, Belmara County",Z2,Y,Masonry,1966,Homeowners,268600.0,2021-06-28,1468.15
GC-004896,Mrs. Patricia Williams,"205 Green Ridges Apt. 344, Cape Verrin, Belmara County",Z3,Y,Masonry Veneer,2015,Homeowners,341200.0,2025-03-15,1776.97
GC-004897,Joshua Howard,"951 Burgess Square Apt. 950, Hollow Bay, Belmara County",Z5,N,Masonry,1982,Commercial,1026900.0,2026-04-03,4383.75
GC-004898,Shawn Goodwin,"920 Ramirez Lakes Suite 912, Ridgeview, Belmara County",Z4,N,Frame,2005,Homeowners,278900.0,2021-09-08,1030.46
GC-004899,Christine Davenport,"949 Mckee Curve Apt. 832, Ridgeview, Belmara County",Z4,N,Masonry,2007,Homeowners,212900.0,2021-05-02,647.22
GC-004900,Laura Contreras,"2796 Adam Harbors Suite 509, Cape Verrin, Belmara County",Z3,Y,Masonry Veneer,1973,Homeowners,443900.0,2026-03-01,2616.99
GC-004901,Sheila Compton,"416 Amy Village Apt. 810, Millbrook, Belmara County",Z6,N,Frame,1993,Homeowners,456500.0,2026-03-15,1767.28
GC-004902,Virginia Cortez DDS,"1211 James Gardens, Marsh Point, Belmara County",Z2,Y,Frame,1967,Homeowners,300000.0,2021-05-15,1978.15
GC-004903,Dr. Jessica Orozco,"6363 Brandon Springs Suite 335, Marsh Point, Belmara County",Z2,Y,Frame,1991,Homeowners,95300.0,2021-09-16,576.21
GC-004904,Shelia Miller,"0755 Bradley Vista Apt. 467, Hollow Bay, Belmara County",Z5,N,Masonry,1982,Homeowners,408600.0,2022-04-03,1361.39
GC-004905,Mrs. Tina Thomas DDS,"57741 Martinez Viaduct Suite 566, Millbrook, Belmara County",Z6,N,Masonry,1994,Homeowners,213800.0,2021-07-07,681.15
GC-004906,Stephanie Morales,"3365 Hicks Crescent, Port Alden, Belmara County",Z1,Y,Frame,1988,Homeowners,301300.0,2022-04-30,1842.36
GC-004907,Bradley Henderson,"9693 Juan Prairie Suite 234, Millbrook, Belmara County",Z6,N,Superior (Reinforced Concrete),1985,Homeowners,162700.0,2021-04-12,451.5
GC-004908,Jay Lowery,"56283 George Haven Suite 741, Cape Verrin, Belmara County",Z3,Y,Frame,1968,Homeowners,178100.0,2024-10-11,1170.3
GC-004909,Mr. Michael Perry DVM,"78676 Michael Haven, Ridgeview, Belmara County",Z4,N,Masonry,1983,Homeowners,328400.0,2024-06-10,1090.18
GC-004910,Frances Harris,"5498 Courtney Lock, Marsh Point, Belmara County",Z2,Y,Frame,1995,Homeowners,221200.0,2024-06-26,1317.24
GC-004911,Ryan Reyes,"0857 Torres Union Apt. 363, Marsh Point, Belmara County",Z2,Y,Frame,2001,Homeowners,394500.0,2022-11-29,2295.23
GC-004912,Sierra Anderson,"2271 Christopher Fork Suite 656, Marsh Point, Belmara County",Z2,Y,Masonry,2011,Homeowners,384600.0,2022-06-14,1812.24
GC-004913,David Lawson,"072 Becker Throughway Apt. 365, Cape Verrin, Belmara County",Z3,Y,Masonry,2010,Homeowners,193700.0,2022-12-23,912.71
GC-004914,Jennifer Bender,"665 Fuller Mall Suite 022, Cape Verrin, Belmara County",Z3,Y,Frame,1950,Commercial,1974300.0,2022-04-22,17660.7
GC-004915,Travis Hopkins,"49457 Joseph Greens, Ridgeview, Belmara County",Z4,N,Masonry Veneer,1996,Homeowners,381900.0,2024-01-04,1334.51
GC-004916,Anita Jordan,"1481 Beth Junctions, Millbrook, Belmara County",Z6,N,Masonry,2008,Homeowners,495400.0,2022-01-19,1506.02
GC-004917,Karen Roman,"80703 Kaitlyn Keys, Millbrook, Belmara County",Z6,N,Frame,1991,Homeowners,392700.0,2024-08-12,1531.84
GC-004918,Jason Webb,"30851 Amy Lights Apt. 696, Millbrook, Belmara County",Z6,N,Frame,1993,Homeowners,367400.0,2023-08-02,1422.34
GC-004919,Elizabeth Williamson,"9110 Alexander Plains Suite 586, Hollow Bay, Belmara County",Z5,N,Superior (Reinforced Concrete),1997,Homeowners,523600.0,2023-12-21,1388.67
GC-004920,Michael Gallagher,"44161 Sullivan Row Apt. 306, Cape Verrin, Belmara County",Z3,Y,Frame,1974,Commercial,1092200.0,2026-06-13,9003.78
GC-004921,Duane Bailey,"04808 Leonard Shoal Suite 498, Port Alden, Belmara County",Z1,Y,Frame,1986,Homeowners,513200.0,2025-07-04,3161.48
GC-004922,Kari Moreno,"024 Walter Cliff Apt. 899, Hollow Bay, Belmara County",Z5,N,Frame,2002,Commercial,387700.0,2024-06-01,1857.25
GC-004923,Judy Barker,"444 Cobb Plains Apt. 573, Ridgeview, Belmara County",Z4,N,Superior (Reinforced Concrete),1989,Homeowners,291300.0,2023-09-24,796.44
GC-004924,Tonya Vargas,"61457 Maria Land Suite 636, Marsh Point, Belmara County",Z2,Y,Frame,1988,Commercial,463300.0,2024-05-27,3629.7
GC-004925,Ian Taylor,"3799 Perez Corners, Port Alden, Belmara County",Z1,Y,Masonry,2004,Homeowners,160000.0,2024-01-04,759.95
GC-004926,Dana Webster,"568 Preston Track, Millbrook, Belmara County",Z6,N,Masonry,2006,Homeowners,311900.0,2024-01-15,948.18
GC-004927,Jillian Dennis,"50343 Wanda Meadow, Ridgeview, Belmara County",Z4,N,Frame,2000,Homeowners,163300.0,2021-07-13,615.37
GC-004928,Christopher Acosta,"13433 Benjamin Corners Apt. 057, Millbrook, Belmara County",Z6,N,Masonry,2024,Homeowners,172100.0,2021-03-14,523.18
GC-004929,Carl Jones,"68289 Miranda Turnpike Suite 024, Cape Verrin, Belmara County",Z3,Y,Superior (Reinforced Concrete),1956,Commercial,1861500.0,2022-04-02,11356.64
GC-004930,Eric Watts,"07690 Johnson Trafficway, Port Alden, Belmara County",Z1,Y,Masonry,1990,Homeowners,265700.0,2022-02-13,1332.11
GC-004931,Laura Williams,"4435 Joshua Shoal Suite 161, Ridgeview, Belmara County",Z4,N,Masonry,1989,Homeowners,363200.0,2024-04-23,1179.21
GC-004932,Heidi Santos,"36061 Karen Spring Apt. 323, Port Alden, Belmara County",Z1,Y,Frame,1977,Commercial,1145600.0,2024-02-04,9343.52
GC-004933,Colton Perez,"2684 Perez Canyon Apt. 690, Hollow Bay, Belmara County",Z5,N,Frame,1987,Homeowners,360900.0,2025-02-08,1429.05
GC-004934,Allen Hardy,"06289 Cross Summit Apt. 424, Marsh Point, Belmara County",Z2,Y,Frame,1995,Homeowners,199200.0,2023-11-10,1186.23
GC-004935,Kristen Cervantes,"168 Brenda Cliffs, Cape Verrin, Belmara County",Z3,Y,Frame,1998,Homeowners,645300.0,2023-10-29,3798.58
GC-004936,Sherri Clarke,"8587 James Unions Suite 667, Ridgeview, Belmara County",Z4,N,Masonry,1982,Homeowners,239300.0,2025-03-24,797.31
GC-004937,Noah Schmidt,"07370 Rachel Mission, Marsh Point, Belmara County",Z2,Y,Frame,2012,Homeowners,467200.0,2021-12-31,2664.91
GC-004938,Donna Reynolds,"85088 Nathan Mission Apt. 445, Marsh Point, Belmara County",Z2,Y,Frame,2023,Homeowners,229400.0,2025-06-27,1308.5
GC-004939,Dawn Grant,"887 Jackson Causeway Suite 380, Millbrook, Belmara County",Z6,N,Frame,1998,Homeowners,162600.0,2024-04-02,617.52
GC-004940,Douglas Hartman,"898 Adam Crest Suite 080, Port Alden, Belmara County",Z1,Y,Frame,1987,Homeowners,105200.0,2021-01-21,645.67
GC-004941,Julie Gibbs,"398 Miranda Mission, Cape Verrin, Belmara County",Z3,Y,Masonry,1960,Homeowners,735100.0,2024-09-14,4101.13
GC-004942,Tina Logan,"427 Brittany Garden, Millbrook, Belmara County",Z6,N,Frame,1990,Homeowners,283400.0,2021-11-06,1109.66
GC-004943,Jennifer Cherry,"894 Evelyn Forge Apt. 536, Marsh Point, Belmara County",Z2,Y,Frame,1965,Homeowners,264600.0,2026-01-06,1756.8
GC-004944,Jeremy Herman,"678 Jonathan Via, Hollow Bay, Belmara County",Z5,N,Masonry,2001,Commercial,1166900.0,2022-09-08,4635.98
GC-004945,Tina Pearson,"4452 Nathan Ferry, Cape Verrin, Belmara County",Z3,Y,Superior (Reinforced Concrete),2002,Commercial,302700.0,2026-01-05,1563.55
GC-004946,Lauren Mitchell,"745 Colin Parkways, Hollow Bay, Belmara County",Z5,N,Masonry Veneer,1994,Homeowners,166900.0,2026-05-24,587.7
GC-004947,Anne Joseph,"768 Aguirre Stream Suite 618, Marsh Point, Belmara County",Z2,Y,Frame,1972,Homeowners,230100.0,2022-03-31,1490.99
GC-004948,Sarah Cruz,"41787 Hanna Trail Apt. 056, Millbrook, Belmara County",Z6,N,Masonry,1985,Homeowners,200800.0,2024-09-20,661.71
GC-004949,Shawn Jenkins,"6302 Solomon Street, Ridgeview, Belmara County",Z4,N,Masonry Veneer,1986,Homeowners,604100.0,2025-08-30,2192.16
GC-004950,Teresa Daniels,"3578 Barnes Mount Apt. 603, Millbrook, Belmara County",Z6,N,Frame,1975,Homeowners,155800.0,2025-04-30,644.44
GC-004951,Sharon Rodriguez,"5861 Hobbs Orchard, Millbrook, Belmara County",Z6,N,Frame,1991,Homeowners,189300.0,2021-02-13,738.42
GC-004952,Tina Mathews,"1851 Hunt Spurs Apt. 762, Cape Verrin, Belmara County",Z3,Y,Frame,1984,Homeowners,223800.0,2021-12-03,1388.89
GC-004953,Tabitha Decker,"237 Anthony Ramp, Millbrook, Belmara County",Z6,N,Frame,2007,Homeowners,208100.0,2021-08-12,765.81
GC-004954,William Gonzalez,"7327 David Field, Marsh Point, Belmara County",Z2,Y,Frame,1984,Homeowners,229400.0,2021-02-03,1423.65
GC-004955,Nicole Leblanc,"62596 Pugh Parkway, Cape Verrin, Belmara County",Z3,Y,Frame,1971,Homeowners,140900.0,2021-11-29,916.21
GC-004956,Bryan Santiago,"7163 Hailey Ridges Apt. 809, Millbrook, Belmara County",Z6,N,Masonry Veneer,2000,Homeowners,270200.0,2022-08-21,929.66
GC-004957,Brenda Fitzgerald,"611 Ashlee Point Apt. 440, Marsh Point, Belmara County",Z2,Y,Frame,1979,Homeowners,371500.0,2022-10-11,2347.89
GC-004958,Jessica Reeves,"835 Campbell Route, Millbrook, Belmara County",Z6,N,Masonry Veneer,1990,Homeowners,471700.0,2022-12-09,1686.35
GC-004959,Matthew Brown,"420 Carr Lake Suite 928, Marsh Point, Belmara County",Z2,Y,Superior (Reinforced Concrete),2004,Homeowners,349300.0,2025-12-23,1397.11
GC-004960,Timothy Santiago MD,"86688 Larry Junctions Apt. 924, Port Alden, Belmara County",Z1,Y,Masonry,1977,Commercial,2114000.0,2022-02-10,14243.23
GC-004961,Victoria Ferrell,"373 Leah Locks, Marsh Point, Belmara County",Z2,Y,Frame,2017,Homeowners,395300.0,2024-12-05,2254.79
GC-004962,Sara Meyer,"4890 Andrew Hill Apt. 735, Marsh Point, Belmara County",Z2,Y,Masonry,1991,Homeowners,407700.0,2026-01-06,2036.35
GC-004963,Ashley Blevins,"7864 Dawson Views, Marsh Point, Belmara County",Z2,Y,Superior (Reinforced Concrete),1991,Homeowners,202500.0,2025-04-04,851.73
GC-004964,Kristy Hamilton,"52870 David Causeway, Marsh Point, Belmara County",Z2,Y,Frame,1972,Homeowners,221800.0,2025-11-02,1437.21
GC-004965,William Simmons,"12256 Johnny Forges Suite 629, Millbrook, Belmara County",Z6,N,Masonry,1954,Homeowners,203800.0,2021-07-09,748.42
GC-004966,Miranda Hardin,"5456 Patton Center Apt. 707, Marsh Point, Belmara County",Z2,Y,Masonry,2007,Commercial,739000.0,2024-11-18,4461.53
GC-004967,Roger Knight,"575 Rebekah Pines Apt. 578, Ridgeview, Belmara County",Z4,N,Frame,2020,Homeowners,351600.0,2024-04-16,1293.89
GC-004968,Daniel Davis,"1856 Hailey Stravenue, Marsh Point, Belmara County",Z2,Y,Superior (Reinforced Concrete),1991,Homeowners,359100.0,2024-10-15,1510.4
GC-004969,Sarah Payne,"8158 Allison Meadow Apt. 393, Cape Verrin, Belmara County",Z3,Y,Masonry Veneer,1966,Homeowners,387300.0,2021-02-09,2339.79
GC-004970,Derek Gordon,"95715 Hatfield Wells Apt. 100, Hollow Bay, Belmara County",Z5,N,Superior (Reinforced Concrete),1988,Homeowners,277200.0,2025-01-22,760.73
GC-004971,Deanna Freeman,"406 Huang Path, Marsh Point, Belmara County",Z2,Y,Frame,1995,Homeowners,90000.0,2022-08-07,535.95
GC-004972,Kevin Patrick,"0861 Henderson Ford, Port Alden, Belmara County",Z1,Y,Masonry,1988,Homeowners,259100.0,2021-08-22,1308.78
GC-004973,Amy Tyler,"423 Flynn Parkways Apt. 762, Ridgeview, Belmara County",Z4,N,Frame,2021,Homeowners,244100.0,2025-08-24,898.29
GC-004974,Ashley Dillon,"0126 Julie Lodge Apt. 926, Millbrook, Belmara County",Z6,N,Frame,1986,Homeowners,250800.0,2023-10-04,996.78
GC-004975,Christopher Hall,"13421 Baldwin Viaduct, Ridgeview, Belmara County",Z4,N,Masonry Veneer,1994,Commercial,364500.0,2026-03-17,1644.49
GC-004976,Mr. Charles Vargas MD,"118 James Radial, Port Alden, Belmara County",Z1,Y,Masonry,1974,Homeowners,311300.0,2022-05-21,1654.6
GC-004977,Joseph Rivera,"135 Emily Gateway Suite 478, Hollow Bay, Belmara County",Z5,N,Frame,2001,Homeowners,366600.0,2026-06-03,1376.07
GC-004978,Shannon Moreno,"5919 Ferguson Stream, Millbrook, Belmara County",Z6,N,Masonry,1999,Homeowners,251900.0,2021-11-29,787.22
GC-004979,Keith French,"28823 Jane Ville, Port Alden, Belmara County",Z1,Y,Masonry,1970,Homeowners,348300.0,2021-02-14,1877.52
GC-004980,Eric Frank,"55440 Norris Oval Suite 532, Hollow Bay, Belmara County",Z5,N,Frame,1982,Homeowners,443400.0,2022-04-16,1788.36
GC-004981,Brian Harris,"0249 Joshua Cove, Ridgeview, Belmara County",Z4,N,Frame,1993,Homeowners,215100.0,2022-09-06,832.73
GC-004982,John Garcia,"967 Singh Spurs Suite 004, Port Alden, Belmara County",Z1,Y,Masonry,1990,Homeowners,274900.0,2022-08-08,1378.23
GC-004983,Tiffany Potter,"7942 Hensley Forks Suite 373, Ridgeview, Belmara County",Z4,N,Frame,1966,Homeowners,316700.0,2022-12-26,1351.93
GC-004984,James Blankenship,"72444 Cummings Crest Apt. 269, Marsh Point, Belmara County",Z2,Y,Frame,1974,Commercial,1254700.0,2022-01-30,10343.38
GC-004985,Benjamin Banks,"9200 Kimberly Key, Port Alden, Belmara County",Z1,Y,Masonry Veneer,1971,Homeowners,233100.0,2022-09-11,1383.94
GC-004986,Kayla Young,"029 Pruitt Pass Suite 389, Port Alden, Belmara County",Z1,Y,Masonry,1988,Homeowners,197300.0,2021-01-24,996.61
GC-004987,Todd Alvarado,"37489 Whitaker Point, Hollow Bay, Belmara County",Z5,N,Frame,2007,Homeowners,374100.0,2026-06-02,1376.69
GC-004988,Jessica Walker,"9246 Adam Stravenue Apt. 180, Marsh Point, Belmara County",Z2,Y,Superior (Reinforced Concrete),1995,Homeowners,289900.0,2021-02-01,1200.94
GC-004989,Eric Washington,"50515 Jacobs Lodge Apt. 356, Port Alden, Belmara County",Z1,Y,Masonry,1998,Homeowners,325300.0,2023-12-31,1581.86
GC-004990,Whitney Murray,"1050 Vanessa Rapid, Port Alden, Belmara County",Z1,Y,Masonry,2002,Commercial,474000.0,2023-06-02,2907.44
GC-004991,Robert Mcpherson,"72817 Cowan Greens Apt. 898, Cape Verrin, Belmara County",Z3,Y,Frame,2013,Commercial,1357000.0,2023-11-08,9917.3
GC-004992,Kara Alexander,"15451 Evans Summit, Cape Verrin, Belmara County",Z3,Y,Frame,1957,Homeowners,186300.0,2025-03-14,1270.94
GC-004993,Martin Rice,"7009 King Cove, Ridgeview, Belmara County",Z4,N,Masonry Veneer,2001,Homeowners,255300.0,2023-04-27,874.96
GC-004994,Kristen Perry,"757 Briana Plains, Port Alden, Belmara County",Z1,Y,Masonry Veneer,1967,Homeowners,410000.0,2023-09-12,2468.38
GC-004995,Samantha Walters,"75578 Serrano Court, Millbrook, Belmara County",Z6,N,Masonry,1982,Homeowners,312500.0,2024-08-30,1041.2
GC-004996,Scott King,"09322 Ricky Locks, Port Alden, Belmara County",Z1,Y,Frame,1973,Homeowners,390200.0,2026-04-20,2519.49
GC-004997,Jason Patterson,"836 Brittany Inlet, Marsh Point, Belmara County",Z2,Y,Masonry Veneer,1991,Homeowners,197400.0,2026-05-23,1089.74
GC-004998,Misty Johnson,"638 Gregory Inlet, Port Alden, Belmara County",Z1,Y,Masonry,1981,Homeowners,238600.0,2021-04-18,1236.71
GC-004999,Shelby Doyle,"15122 Stewart Tunnel, Cape Verrin, Belmara County",Z3,Y,Masonry,1972,Homeowners,272900.0,2022-07-14,1460.79
GC-005000,Melody Alexander,"257 Roger Mall, Hollow Bay, Belmara County",Z5,N,Frame,1993,Homeowners,340800.0,2022-06-01,1319.36
