claim_id,policy_id,date_of_loss,date_reported,cause_of_loss,claim_status,is_catastrophe_flag,storm_id,reported_severity,settlement_date
CLM-000001,GC-000931,2021-03-15,2021-03-21,Fire,Closed,N,,8689.85,2021-05-27
CLM-000002,GC-003769,2021-04-22,2021-04-28,Vandalism,Closed,N,,858.4,2021-05-04
CLM-000003,GC-001968,2021-05-19,2021-05-20,Liability,Closed,N,,10464.68,2021-06-04
CLM-000004,GC-000149,2021-05-30,2021-05-30,Fire,Closed,N,,25062.11,2021-07-03
CLM-000005,GC-001462,2021-06-01,2021-06-06,Liability,Closed,N,,13536.78,2021-06-27
CLM-000006,GC-001965,2021-06-26,2021-06-28,Water Damage (Non-Storm),Closed,N,,8986.44,2021-07-17
CLM-000007,GC-004808,2021-07-13,2021-07-15,Water Damage (Non-Storm),Closed,N,,7683.8,2021-08-03
CLM-000008,GC-004123,2021-07-15,2021-07-22,Liability,Closed,N,,1256.54,2021-07-31
CLM-000009,GC-004288,2021-07-17,2021-07-17,Theft,Closed,N,,120394.23,2021-08-05
CLM-000010,GC-001766,2021-07-21,2021-07-24,Liability,Closed,N,,10217.2,2021-09-23
CLM-000011,GC-000956,2021-07-28,2021-08-04,Other Weather,Closed,N,,6032.18,2021-08-25
CLM-000012,GC-000817,2021-07-31,2021-08-02,Other Weather,Closed,N,,12117.29,2021-08-09
CLM-000013,GC-003514,2021-07-31,2021-08-01,Liability,Closed,N,,1471.8,2021-08-11
CLM-000014,GC-000218,2021-08-25,2021-08-27,Theft,Closed,N,,6964.11,2021-09-07
CLM-000015,GC-004359,2021-08-26,2021-08-27,Other Weather,Closed,N,,21702.93,2021-09-12
CLM-000016,GC-001549,2021-08-29,2021-08-29,Vandalism,Closed,N,,11105.67,2021-09-22
CLM-000017,GC-001055,2021-09-19,2021-09-22,Theft,Closed,N,,7102.43,2021-10-22
CLM-000018,GC-001416,2021-09-22,2021-09-28,Vandalism,Closed,N,,6881.3,2021-11-05
CLM-000019,GC-004669,2021-09-22,2021-10-04,Other Weather,Closed,N,,11304.75,2021-10-04
CLM-000020,GC-003330,2021-09-23,2021-09-29,Falling Tree (Non-Storm),Closed,N,,9752.11,2021-11-26
CLM-000021,GC-003687,2021-09-24,2021-10-04,Other Weather,Closed,N,,3570.88,2021-10-04
CLM-000022,GC-001247,2021-09-25,2021-09-26,Fire,Open,N,,18866.91,
CLM-000023,GC-002924,2021-10-03,2021-10-05,Other Weather,Closed,N,,4760.67,2021-10-25
CLM-000024,GC-001803,2021-10-06,2021-10-12,Liability,Closed,N,,14116.2,2021-10-11
CLM-000025,GC-000114,2021-10-21,2021-10-29,Theft,Closed,N,,14783.68,2021-11-12
CLM-000026,GC-000096,2021-10-24,2021-11-04,Vandalism,Closed,N,,4119.14,2021-11-18
CLM-000027,GC-000916,2021-10-25,2021-11-01,Other Weather,Closed,N,,3069.89,2021-12-18
CLM-000028,GC-001885,2021-11-06,2021-11-07,Other Weather,Closed,N,,36902.75,2022-01-02
CLM-000029,GC-001541,2021-11-22,2021-11-27,Vandalism,Closed,N,,15727.84,2022-02-02
CLM-000030,GC-000405,2021-12-03,2021-12-07,Other Weather,Closed,N,,4780.17,2021-12-08
CLM-000031,GC-003415,2021-12-06,2021-12-06,Vandalism,Closed,N,,679.1,2021-12-31
CLM-000032,GC-000495,2021-12-07,2021-12-07,Fire,Closed,N,,38219.99,2022-01-06
CLM-000033,GC-002674,2021-12-11,2021-12-11,Other Weather,Closed,N,,13446.46,2021-12-13
CLM-000034,GC-003257,2021-12-13,2021-12-14,Vandalism,Closed,N,,9187.85,2021-12-20
CLM-000035,GC-001820,2021-12-18,2021-12-21,Falling Tree (Non-Storm),Closed,N,,4924.9,2021-12-30
CLM-000036,GC-003295,2021-12-18,2021-12-18,Other Weather,Closed,N,,5038.64,2022-01-17
CLM-000037,GC-004878,2021-12-24,2022-01-03,Vandalism,Closed,N,,4587.7,2022-01-08
CLM-000038,GC-000275,2021-12-27,2021-12-31,Fire,Closed,N,,3669.7,2022-01-01
CLM-000039,GC-002727,2022-01-16,2022-01-18,Theft,Closed,N,,1992.34,2022-02-18
CLM-000040,GC-004390,2022-01-17,2022-02-04,Water Damage (Non-Storm),Closed,N,,3124.47,2022-01-28
CLM-000041,GC-000144,2022-01-31,2022-01-31,Other Weather,Closed,N,,8125.4,2022-02-06
CLM-000042,GC-000909,2022-02-03,2022-02-05,Fire,Closed,N,,1548.71,2022-03-06
CLM-000043,GC-004182,2022-02-17,2022-02-25,Theft,Closed,N,,2468.2,2022-04-21
CLM-000044,GC-004824,2022-02-17,2022-02-27,Theft,Closed,N,,7353.4,2022-03-29
CLM-000045,GC-003756,2022-02-19,2022-02-22,Vandalism,Open,N,,10281.6,
CLM-000046,GC-003669,2022-02-23,2022-02-24,Theft,Closed,N,,42131.4,2022-03-27
CLM-000047,GC-001189,2022-02-26,2022-03-04,Liability,Closed,N,,2787.05,2022-03-19
CLM-000048,GC-003764,2022-03-13,2022-03-19,Water Damage (Non-Storm),Closed,N,,996.48,2022-04-09
CLM-000049,GC-000997,2022-03-18,2022-03-26,Other Weather,Closed,N,,18020.07,2022-05-16
CLM-000050,GC-002134,2022-03-24,2022-03-29,Vandalism,Closed,N,,2742.4,2022-04-16
CLM-000051,GC-002916,2022-03-29,2022-04-02,Other Weather,Closed,N,,155353.14,2022-04-28
CLM-000052,GC-003966,2022-03-29,2022-03-30,Vandalism,Closed,N,,1515.07,2022-04-19
CLM-000053,GC-000734,2022-03-30,2022-04-09,Liability,Closed,N,,8364.58,2022-04-20
CLM-000054,GC-002554,2022-04-13,2022-04-15,Liability,Closed,N,,1143.63,2022-06-05
CLM-000055,GC-000253,2022-04-15,2022-04-15,Other Weather,Closed,N,,1432.9,2022-06-06
CLM-000056,GC-003411,2022-04-18,2022-04-18,Fire,Open,N,,22254.42,
CLM-000057,GC-004769,2022-04-21,2022-04-23,Fire,Closed,N,,842.59,2022-05-24
CLM-000058,GC-003583,2022-04-24,2022-04-30,Vandalism,Closed,N,,7749.25,2022-06-12
CLM-000059,GC-004403,2022-04-27,2022-04-27,Vandalism,Open,N,,1024.64,
CLM-000060,GC-004617,2022-04-30,2022-05-05,Liability,Closed,N,,14411.52,2022-05-18
CLM-000061,GC-000820,2022-05-10,2022-05-11,Fire,Closed,N,,52983.02,2022-05-31
CLM-000062,GC-000339,2022-05-11,2022-05-13,Theft,Closed,N,,3312.73,2022-05-17
CLM-000063,GC-003966,2022-05-12,2022-05-12,Theft,Closed,N,,6834.68,2022-07-07
CLM-000064,GC-001809,2022-05-15,2022-05-19,Fire,Closed,N,,41766.88,2022-05-17
CLM-000065,GC-004954,2022-05-24,2022-05-28,Vandalism,Closed,N,,7411.91,2022-07-20
CLM-000066,GC-000860,2022-06-01,2022-06-03,Vandalism,Closed,N,,6910.49,2022-06-08
CLM-000067,GC-003126,2022-06-06,2022-06-07,Theft,Closed,N,,4897.43,2022-06-28
CLM-000068,GC-001590,2022-06-09,2022-06-10,Other Weather,Closed,N,,135148.25,2022-07-05
CLM-000069,GC-004419,2022-06-27,2022-06-27,Water Damage (Non-Storm),Closed,N,,24046.33,2022-07-16
CLM-000070,GC-002133,2022-07-05,2022-07-06,Other Weather,Closed,N,,6822.49,2022-08-31
CLM-000071,GC-000912,2022-07-10,2022-07-22,Vandalism,Closed,N,,11741.11,2022-09-06
CLM-000072,GC-003169,2022-07-12,2022-07-14,Vandalism,Closed,N,,5916.58,2022-07-31
CLM-000073,GC-000043,2022-07-18,2022-07-19,Liability,Closed,N,,3541.36,2022-08-20
CLM-000074,GC-002122,2022-07-23,2022-07-25,Fire,Closed,N,,1873.39,2022-08-15
CLM-000075,GC-000823,2022-08-01,2022-08-01,Theft,Closed,N,,3685.32,2022-08-24
CLM-000076,GC-000949,2022-08-05,2022-08-07,Water Damage (Non-Storm),Open,N,,4034.71,
CLM-000077,GC-000097,2022-08-06,2022-08-10,Vandalism,Open,N,,13094.81,
CLM-000078,GC-001286,2022-08-09,2022-08-10,Vandalism,Closed,N,,5537.88,2022-08-30
CLM-000079,GC-002400,2022-08-11,2022-08-13,Fire,Closed,N,,11464.38,2022-08-24
CLM-000080,GC-004027,2022-08-17,2022-08-22,Theft,Closed,N,,9531.51,2022-09-04
CLM-000081,GC-000367,2022-08-21,2022-08-22,Fire,Closed,N,,6852.28,2022-09-05
CLM-000082,GC-003610,2022-08-22,2022-08-23,Vandalism,Open,N,,1546.4,
CLM-000083,GC-002569,2022-08-23,2022-08-25,Other Weather,Closed,N,,2859.88,2022-09-03
CLM-000084,GC-003148,2022-08-23,2022-08-26,Water Damage (Non-Storm),Closed,N,,2815.11,2022-09-23
CLM-000085,GC-003538,2022-08-27,2022-08-29,Fire,Closed,N,,10009.5,2022-09-02
CLM-000086,GC-003536,2022-09-03,2022-09-04,Water Damage (Non-Storm),Closed,N,,2443.82,2022-09-15
CLM-000087,GC-002157,2022-09-06,2022-09-08,Vandalism,Closed,N,,14728.66,2022-09-30
CLM-000088,GC-000377,2022-09-11,2022-09-12,Theft,Closed,N,,3142.37,2022-10-09
CLM-000089,GC-003931,2022-09-13,2022-09-17,Fire,Closed,N,,3428.18,2022-11-24
CLM-000090,GC-000074,2022-09-13,2022-09-17,Water Damage (Non-Storm),Closed,N,,7939.69,2022-10-05
CLM-000091,GC-000793,2022-09-14,2022-09-15,Water Damage (Non-Storm),Open,N,,11676.06,
CLM-000092,GC-003345,2022-09-19,2022-09-23,Theft,Closed,N,,14967.98,2022-10-01
CLM-000093,GC-000226,2022-09-25,2022-09-28,Water Damage (Non-Storm),Closed,N,,52255.43,2022-10-26
CLM-000094,GC-004681,2022-09-28,2022-09-28,Other Weather,Closed,N,,4217.04,2022-10-10
CLM-000095,GC-002389,2022-10-02,2022-10-06,Fire,Closed,N,,7044.8,2022-10-27
CLM-000096,GC-003430,2022-10-03,2022-10-06,Other Weather,Closed,N,,12509.52,2022-10-21
CLM-000097,GC-002032,2022-10-05,2022-10-09,Fire,Closed,N,,19269.93,2022-10-24
CLM-000098,GC-002556,2022-10-09,2022-11-03,Water Damage (Non-Storm),Closed,N,,9355.77,2022-11-14
CLM-000099,GC-003465,2022-10-15,2022-10-23,Fire,Open,N,,2630.14,
CLM-000100,GC-000275,2022-10-17,2022-10-21,Theft,Closed,N,,2061.64,2022-11-08
CLM-000101,GC-004736,2022-10-22,2022-10-25,Other Weather,Closed,N,,12197.19,2022-10-31
CLM-000102,GC-002531,2022-10-22,2022-10-23,Other Weather,Closed,N,,1732.68,2022-11-27
CLM-000103,GC-000174,2022-10-25,2022-10-31,Fire,Closed,N,,3416.56,2022-11-29
CLM-000104,GC-000092,2022-10-26,2022-10-28,Falling Tree (Non-Storm),Closed,N,,3229.94,2022-11-02
CLM-000105,GC-000527,2022-10-29,2022-10-29,Vandalism,Closed,N,,13833.39,2022-12-24
CLM-000106,GC-003222,2022-11-02,2022-11-12,Vandalism,Closed,N,,3399.35,2023-01-09
CLM-000107,GC-000824,2022-11-08,2022-11-12,Water Damage (Non-Storm),Closed,N,,5236.53,2022-12-16
CLM-000108,GC-003628,2022-11-13,2022-11-17,Vandalism,Open,N,,61841.87,
CLM-000109,GC-001121,2022-11-15,2022-11-18,Other Weather,Closed,N,,3573.2,2022-12-28
CLM-000110,GC-003611,2022-11-17,2022-11-18,Theft,Closed,N,,2019.03,2022-12-24
CLM-000111,GC-000260,2022-11-17,2022-11-17,Other Weather,Closed,N,,3051.29,2022-12-06
CLM-000112,GC-003326,2022-11-19,2022-11-24,Other Weather,Closed,N,,28937.91,2022-12-11
CLM-000113,GC-000794,2022-11-19,2022-11-20,Theft,Closed,N,,3798.19,2022-12-03
CLM-000114,GC-004393,2022-11-19,2022-11-22,Other Weather,Closed,N,,3700.47,2022-11-26
CLM-000115,GC-003721,2022-11-21,2022-11-24,Fire,Closed,N,,11325.72,2022-11-29
CLM-000116,GC-004254,2022-11-22,2022-11-22,Fire,Closed,N,,5056.94,2023-01-02
CLM-000117,GC-002898,2022-11-22,2022-11-25,Other Weather,Closed,N,,13950.37,2022-12-17
CLM-000118,GC-000741,2022-11-28,2022-12-07,Fire,Closed,N,,7439.17,2022-12-03
CLM-000119,GC-000228,2022-12-01,2022-12-03,Fire,Closed,N,,6368.68,2022-12-26
CLM-000120,GC-001809,2022-12-09,2022-12-12,Theft,Open,N,,13896.97,
CLM-000121,GC-002789,2022-12-15,2022-12-15,Water Damage (Non-Storm),Closed,N,,7182.31,2023-01-14
CLM-000122,GC-003107,2022-12-18,2022-12-28,Vandalism,Open,N,,7629.15,
CLM-000123,GC-003845,2022-12-20,2022-12-20,Other Weather,Closed,N,,27350.4,2023-02-26
CLM-000124,GC-003929,2022-12-22,2022-12-30,Vandalism,Closed,N,,10948.55,2023-01-12
CLM-000125,GC-003349,2022-12-26,2022-12-30,Other Weather,Open,N,,1010.97,
CLM-000126,GC-004517,2022-12-29,2023-01-05,Theft,Closed,N,,26096.68,2023-01-05
CLM-000127,GC-004842,2022-12-31,2023-01-05,Vandalism,Closed,N,,6718.6,2023-01-07
CLM-000128,GC-002701,2022-12-31,2023-01-11,Other Weather,Closed,N,,9913.37,2023-01-10
CLM-000129,GC-002184,2023-01-02,2023-01-17,Vandalism,Closed,N,,6714.15,2023-02-11
CLM-000130,GC-003148,2023-01-07,2023-01-10,Fire,Closed,N,,4517.66,2023-01-28
CLM-000131,GC-003764,2023-01-07,2023-01-07,Other Weather,Closed,N,,13693.42,2023-02-17
CLM-000132,GC-000144,2023-01-07,2023-01-07,Fire,Closed,N,,8888.35,2023-03-01
CLM-000133,GC-001601,2023-01-10,2023-01-14,Theft,Closed,N,,852.4,2023-01-28
CLM-000134,GC-002202,2023-01-10,2023-01-11,Water Damage (Non-Storm),Closed,N,,2396.39,2023-02-14
CLM-000135,GC-000504,2023-01-11,2023-01-29,Fire,Closed,N,,2301.19,2023-01-14
CLM-000136,GC-002161,2023-01-12,2023-01-15,Vandalism,Closed,N,,11930.88,2023-01-28
CLM-000137,GC-000049,2023-01-18,2023-01-18,Other Weather,Closed,N,,10711.18,2023-03-16
CLM-000138,GC-003499,2023-01-20,2023-01-24,Lightning Strike,Closed,N,,6353.74,2023-01-30
CLM-000139,GC-003060,2023-01-21,2023-01-25,Vandalism,Closed,N,,4141.6,2023-03-06
CLM-000140,GC-001669,2023-01-24,2023-01-26,Fire,Closed,N,,52306.27,2023-01-28
CLM-000141,GC-004811,2023-01-31,2023-01-31,Water Damage (Non-Storm),Closed,N,,8281.92,2023-02-23
CLM-000142,GC-001018,2023-02-01,2023-02-03,Water Damage (Non-Storm),Closed,N,,6179.78,2023-03-13
CLM-000143,GC-004649,2023-02-01,2023-02-06,Theft,Closed,N,,14064.95,2023-03-04
CLM-000144,GC-002847,2023-02-14,2023-02-20,Water Damage (Non-Storm),Closed,N,,1829.17,2023-03-05
CLM-000145,GC-004054,2023-02-17,2023-02-17,Theft,Closed,N,,20909.48,2023-02-28
CLM-000146,GC-000651,2023-02-18,2023-02-19,Fire,Closed,N,,9559.19,2023-03-09
CLM-000147,GC-000706,2023-02-19,2023-02-21,Water Damage (Non-Storm),Closed,N,,6797.8,2023-03-05
CLM-000148,GC-003279,2023-02-22,2023-02-24,Liability,Closed,N,,4265.38,2023-05-01
CLM-000149,GC-004556,2023-02-23,2023-02-26,Water Damage (Non-Storm),Closed,N,,1242.65,2023-03-14
CLM-000150,GC-002485,2023-02-24,2023-02-24,Liability,Closed,N,,762.37,2023-05-25
CLM-000151,GC-003145,2023-02-27,2023-03-06,Water Damage (Non-Storm),Closed,N,,3353.41,2023-03-21
CLM-000152,GC-000344,2023-02-27,2023-03-06,Other Weather,Closed,N,,7087.74,2023-04-30
CLM-000153,GC-002754,2023-03-07,2023-03-07,Vandalism,Closed,N,,3359.48,2023-03-24
CLM-000154,GC-003347,2023-03-10,2023-03-12,Other Weather,Closed,N,,4620.17,2023-04-23
CLM-000155,GC-003828,2023-03-13,2023-03-17,Falling Tree (Non-Storm),Closed,N,,14250.59,2023-04-03
CLM-000156,GC-004858,2023-03-16,2023-03-17,Theft,Closed,N,,23634.52,2023-04-28
CLM-000157,GC-003050,2023-03-23,2023-03-24,Other Weather,Closed,N,,6562.78,2023-05-04
CLM-000158,GC-000898,2023-03-24,2023-03-25,Theft,Closed,N,,4981.05,2023-04-02
CLM-000159,GC-002189,2023-03-24,2023-03-26,Fire,Closed,N,,9032.47,2023-06-02
CLM-000160,GC-004186,2023-03-28,2023-03-29,Theft,Closed,N,,11044.59,2023-04-11
CLM-000161,GC-002364,2023-03-28,2023-04-06,Water Damage (Non-Storm),Closed,N,,6697.73,2023-04-04
CLM-000162,GC-003338,2023-03-30,2023-04-04,Liability,Closed,N,,632.04,2023-05-06
CLM-000163,GC-004904,2023-04-02,2023-04-04,Other Weather,Closed,N,,14167.01,2023-04-30
CLM-000164,GC-003603,2023-04-03,2023-04-05,Liability,Closed,N,,2413.05,2023-04-15
CLM-000165,GC-000028,2023-04-11,2023-04-15,Other Weather,Open,N,,2338.77,
CLM-000166,GC-003087,2023-04-11,2023-04-17,Water Damage (Non-Storm),Closed,N,,2508.93,2023-05-08
CLM-000167,GC-004726,2023-04-12,2023-04-13,Water Damage (Non-Storm),Closed,N,,644.63,2023-05-24
CLM-000168,GC-004018,2023-04-18,2023-04-20,Vandalism,Closed,N,,10809.46,2023-05-05
CLM-000169,GC-001062,2023-04-19,2023-04-23,Liability,Closed,N,,2051.5,2023-05-12
CLM-000170,GC-002437,2023-04-20,2023-04-21,Water Damage (Non-Storm),Closed,N,,43407.25,2023-05-07
CLM-000171,GC-001351,2023-04-21,2023-04-21,Liability,Closed,N,,5425.66,2023-05-08
CLM-000172,GC-002506,2023-04-21,2023-04-21,Fire,Closed,N,,14963.94,2023-05-03
CLM-000173,GC-003388,2023-04-23,2023-04-26,Vandalism,Closed,N,,17112.15,2023-05-29
CLM-000174,GC-001523,2023-04-29,2023-04-30,Other Weather,Open,N,,33428.78,
CLM-000175,GC-002510,2023-05-02,2023-05-05,Fire,Closed,N,,2387.52,2023-05-10
CLM-000176,GC-001287,2023-05-04,2023-05-04,Fire,Closed,N,,13684.01,2023-06-27
CLM-000177,GC-003742,2023-05-09,2023-05-22,Theft,Closed,N,,6734.2,2023-05-29
CLM-000178,GC-001779,2023-05-10,2023-05-13,Liability,Closed,N,,13649.56,2023-06-08
CLM-000179,GC-004245,2023-05-10,2023-05-18,Theft,Closed,N,,3517.35,2023-05-11
CLM-000180,GC-001242,2023-05-12,2023-05-13,Fire,Closed,N,,380.2,2023-07-11
CLM-000181,GC-004271,2023-05-15,2023-05-23,Fire,Closed,N,,4802.09,2023-06-25
CLM-000182,GC-004480,2023-05-18,2023-05-25,Liability,Closed,N,,6800.52,2023-06-30
CLM-000183,GC-000838,2023-05-18,2023-05-24,Liability,Closed,N,,5407.21,2023-07-09
CLM-000184,GC-002796,2023-05-26,2023-05-29,Vandalism,Closed,N,,12639.33,2023-06-14
CLM-000185,GC-004781,2023-05-29,2023-06-01,Fire,Closed,N,,5607.84,2023-07-17
CLM-000186,GC-002145,2023-05-30,2023-05-31,Fire,Open,N,,5172.33,
CLM-000187,GC-001318,2023-06-03,2023-06-09,Vandalism,Closed,N,,4322.31,2023-07-22
CLM-000188,GC-003374,2023-06-09,2023-06-11,Vandalism,Closed,N,,12075.32,2023-08-03
CLM-000189,GC-000366,2023-06-10,2023-06-10,Water Damage (Non-Storm),Closed,N,,4375.03,2023-07-01
CLM-000190,GC-001062,2023-06-11,2023-06-14,Theft,Closed,N,,90.87,2023-06-26
CLM-000191,GC-004381,2023-06-11,2023-06-13,Liability,Closed,N,,3946.09,2023-07-10
CLM-000192,GC-003246,2023-06-14,2023-06-21,Fire,Closed,N,,7538.55,2023-07-12
CLM-000193,GC-000770,2023-06-18,2023-06-29,Other Weather,Closed,N,,5292.74,2023-08-01
CLM-000194,GC-004951,2023-06-19,2023-06-22,Theft,Closed,N,,417.46,2023-08-16
CLM-000195,GC-004380,2023-06-22,2023-06-23,Vandalism,Open,N,,3090.62,
CLM-000196,GC-001557,2023-06-24,2023-06-25,Other Weather,Closed,N,,41808.35,2023-06-27
CLM-000197,GC-002520,2023-06-29,2023-07-05,Liability,Closed,N,,7897.83,2023-07-24
CLM-000198,GC-002460,2023-07-03,2023-07-05,Theft,Open,N,,7684.41,
CLM-000199,GC-001408,2023-07-08,2023-07-11,Vandalism,Closed,N,,5901.43,2023-07-18
CLM-000200,GC-001558,2023-07-12,2023-07-12,Other Weather,Closed,N,,934.12,2023-08-22
CLM-000201,GC-002350,2023-07-15,2023-07-15,Vandalism,Closed,N,,17933.54,2023-08-18
CLM-000202,GC-000661,2023-07-17,2023-07-20,Other Weather,Closed,N,,2773.25,2023-08-25
CLM-000203,GC-001669,2023-07-18,2023-07-20,Water Damage (Non-Storm),Closed,N,,29859.81,2023-09-06
CLM-000204,GC-003438,2023-07-27,2023-08-06,Vandalism,Closed,N,,14218.42,2023-08-20
CLM-000205,GC-002773,2023-07-28,2023-08-05,Theft,Closed,N,,3137.13,2023-08-11
CLM-000206,GC-003839,2023-07-30,2023-08-01,Other Weather,Closed,N,,3082.55,2023-08-16
CLM-000207,GC-002068,2023-08-02,2023-08-10,Theft,Open,N,,1528.89,
CLM-000208,GC-002754,2023-08-03,2023-08-05,Theft,Open,N,,2243.9,
CLM-000209,GC-001793,2023-08-03,2023-08-05,Other Weather,Closed,N,,1289.78,2023-08-14
CLM-000210,GC-004291,2023-08-03,2023-08-04,Fire,Open,N,,4174.72,
CLM-000211,GC-002782,2023-08-04,2023-08-05,Liability,Closed,N,,7350.24,2023-09-27
CLM-000212,GC-002654,2023-08-08,2023-08-09,Fire,Closed,N,,18671.55,2023-09-27
CLM-000213,GC-000407,2023-08-09,2023-08-18,Water Damage (Non-Storm),Open,N,,8051.16,
CLM-000214,GC-004937,2023-08-09,2023-08-18,Fire,Closed,N,,6536.71,2023-09-03
CLM-000215,GC-001134,2023-08-14,2023-08-17,Vandalism,Closed,N,,30215.25,2023-09-17
CLM-000216,GC-001893,2023-08-15,2023-08-22,Fire,Closed,N,,9582.48,2023-08-24
CLM-000217,GC-000694,2023-08-20,2023-08-20,Theft,Closed,N,,1593.34,2023-08-23
CLM-000218,GC-000897,2023-08-21,2023-08-25,Other Weather,Closed,N,,2034.34,2023-12-03
CLM-000219,GC-003942,2023-08-21,2023-08-22,Liability,Closed,N,,3003.08,2023-10-22
CLM-000220,GC-002264,2023-08-26,2023-08-28,Liability,Open,N,,60764.05,
CLM-000221,GC-004006,2023-09-01,2023-09-07,Fire,Closed,N,,711.9,2023-09-24
CLM-000222,GC-000127,2023-09-03,2023-09-04,Theft,Open,N,,4809.86,
CLM-000223,GC-000130,2023-09-05,2023-09-10,Vandalism,Closed,N,,241757.09,2023-11-20
CLM-000224,GC-002448,2023-09-15,2023-09-22,Fire,Closed,N,,3072.3,2023-10-06
CLM-000225,GC-000084,2023-09-18,2023-09-19,Liability,Closed,N,,996.59,2023-09-30
CLM-000226,GC-002764,2023-09-20,2023-09-23,Vandalism,Closed,N,,5421.68,2023-11-27
CLM-000227,GC-002133,2023-09-25,2023-09-27,Fire,Closed,N,,1440.5,2023-10-16
CLM-000228,GC-000174,2023-09-25,2023-09-26,Water Damage (Non-Storm),Closed,N,,4243.22,2023-11-06
CLM-000229,GC-004221,2023-09-27,2023-09-29,Theft,Closed,N,,4120.54,2023-10-28
CLM-000230,GC-000311,2023-09-28,2023-09-29,Water Damage (Non-Storm),Closed,N,,17704.84,2023-11-03
CLM-000231,GC-003542,2023-09-28,2023-10-08,Vandalism,Closed,N,,3511.3,2023-12-08
CLM-000232,GC-000358,2023-09-29,2023-10-01,Theft,Closed,N,,7911.48,2023-11-29
CLM-000233,GC-002009,2023-09-29,2023-09-29,Liability,Closed,N,,7257.6,2023-10-11
CLM-000234,GC-000847,2023-10-02,2023-10-10,Water Damage (Non-Storm),Closed,N,,10468.08,2023-11-12
CLM-000235,GC-004651,2023-10-04,2023-10-07,Other Weather,Closed,N,,8325.01,2023-11-16
CLM-000236,GC-002627,2023-10-05,2023-10-11,Water Damage (Non-Storm),Closed,N,,2697.98,2023-12-05
CLM-000237,GC-004306,2023-10-17,2023-10-17,Liability,Closed,N,,8287.66,2023-11-26
CLM-000238,GC-001094,2023-10-18,2023-10-24,Liability,Closed,N,,15161.18,2023-11-02
CLM-000239,GC-003432,2023-10-20,2023-10-23,Fire,Open,N,,8761.03,
CLM-000240,GC-002966,2023-10-21,2023-10-22,Theft,Closed,N,,66077.62,2023-11-25
CLM-000241,GC-004984,2023-10-26,2023-10-28,Liability,Closed,N,,25464.22,2023-11-02
CLM-000242,GC-003052,2023-10-27,2023-10-29,Theft,Closed,N,,3528.18,2023-12-11
CLM-000243,GC-003267,2023-11-02,2023-11-03,Liability,Closed,N,,15248.6,2023-12-15
CLM-000244,GC-000314,2023-11-03,2023-11-16,Fire,Closed,N,,12895.86,2023-11-23
CLM-000245,GC-000584,2023-11-04,2023-11-13,Fire,Closed,N,,6492.29,2023-11-15
CLM-000246,GC-003627,2023-11-08,2023-11-10,Other Weather,Open,N,,6462.93,
CLM-000247,GC-000724,2023-11-11,2023-11-18,Water Damage (Non-Storm),Closed,N,,1255.71,2023-12-12
CLM-000248,GC-004647,2023-11-16,2023-11-16,Liability,Closed,N,,9064.08,2024-01-09
CLM-000249,GC-001646,2023-11-17,2023-11-21,Fire,Open,N,,7292.15,
CLM-000250,GC-002387,2023-11-17,2023-11-20,Fire,Closed,N,,3090.14,2024-01-05
CLM-000251,GC-004380,2023-11-18,2023-12-02,Other Weather,Closed,N,,7566.93,2024-01-04
CLM-000252,GC-001349,2023-11-19,2023-11-21,Liability,Closed,N,,1581.6,2023-12-18
CLM-000253,GC-001952,2023-11-23,2023-11-24,Liability,Closed,N,,2470.0,2024-01-19
CLM-000254,GC-003760,2023-11-25,2023-12-02,Other Weather,Closed,N,,1318.82,2023-12-23
CLM-000255,GC-000636,2023-11-25,2023-11-25,Liability,Closed,N,,22273.75,2024-01-01
CLM-000256,GC-001908,2023-11-25,2023-11-25,Theft,Closed,N,,1898.8,2024-02-08
CLM-000257,GC-004994,2023-11-26,2023-11-26,Theft,Closed,N,,2649.79,2023-12-25
CLM-000258,GC-004504,2023-11-28,2023-12-09,Other Weather,Closed,N,,6891.88,2023-12-28
CLM-000259,GC-001601,2023-12-02,2023-12-06,Fire,Closed,N,,518.9,2023-12-30
CLM-000260,GC-000196,2023-12-06,2023-12-16,Water Damage (Non-Storm),Closed,N,,5002.12,2024-01-07
CLM-000261,GC-000414,2023-12-07,2023-12-15,Other Weather,Closed,N,,659.86,2024-01-07
CLM-000262,GC-000085,2023-12-11,2023-12-14,Theft,Closed,N,,17195.65,2024-02-19
CLM-000263,GC-002821,2023-12-15,2023-12-15,Liability,Open,N,,5563.19,
CLM-000264,GC-004846,2023-12-16,2023-12-24,Liability,Open,N,,14269.8,
CLM-000265,GC-004116,2023-12-17,2023-12-19,Other Weather,Closed,N,,14394.74,2023-12-22
CLM-000266,GC-004788,2023-12-17,2023-12-31,Other Weather,Closed,N,,14873.56,2024-02-06
CLM-000267,GC-004819,2023-12-20,2023-12-23,Fire,Closed,N,,38511.86,2024-01-18
CLM-000268,GC-004154,2023-12-23,2023-12-25,Vandalism,Closed,N,,5495.94,2024-02-15
CLM-000269,GC-001041,2023-12-23,2024-01-01,Liability,Closed,N,,5622.08,2024-01-16
CLM-000270,GC-004725,2023-12-25,2023-12-27,Fire,Open,N,,1748.14,
CLM-000271,GC-003063,2023-12-25,2024-01-01,Liability,Closed,N,,34000.1,2024-01-11
CLM-000272,GC-001524,2023-12-26,2023-12-29,Vandalism,Closed,N,,882.97,2024-01-26
CLM-000273,GC-004202,2023-12-26,2023-12-27,Liability,Closed,N,,1511.51,2024-03-09
CLM-000274,GC-002137,2023-12-31,2024-01-02,Other Weather,Closed,N,,40765.65,2024-02-14
CLM-000275,GC-000045,2024-01-01,2024-01-03,Liability,Closed,N,,19649.05,2024-02-07
CLM-000276,GC-002836,2024-01-02,2024-01-12,Vandalism,Closed,N,,2564.81,2024-01-30
CLM-000277,GC-001957,2024-01-03,2024-01-06,Fire,Closed,N,,44513.51,2024-02-02
CLM-000278,GC-002280,2024-01-04,2024-01-08,Liability,Closed,N,,3811.64,2024-01-25
CLM-000279,GC-003216,2024-01-05,2024-01-14,Other Weather,Closed,N,,8218.77,2024-02-11
CLM-000280,GC-004937,2024-01-06,2024-01-07,Fire,Closed,N,,20577.4,2024-01-26
CLM-000281,GC-000362,2024-01-08,2024-01-12,Fire,Closed,N,,22236.82,2024-01-24
CLM-000282,GC-001578,2024-01-09,2024-01-15,Water Damage (Non-Storm),Closed,N,,18654.76,2024-02-08
CLM-000283,GC-001972,2024-01-10,2024-01-13,Fire,Closed,N,,21242.72,2024-01-14
CLM-000284,GC-002772,2024-01-11,2024-01-12,Water Damage (Non-Storm),Closed,N,,8711.2,2024-01-13
CLM-000285,GC-003035,2024-01-13,2024-01-17,Theft,Closed,N,,6808.79,2024-02-03
CLM-000286,GC-000757,2024-01-13,2024-01-20,Other Weather,Closed,N,,21556.46,2024-02-04
CLM-000287,GC-002418,2024-01-14,2024-01-17,Fire,Closed,N,,19930.55,2024-03-11
CLM-000288,GC-003848,2024-01-16,2024-01-17,Water Damage (Non-Storm),Open,N,,2727.99,
CLM-000289,GC-002923,2024-01-18,2024-01-21,Theft,Closed,N,,2054.7,2024-03-07
CLM-000290,GC-003215,2024-01-18,2024-01-19,Other Weather,Closed,N,,12433.34,2024-02-04
CLM-000291,GC-001385,2024-01-19,2024-01-27,Theft,Closed,N,,2249.45,2024-03-19
CLM-000292,GC-003120,2024-01-28,2024-02-09,Water Damage (Non-Storm),Closed,N,,5161.36,2024-03-18
CLM-000293,GC-004114,2024-02-02,2024-02-05,Other Weather,Closed,N,,9181.85,2024-04-09
CLM-000294,GC-003270,2024-02-05,2024-02-10,Liability,Closed,N,,800.31,2024-02-11
CLM-000295,GC-004248,2024-02-05,2024-02-06,Vandalism,Closed,N,,6890.22,2024-03-23
CLM-000296,GC-002844,2024-02-05,2024-02-07,Water Damage (Non-Storm),Closed,N,,16779.9,2024-03-17
CLM-000297,GC-000104,2024-02-10,2024-02-12,Other Weather,Open,N,,42420.18,
CLM-000298,GC-002253,2024-02-14,2024-02-14,Fire,Closed,N,,5847.22,2024-04-13
CLM-000299,GC-000307,2024-02-16,2024-02-19,Other Weather,Closed,N,,5700.14,2024-03-14
CLM-000300,GC-001593,2024-02-18,2024-02-22,Theft,Closed,N,,5095.76,2024-03-10
CLM-000301,GC-003457,2024-02-21,2024-02-22,Liability,Closed,N,,16100.86,2024-04-17
CLM-000302,GC-000292,2024-02-21,2024-02-28,Theft,Closed,N,,1341.42,2024-03-05
CLM-000303,GC-004851,2024-02-25,2024-02-27,Water Damage (Non-Storm),Closed,N,,2719.29,2024-03-06
CLM-000304,GC-002567,2024-02-27,2024-02-27,Vandalism,Closed,N,,15749.11,2024-04-05
CLM-000305,GC-000979,2024-03-02,2024-03-08,Liability,Closed,N,,5429.64,2024-04-02
CLM-000306,GC-003742,2024-03-03,2024-03-13,Liability,Closed,N,,17635.98,2024-03-19
CLM-000307,GC-002544,2024-03-06,2024-03-08,Water Damage (Non-Storm),Closed,N,,32052.26,2024-03-27
CLM-000308,GC-002572,2024-03-09,2024-03-16,Vandalism,Closed,N,,5284.58,2024-05-31
CLM-000309,GC-004742,2024-03-10,2024-03-16,Liability,Closed,N,,1529.34,2024-03-26
CLM-000310,GC-000074,2024-03-11,2024-03-18,Water Damage (Non-Storm),Closed,N,,10110.84,2024-04-03
CLM-000311,GC-003500,2024-03-11,2024-03-15,Liability,Closed,N,,2280.89,2024-03-25
CLM-000312,GC-000552,2024-03-11,2024-03-12,Fire,Open,N,,3644.96,
CLM-000313,GC-001639,2024-03-12,2024-03-17,Fire,Closed,N,,15327.07,2024-04-24
CLM-000314,GC-001960,2024-03-13,2024-03-18,Theft,Closed,N,,7714.73,2024-04-01
CLM-000315,GC-003718,2024-03-15,2024-03-17,Water Damage (Non-Storm),Closed,N,,2169.56,2024-03-30
CLM-000316,GC-001381,2024-03-20,2024-03-25,Liability,Closed,N,,6144.19,2024-04-12
CLM-000317,GC-000582,2024-03-22,2024-03-23,Vandalism,Closed,N,,1372.26,2024-03-29
CLM-000318,GC-004898,2024-03-23,2024-03-29,Fire,Closed,N,,9641.78,2024-04-26
CLM-000319,GC-003433,2024-03-26,2024-03-29,Liability,Closed,N,,20052.93,2024-05-26
CLM-000320,GC-000372,2024-03-27,2024-03-31,Vandalism,Closed,N,,26395.22,2024-04-20
CLM-000321,GC-000056,2024-03-28,2024-04-09,Water Damage (Non-Storm),Closed,N,,83995.45,2024-04-07
CLM-000322,GC-003847,2024-03-30,2024-04-05,Vandalism,Closed,N,,22666.0,2024-05-16
CLM-000323,GC-000983,2024-04-03,2024-04-04,Other Weather,Closed,N,,1255.01,2024-05-06
CLM-000324,GC-001778,2024-04-03,2024-04-08,Liability,Closed,N,,3346.94,2024-05-18
CLM-000325,GC-003718,2024-04-04,2024-04-12,Water Damage (Non-Storm),Open,N,,11392.12,
CLM-000326,GC-000320,2024-04-05,2024-04-13,Falling Tree (Non-Storm),Closed,N,,7366.61,2024-05-24
CLM-000327,GC-001004,2024-04-08,2024-04-11,Other Weather,Closed,N,,5449.75,2024-05-24
CLM-000328,GC-002079,2024-04-11,2024-04-23,Liability,Closed,N,,17183.57,2024-04-25
CLM-000329,GC-003978,2024-04-18,2024-04-18,Water Damage (Non-Storm),Open,N,,3269.34,
CLM-000330,GC-004818,2024-04-18,2024-04-20,Sinkhole,Closed,N,,8113.21,2024-04-23
CLM-000331,GC-001196,2024-04-20,2024-04-22,Fire,Closed,N,,4947.11,2024-05-23
CLM-000332,GC-003116,2024-04-21,2024-05-03,Liability,Closed,N,,143.66,2024-05-14
CLM-000333,GC-000828,2024-04-21,2024-04-23,Liability,Closed,N,,2973.57,2024-05-31
CLM-000334,GC-001799,2024-04-22,2024-04-22,Fire,Closed,N,,2852.48,2024-06-06
CLM-000335,GC-001992,2024-04-23,2024-04-27,Water Damage (Non-Storm),Closed,N,,21456.47,2024-05-13
CLM-000336,GC-001468,2024-04-30,2024-05-03,Vandalism,Closed,N,,4330.49,2024-05-06
CLM-000337,GC-004809,2024-04-30,2024-05-05,Water Damage (Non-Storm),Closed,N,,2012.11,2024-05-19
CLM-000338,GC-003446,2024-05-01,2024-05-01,Theft,Closed,N,,55933.63,2024-05-27
CLM-000339,GC-001908,2024-05-01,2024-05-02,Theft,Open,N,,844.97,
CLM-000340,GC-004185,2024-05-04,2024-05-08,Water Damage (Non-Storm),Closed,N,,3901.83,2024-05-13
CLM-000341,GC-001453,2024-05-05,2024-05-08,Other Weather,Closed,N,,5971.86,2024-07-25
CLM-000342,GC-000102,2024-05-05,2024-05-14,Other Weather,Closed,N,,9527.71,2024-08-03
CLM-000343,GC-002252,2024-05-05,2024-05-06,Fire,Closed,N,,9541.53,2024-07-23
CLM-000344,GC-002628,2024-05-07,2024-05-13,Liability,Open,N,,8807.44,
CLM-000345,GC-002648,2024-05-09,2024-05-12,Fire,Closed,N,,206.17,2024-05-27
CLM-000346,GC-000310,2024-05-11,2024-05-17,Liability,Closed,N,,9172.08,2024-05-21
CLM-000347,GC-001914,2024-05-12,2024-05-15,Other Weather,Closed,N,,5381.77,2024-06-29
CLM-000348,GC-004429,2024-05-13,2024-05-17,Fire,Closed,N,,12605.92,2024-05-21
CLM-000349,GC-003961,2024-05-13,2024-05-20,Fire,Closed,N,,914.05,2024-06-10
CLM-000350,GC-001779,2024-05-17,2024-06-03,Fire,Closed,N,,3794.66,2024-06-12
CLM-000351,GC-000765,2024-05-21,2024-05-21,Fire,Closed,N,,849.39,2024-08-05
CLM-000352,GC-001552,2024-05-24,2024-05-29,Liability,Closed,N,,1833.96,2024-06-02
CLM-000353,GC-000425,2024-05-25,2024-05-27,Other Weather,Closed,N,,1525.35,2024-06-13
CLM-000354,GC-000800,2024-05-25,2024-06-02,Other Weather,Closed,N,,4221.54,2024-07-19
CLM-000355,GC-001829,2024-05-26,2024-05-26,Liability,Closed,N,,3985.47,2024-06-11
CLM-000356,GC-000319,2024-06-01,2024-06-01,Liability,Closed,N,,7473.16,2024-06-21
CLM-000357,GC-002450,2024-06-02,2024-06-07,Liability,Closed,N,,1188.11,2024-08-09
CLM-000358,GC-003105,2024-06-02,2024-06-06,Liability,Closed,N,,23086.7,2024-06-06
CLM-000359,GC-003928,2024-06-04,2024-06-19,Liability,Open,N,,1211.43,
CLM-000360,GC-004932,2024-06-05,2024-06-07,Theft,Closed,N,,19181.45,2024-07-05
CLM-000361,GC-000620,2024-06-05,2024-06-09,Fire,Closed,N,,1824.59,2024-06-22
CLM-000362,GC-003794,2024-06-08,2024-06-11,Theft,Closed,N,,3771.08,2024-07-03
CLM-000363,GC-000358,2024-06-09,2024-06-11,Vandalism,Closed,N,,1108.4,2024-06-18
CLM-000364,GC-002853,2024-06-09,2024-06-13,Theft,Closed,N,,4368.55,2024-06-23
CLM-000365,GC-000221,2024-06-10,2024-06-10,Fire,Closed,N,,2791.9,2024-06-24
CLM-000366,GC-003731,2024-06-11,2024-06-23,Liability,Closed,N,,118044.4,2024-06-21
CLM-000367,GC-000882,2024-06-12,2024-06-16,Liability,Closed,N,,1980.6,2024-06-15
CLM-000368,GC-004792,2024-06-12,2024-06-20,Other Weather,Closed,N,,2455.46,2024-06-26
CLM-000369,GC-004727,2024-06-16,2024-06-17,Other Weather,Open,N,,13643.83,
CLM-000370,GC-002925,2024-06-19,2024-06-21,Theft,Closed,N,,10620.31,2024-07-23
CLM-000371,GC-001083,2024-06-29,2024-07-02,Water Damage (Non-Storm),Closed,N,,2406.54,2024-07-08
CLM-000372,GC-001092,2024-07-02,2024-07-09,Other Weather,Closed,N,,2292.0,2024-08-02
CLM-000373,GC-004119,2024-07-02,2024-07-05,Fire,Closed,N,,10784.52,2024-08-19
CLM-000374,GC-002834,2024-07-03,2024-07-09,Theft,Closed,N,,708.93,2024-07-30
CLM-000375,GC-003027,2024-07-06,2024-07-16,Vandalism,Closed,N,,1235.85,2024-07-30
CLM-000376,GC-000338,2024-07-09,2024-07-21,Vandalism,Closed,N,,28216.24,2024-08-09
CLM-000377,GC-002198,2024-07-12,2024-07-24,Liability,Open,N,,2645.26,
CLM-000378,GC-002919,2024-07-14,2024-07-15,Vandalism,Closed,N,,37946.4,2024-07-21
CLM-000379,GC-001105,2024-07-15,2024-07-17,Water Damage (Non-Storm),Closed,N,,4830.14,2024-08-12
CLM-000380,GC-002752,2024-07-17,2024-07-20,Fire,Closed,N,,1886.23,2024-08-13
CLM-000381,GC-003970,2024-07-18,2024-07-22,Fire,Closed,N,,3741.12,2024-08-25
CLM-000382,GC-003307,2024-07-21,2024-07-24,Theft,Closed,N,,9056.25,2024-08-18
CLM-000383,GC-001840,2024-07-22,2024-07-23,Other Weather,Closed,N,,1356.26,2024-07-29
CLM-000384,GC-001278,2024-07-26,2024-08-05,Water Damage (Non-Storm),Closed,N,,251158.8,2024-07-28
CLM-000385,GC-004139,2024-07-26,2024-08-04,Other Weather,Closed,N,,5021.02,2024-07-29
CLM-000386,GC-000806,2024-07-27,2024-07-30,Theft,Closed,N,,2380.77,2024-09-25
CLM-000387,GC-003679,2024-07-28,2024-07-29,Fire,Closed,N,,52809.18,2024-08-23
CLM-000388,GC-000967,2024-07-28,2024-07-29,Fire,Closed,N,,75628.28,2024-08-26
CLM-000389,GC-001066,2024-07-29,2024-07-31,Theft,Closed,N,,6801.52,2024-08-31
CLM-000390,GC-004121,2024-07-29,2024-08-04,Liability,Open,N,,2942.53,
CLM-000391,GC-002325,2024-07-30,2024-08-18,Water Damage (Non-Storm),Closed,N,,2368.41,2024-08-11
CLM-000392,GC-000169,2024-08-01,2024-08-03,Liability,Closed,N,,10865.31,2024-08-07
CLM-000393,GC-001639,2024-08-01,2024-08-03,Other Weather,Closed,N,,6525.37,2024-08-16
CLM-000394,GC-003333,2024-08-02,2024-08-08,Vandalism,Closed,N,,15678.19,2024-08-30
CLM-000395,GC-000456,2024-08-06,2024-08-14,Theft,Closed,N,,145041.37,2024-09-26
CLM-000396,GC-001459,2024-08-08,2024-08-08,Theft,Closed,N,,6789.26,2024-08-16
CLM-000397,GC-004726,2024-08-12,2024-08-21,Theft,Closed,N,,15243.29,2024-09-12
CLM-000398,GC-004821,2024-08-12,2024-08-25,Water Damage (Non-Storm),Closed,N,,22716.03,2024-09-13
CLM-000399,GC-003808,2024-08-14,2024-08-19,Other Weather,Closed,N,,6093.51,2024-09-11
CLM-000400,GC-000839,2024-08-16,2024-08-25,Lightning Strike,Closed,N,,3511.3,2024-10-11
CLM-000401,GC-003385,2024-08-17,2024-08-17,Theft,Closed,N,,4496.3,2024-08-22
CLM-000402,GC-004718,2024-08-18,2024-08-18,Other Weather,Closed,N,,8063.22,2024-10-22
CLM-000403,GC-000583,2024-08-18,2024-08-26,Liability,Closed,N,,27829.56,2024-08-30
CLM-000404,GC-002283,2024-08-18,2024-08-23,Water Damage (Non-Storm),Closed,N,,6832.63,2024-09-05
CLM-000405,GC-003326,2024-08-21,2024-08-25,Liability,Closed,N,,24992.15,2024-10-12
CLM-000406,GC-000088,2024-08-21,2024-09-03,Sinkhole,Closed,N,,1879.19,2024-09-08
CLM-000407,GC-001295,2024-08-24,2024-09-01,Liability,Closed,N,,6071.29,2024-09-07
CLM-000408,GC-004930,2024-08-24,2024-08-30,Water Damage (Non-Storm),Closed,N,,4527.25,2024-09-13
CLM-000409,GC-003976,2024-08-24,2024-08-27,Fire,Closed,N,,430.4,2024-12-02
CLM-000410,GC-002532,2024-08-24,2024-08-28,Other Weather,Closed,N,,2318.32,2024-10-12
CLM-000411,GC-000765,2024-08-25,2024-08-30,Theft,Closed,N,,4796.75,2024-09-15
CLM-000412,GC-001799,2024-08-25,2024-08-27,Fire,Closed,N,,841.27,2024-09-21
CLM-000413,GC-004994,2024-08-28,2024-08-30,Liability,Open,N,,3338.21,
CLM-000414,GC-004077,2024-09-01,2024-09-04,Other Weather,Closed,N,,2910.51,2024-11-24
CLM-000415,GC-004552,2024-09-02,2024-09-05,Liability,Closed,N,,5459.24,2024-10-09
CLM-000416,GC-002685,2024-09-04,2024-09-04,Vandalism,Closed,N,,5098.14,2024-09-18
CLM-000417,GC-002244,2024-09-05,2024-09-07,Other Weather,Closed,N,,9850.61,2024-10-11
CLM-000418,GC-002399,2024-09-08,2024-09-14,Liability,Closed,N,,18874.79,2025-01-07
CLM-000419,GC-002953,2024-09-11,2024-09-15,Other Weather,Closed,N,,36158.98,2024-09-26
CLM-000420,GC-001465,2024-09-12,2024-09-19,Other Weather,Closed,N,,1475.1,2024-10-23
CLM-000421,GC-000372,2024-09-13,2024-09-18,Theft,Closed,N,,28545.8,2024-10-09
CLM-000422,GC-003487,2024-09-13,2024-09-13,Fire,Closed,N,,2750.54,2024-10-31
CLM-000423,GC-000864,2024-09-16,2024-09-18,Liability,Closed,N,,9282.73,2024-11-08
CLM-000424,GC-003196,2024-09-17,2024-09-22,Other Weather,Closed,N,,11177.23,2024-10-09
CLM-000425,GC-000385,2024-09-19,2024-10-02,Vandalism,Closed,N,,25397.79,2024-10-11
CLM-000426,GC-002318,2024-09-25,2024-09-29,Vandalism,Closed,N,,12222.81,2024-10-07
CLM-000427,GC-002028,2024-09-27,2024-09-29,Vandalism,Closed,N,,1458.25,2024-10-08
CLM-000428,GC-003469,2024-09-28,2024-10-07,Vandalism,Closed,N,,3149.51,2024-11-09
CLM-000429,GC-004557,2024-09-29,2024-10-06,Water Damage (Non-Storm),Closed,N,,14223.52,2024-11-07
CLM-000430,GC-000275,2024-09-29,2024-10-03,Other Weather,Closed,N,,5405.98,2024-10-29
CLM-000431,GC-003814,2024-10-03,2024-10-20,Vandalism,Closed,N,,10079.87,2024-11-14
CLM-000432,GC-003998,2024-10-03,2024-10-05,Water Damage (Non-Storm),Closed,N,,1611.43,2024-10-28
CLM-000433,GC-001013,2024-10-04,2024-10-11,Water Damage (Non-Storm),Closed,N,,9846.26,2024-10-22
CLM-000434,GC-002889,2024-10-05,2024-10-06,Liability,Open,N,,2991.69,
CLM-000435,GC-003801,2024-10-07,2024-10-11,Falling Tree (Non-Storm),Closed,N,,1597.89,2024-11-08
CLM-000436,GC-002141,2024-10-09,2024-10-16,Theft,Closed,N,,11819.84,2024-11-10
CLM-000437,GC-004270,2024-10-13,2024-10-17,Liability,Closed,N,,6578.46,2024-11-03
CLM-000438,GC-003011,2024-10-15,2024-10-23,Water Damage (Non-Storm),Closed,N,,17068.05,2024-10-29
CLM-000439,GC-002216,2024-10-16,2024-10-21,Theft,Closed,N,,2892.98,2024-10-26
CLM-000440,GC-000668,2024-10-18,2024-10-27,Fire,Closed,N,,3508.02,2024-11-13
CLM-000441,GC-000002,2024-10-23,2024-10-29,Fire,Closed,N,,5741.95,2024-11-02
CLM-000442,GC-000100,2024-10-27,2024-11-03,Theft,Closed,N,,2014.53,2025-01-26
CLM-000443,GC-000569,2024-10-28,2024-11-01,Water Damage (Non-Storm),Closed,N,,13120.04,2024-11-14
CLM-000444,GC-003519,2024-10-30,2024-11-01,Other Weather,Closed,N,,9069.29,2024-12-02
CLM-000445,GC-000068,2024-10-31,2024-11-01,Water Damage (Non-Storm),Closed,N,,3428.68,2024-11-07
CLM-000446,GC-000001,2024-11-03,2024-11-06,Other Weather,Closed,N,,9487.76,2024-12-23
CLM-000447,GC-001149,2024-11-03,2024-11-06,Theft,Closed,N,,2079.07,2024-11-20
CLM-000448,GC-001541,2024-11-03,2024-11-06,Fire,Closed,N,,5209.72,2024-11-10
CLM-000449,GC-001555,2024-11-04,2024-11-04,Vandalism,Closed,N,,4098.05,2024-12-01
CLM-000450,GC-003011,2024-11-05,2024-11-05,Liability,Closed,N,,2841.56,2024-12-14
CLM-000451,GC-004837,2024-11-06,2024-11-08,Other Weather,Closed,N,,21275.47,2025-02-02
CLM-000452,GC-004028,2024-11-07,2024-11-16,Other Weather,Closed,N,,4517.94,2024-11-20
CLM-000453,GC-000918,2024-11-09,2024-11-20,Liability,Closed,N,,6824.53,2024-12-21
CLM-000454,GC-000393,2024-11-10,2024-11-11,Theft,Closed,N,,113144.86,2024-11-23
CLM-000455,GC-003506,2024-11-11,2024-11-15,Liability,Closed,N,,9047.74,2024-11-23
CLM-000456,GC-000343,2024-11-11,2024-11-17,Theft,Closed,N,,4273.97,2024-11-20
CLM-000457,GC-000934,2024-11-18,2024-11-25,Theft,Closed,N,,1320.58,2024-11-28
CLM-000458,GC-002564,2024-11-18,2024-11-20,Fire,Closed,N,,8598.64,2024-12-12
CLM-000459,GC-001371,2024-11-23,2024-11-27,Liability,Closed,N,,13359.11,2024-12-05
CLM-000460,GC-002600,2024-11-24,2024-11-29,Fire,Closed,N,,9241.42,2024-11-29
CLM-000461,GC-001744,2024-11-27,2024-12-01,Water Damage (Non-Storm),Closed,N,,4753.75,2025-01-19
CLM-000462,GC-004948,2024-11-27,2024-11-27,Other Weather,Closed,N,,2207.73,2024-12-06
CLM-000463,GC-004388,2024-11-30,2024-12-01,Other Weather,Closed,N,,22405.79,2024-12-08
CLM-000464,GC-000547,2024-12-03,2024-12-07,Fire,Closed,N,,6846.99,2024-12-13
CLM-000465,GC-000353,2024-12-04,2024-12-07,Water Damage (Non-Storm),Closed,N,,9255.19,2024-12-26
CLM-000466,GC-001374,2024-12-04,2024-12-05,Liability,Closed,N,,3800.75,2025-01-28
CLM-000467,GC-001928,2024-12-05,2024-12-11,Water Damage (Non-Storm),Closed,N,,607.43,2025-01-01
CLM-000468,GC-002987,2024-12-05,2024-12-05,Fire,Closed,N,,396.49,2024-12-24
CLM-000469,GC-001818,2024-12-06,2024-12-06,Fire,Closed,N,,112164.04,2025-02-03
CLM-000470,GC-003964,2024-12-07,2024-12-10,Vandalism,Closed,N,,1222.3,2024-12-23
CLM-000471,GC-003774,2024-12-10,2024-12-11,Lightning Strike,Closed,N,,23584.71,2025-02-13
CLM-000472,GC-000127,2024-12-11,2024-12-12,Fire,Closed,N,,21842.34,2024-12-19
CLM-000473,GC-003889,2024-12-11,2024-12-21,Fire,Closed,N,,9803.18,2025-01-02
CLM-000474,GC-002628,2024-12-12,2024-12-19,Water Damage (Non-Storm),Closed,N,,2687.14,2024-12-15
CLM-000475,GC-002279,2024-12-13,2024-12-22,Other Weather,Closed,N,,4474.99,2024-12-28
CLM-000476,GC-000906,2024-12-18,2024-12-21,Vandalism,Closed,N,,249653.21,2025-01-17
CLM-000477,GC-001178,2024-12-23,2024-12-24,Fire,Closed,N,,10100.79,2025-01-29
CLM-000478,GC-002732,2024-12-24,2024-12-31,Theft,Closed,N,,1063.55,2025-02-05
CLM-000479,GC-001811,2024-12-26,2025-01-06,Theft,Closed,N,,22183.53,2025-01-28
CLM-000480,GC-000996,2024-12-27,2024-12-30,Liability,Closed,N,,7850.19,2025-01-25
CLM-000481,GC-001108,2024-12-27,2024-12-28,Fire,Closed,N,,10277.53,2025-01-22
CLM-000482,GC-000289,2024-12-31,2025-01-09,Fire,Closed,N,,14574.65,2025-01-08
CLM-000483,GC-004194,2025-01-03,2025-01-06,Theft,Closed,N,,11971.82,2025-01-15
CLM-000484,GC-002381,2025-01-07,2025-01-10,Other Weather,Closed,N,,6463.05,2025-02-11
CLM-000485,GC-001889,2025-01-09,2025-01-15,Vandalism,Closed,N,,265441.56,2025-02-11
CLM-000486,GC-004578,2025-01-11,2025-01-11,Other Weather,Closed,N,,7204.76,2025-01-15
CLM-000487,GC-000623,2025-01-13,2025-01-13,Theft,Closed,N,,1670.4,2025-02-02
CLM-000488,GC-002411,2025-01-14,2025-01-20,Fire,Closed,N,,14579.04,2025-03-18
CLM-000489,GC-003531,2025-01-14,2025-01-24,Liability,Closed,N,,6708.97,2025-02-09
CLM-000490,GC-004377,2025-01-14,2025-01-17,Theft,Closed,N,,6230.44,2025-03-02
CLM-000491,GC-002621,2025-01-16,2025-01-20,Other Weather,Closed,N,,4145.52,2025-02-06
CLM-000492,GC-000054,2025-01-17,2025-01-20,Water Damage (Non-Storm),Closed,N,,18195.63,2025-03-07
CLM-000493,GC-004248,2025-01-17,2025-01-26,Fire,Closed,N,,10253.87,2025-01-26
CLM-000494,GC-004154,2025-01-18,2025-01-18,Other Weather,Closed,N,,5647.77,2025-02-03
CLM-000495,GC-001819,2025-01-19,2025-02-01,Fire,Closed,N,,19169.28,2025-02-08
CLM-000496,GC-003465,2025-01-20,2025-01-20,Theft,Closed,N,,4643.67,2025-03-15
CLM-000497,GC-003408,2025-01-20,2025-01-22,Other Weather,Closed,N,,3548.71,2025-03-16
CLM-000498,GC-002744,2025-01-21,2025-01-23,Liability,Closed,N,,12312.91,2025-02-09
CLM-000499,GC-002267,2025-01-21,2025-01-24,Liability,Open,N,,10484.84,
CLM-000500,GC-001479,2025-01-23,2025-01-26,Fire,Closed,N,,10181.23,2025-02-14
CLM-000501,GC-001709,2025-01-23,2025-01-30,Liability,Closed,N,,70704.03,2025-03-21
CLM-000502,GC-001412,2025-01-24,2025-01-29,Fire,Open,N,,2807.58,
CLM-000503,GC-003600,2025-01-25,2025-01-30,Fire,Closed,N,,3879.82,2025-02-16
CLM-000504,GC-004067,2025-01-25,2025-01-25,Theft,Closed,N,,14024.27,2025-01-31
CLM-000505,GC-004545,2025-01-27,2025-01-28,Fire,Open,N,,4245.16,
CLM-000506,GC-003790,2025-01-29,2025-02-05,Fire,Closed,N,,8697.01,2025-02-10
CLM-000507,GC-003492,2025-01-30,2025-02-04,Theft,Closed,N,,17632.34,2025-02-10
CLM-000508,GC-002071,2025-01-31,2025-02-12,Other Weather,Closed,N,,4070.47,2025-02-13
CLM-000509,GC-004233,2025-02-02,2025-02-09,Other Weather,Open,N,,3138.19,
CLM-000510,GC-001850,2025-02-06,2025-02-06,Water Damage (Non-Storm),Closed,N,,1029.87,2025-03-28
CLM-000511,GC-001913,2025-02-09,2025-02-11,Vandalism,Closed,N,,4295.08,2025-03-07
CLM-000512,GC-002918,2025-02-10,2025-02-12,Other Weather,Closed,N,,4402.44,2025-03-18
CLM-000513,GC-003707,2025-02-11,2025-02-17,Fire,Closed,N,,6401.03,2025-02-27
CLM-000514,GC-003323,2025-02-13,2025-02-23,Liability,Closed,N,,660.84,2025-03-08
CLM-000515,GC-003769,2025-02-13,2025-02-13,Fire,Open,N,,4091.28,
CLM-000516,GC-000247,2025-02-18,2025-02-18,Other Weather,Closed,N,,10345.97,2025-03-04
CLM-000517,GC-001299,2025-02-22,2025-02-25,Fire,Open,N,,38144.87,
CLM-000518,GC-004688,2025-02-22,2025-02-25,Other Weather,Closed,N,,8892.78,2025-03-27
CLM-000519,GC-003025,2025-02-26,2025-02-28,Fire,Closed,N,,3182.24,2025-03-07
CLM-000520,GC-003157,2025-03-06,2025-03-09,Vandalism,Open,N,,13534.91,
CLM-000521,GC-002615,2025-03-06,2025-03-14,Water Damage (Non-Storm),Closed,N,,8050.24,2025-03-17
CLM-000522,GC-003374,2025-03-06,2025-03-11,Theft,Closed,N,,14080.62,2025-04-21
CLM-000523,GC-001328,2025-03-08,2025-03-10,Theft,Closed,N,,4374.91,2025-06-04
CLM-000524,GC-004960,2025-03-08,2025-03-16,Theft,Closed,N,,22349.01,2025-03-15
CLM-000525,GC-000852,2025-03-09,2025-03-17,Other Weather,Closed,N,,4571.49,2025-04-17
CLM-000526,GC-004610,2025-03-10,2025-03-17,Vandalism,Closed,N,,13805.65,2025-03-26
CLM-000527,GC-004287,2025-03-13,2025-03-20,Theft,Closed,N,,2227.38,2025-03-20
CLM-000528,GC-002845,2025-03-17,2025-03-23,Vandalism,Closed,N,,429.71,2025-04-03
CLM-000529,GC-000292,2025-03-18,2025-03-19,Fire,Closed,N,,2193.23,2025-03-18
CLM-000530,GC-004244,2025-03-19,2025-03-25,Fire,Closed,N,,3594.22,2025-03-28
CLM-000531,GC-004665,2025-03-19,2025-03-20,Fire,Open,N,,3816.01,
CLM-000532,GC-002366,2025-03-26,2025-04-07,Water Damage (Non-Storm),Closed,N,,4214.36,2025-04-29
CLM-000533,GC-002978,2025-03-27,2025-04-02,Vandalism,Closed,N,,3098.2,2025-04-14
CLM-000534,GC-002348,2025-03-28,2025-03-31,Theft,Closed,N,,474.76,2025-04-22
CLM-000535,GC-003788,2025-03-31,2025-03-31,Other Weather,Closed,N,,9815.22,2025-06-10
CLM-000536,GC-001984,2025-04-05,2025-04-07,Other Weather,Closed,N,,35687.74,2025-05-04
CLM-000537,GC-004622,2025-04-06,2025-04-07,Falling Tree (Non-Storm),Closed,N,,6253.38,2025-04-19
CLM-000538,GC-001368,2025-04-07,2025-04-08,Liability,Closed,N,,938.61,2025-06-16
CLM-000539,GC-000168,2025-04-12,2025-04-15,Water Damage (Non-Storm),Open,N,,5126.21,
CLM-000540,GC-002731,2025-04-12,2025-04-13,Vandalism,Closed,N,,5214.11,2025-06-14
CLM-000541,GC-004084,2025-04-14,2025-04-14,Water Damage (Non-Storm),Closed,N,,4949.6,2025-05-19
CLM-000542,GC-002241,2025-04-15,2025-04-19,Water Damage (Non-Storm),Closed,N,,3496.14,2025-04-20
CLM-000543,GC-000696,2025-04-16,2025-04-17,Liability,Closed,N,,2716.55,2025-04-29
CLM-000544,GC-000080,2025-04-17,2025-04-18,Water Damage (Non-Storm),Closed,N,,27835.77,2025-04-19
CLM-000545,GC-002421,2025-04-17,2025-04-23,Other Weather,Closed,N,,8645.05,2025-05-08
CLM-000546,GC-001959,2025-04-18,2025-04-19,Fire,Open,N,,3736.11,
CLM-000547,GC-003455,2025-04-20,2025-05-12,Theft,Closed,N,,4775.17,2025-05-17
CLM-000548,GC-004187,2025-04-20,2025-04-20,Water Damage (Non-Storm),Closed,N,,5356.16,2025-05-16
CLM-000549,GC-001255,2025-04-21,2025-04-22,Liability,Closed,N,,10098.26,2025-05-29
CLM-000550,GC-000629,2025-04-26,2025-04-26,Fire,Closed,N,,7352.8,2025-06-02
CLM-000551,GC-002640,2025-04-26,2025-04-26,Theft,Closed,N,,12012.51,2025-07-15
CLM-000552,GC-004298,2025-04-28,2025-04-28,Fire,Closed,N,,13496.73,2025-06-22
CLM-000553,GC-000296,2025-05-02,2025-05-06,Theft,Open,N,,5773.68,
CLM-000554,GC-002902,2025-05-09,2025-05-10,Theft,Closed,N,,7830.74,2025-06-23
CLM-000555,GC-003855,2025-05-10,2025-05-11,Liability,Closed,N,,2333.32,2025-06-01
CLM-000556,GC-002867,2025-05-10,2025-05-15,Liability,Closed,N,,11749.24,2025-05-20
CLM-000557,GC-001415,2025-05-11,2025-05-13,Theft,Closed,N,,26716.39,2025-05-30
CLM-000558,GC-002238,2025-05-11,2025-05-12,Other Weather,Closed,N,,9699.55,2025-05-27
CLM-000559,GC-004981,2025-05-15,2025-05-21,Liability,Closed,N,,10268.54,2025-06-29
CLM-000560,GC-002003,2025-05-19,2025-05-26,Water Damage (Non-Storm),Closed,N,,4287.59,2025-07-12
CLM-000561,GC-001296,2025-05-19,2025-05-22,Theft,Closed,N,,4021.77,2025-07-22
CLM-000562,GC-001566,2025-05-21,2025-05-26,Other Weather,Closed,N,,4005.92,2025-07-19
CLM-000563,GC-004911,2025-05-21,2025-05-21,Liability,Closed,N,,5836.34,2025-05-25
CLM-000564,GC-004956,2025-05-21,2025-05-23,Theft,Closed,N,,5785.12,2025-08-16
CLM-000565,GC-000436,2025-05-28,2025-05-28,Theft,Closed,N,,6085.4,2025-05-29
CLM-000566,GC-003099,2025-05-30,2025-06-04,Theft,Closed,N,,74298.84,2025-06-11
CLM-000567,GC-004607,2025-06-01,2025-06-06,Frozen Pipe Burst,Closed,N,,49041.29,2025-07-02
CLM-000568,GC-000939,2025-06-01,2025-06-02,Theft,Closed,N,,64121.05,2025-08-02
CLM-000569,GC-003339,2025-06-04,2025-06-09,Theft,Closed,N,,12938.54,2025-06-20
CLM-000570,GC-003714,2025-06-06,2025-06-07,Fire,Closed,N,,5482.87,2025-07-27
CLM-000571,GC-000397,2025-06-06,2025-06-09,Other Weather,Closed,N,,3600.2,2025-08-07
CLM-000572,GC-000007,2025-06-07,2025-06-09,Other Weather,Closed,N,,1143.9,2025-07-27
CLM-000573,GC-000355,2025-06-09,2025-06-10,Other Weather,Open,N,,3957.53,
CLM-000574,GC-000794,2025-06-10,2025-06-11,Liability,Closed,N,,1520.09,2025-07-05
CLM-000575,GC-001515,2025-06-12,2025-06-13,Lightning Strike,Closed,N,,169.32,2025-06-29
CLM-000576,GC-000766,2025-06-13,2025-06-16,Fire,Closed,N,,6237.66,2025-06-29
CLM-000577,GC-001008,2025-06-15,2025-06-22,Vandalism,Closed,N,,486.42,2025-07-24
CLM-000578,GC-000817,2025-06-15,2025-06-15,Other Weather,Closed,N,,5237.58,2025-07-08
CLM-000579,GC-004038,2025-06-17,2025-06-21,Other Weather,Closed,N,,5685.86,2025-07-12
CLM-000580,GC-001872,2025-06-17,2025-06-18,Fire,Closed,N,,16912.58,2025-06-21
CLM-000581,GC-003925,2025-06-18,2025-06-18,Other Weather,Closed,N,,77917.38,2025-07-26
CLM-000582,GC-004907,2025-06-20,2025-06-20,Vandalism,Closed,N,,6168.07,2025-07-03
CLM-000583,GC-003063,2025-06-21,2025-06-22,Water Damage (Non-Storm),Closed,N,,49566.23,2025-07-31
CLM-000584,GC-000018,2025-06-26,2025-06-30,Vandalism,Closed,N,,6277.16,2025-07-29
CLM-000585,GC-003716,2025-06-26,2025-07-02,Vandalism,Closed,N,,6491.57,2025-07-10
CLM-000586,GC-000106,2025-06-29,2025-06-30,Vandalism,Closed,N,,6565.38,2025-07-18
CLM-000587,GC-003787,2025-06-30,2025-07-04,Vandalism,Closed,N,,5824.52,2025-07-02
CLM-000588,GC-000894,2025-06-30,2025-07-06,Liability,Closed,N,,7061.24,2025-08-15
CLM-000589,GC-003653,2025-06-30,2025-07-10,Theft,Closed,N,,880.8,2025-07-31
CLM-000590,GC-004314,2025-06-30,2025-07-06,Fire,Closed,N,,1473.83,2025-07-09
CLM-000591,GC-000242,2025-06-30,2025-06-30,Fire,Closed,N,,9440.78,2025-09-26
CLM-000592,GC-000499,2025-07-01,2025-07-02,Vandalism,Closed,N,,2112.95,2025-08-05
CLM-000593,GC-001525,2025-07-03,2025-07-05,Theft,Closed,N,,6760.0,2025-08-09
CLM-000594,GC-001873,2025-07-04,2025-07-07,Liability,Closed,N,,1584.62,2025-07-15
CLM-000595,GC-003690,2025-07-04,2025-07-05,Lightning Strike,Closed,N,,5043.98,2025-07-21
CLM-000596,GC-001588,2025-07-05,2025-07-08,Fire,Closed,N,,2559.38,2025-07-30
CLM-000597,GC-002736,2025-07-07,2025-07-08,Water Damage (Non-Storm),Closed,N,,5615.83,2025-07-24
CLM-000598,GC-001253,2025-07-07,2025-07-09,Theft,Closed,N,,9834.81,2025-08-22
CLM-000599,GC-002166,2025-07-09,2025-07-09,Water Damage (Non-Storm),Open,N,,2436.74,
CLM-000600,GC-001949,2025-07-10,2025-07-16,Theft,Closed,N,,2969.05,2025-07-23
CLM-000601,GC-004363,2025-07-11,2025-07-17,Vandalism,Closed,N,,1423.43,2025-07-18
CLM-000602,GC-000143,2025-07-12,2025-07-14,Theft,Closed,N,,4015.7,2025-09-17
CLM-000603,GC-003003,2025-07-14,2025-07-14,Vandalism,Closed,N,,16177.47,2025-07-23
CLM-000604,GC-004054,2025-07-14,2025-07-21,Liability,Closed,N,,6547.34,2025-07-23
CLM-000605,GC-000129,2025-07-15,2025-07-19,Liability,Closed,N,,11082.73,2025-08-17
CLM-000606,GC-000679,2025-07-16,2025-07-17,Water Damage (Non-Storm),Closed,N,,11352.69,2025-09-01
CLM-000607,GC-004103,2025-07-17,2025-07-23,Liability,Closed,N,,1360.32,2025-08-09
CLM-000608,GC-002371,2025-07-17,2025-07-24,Fire,Closed,N,,5494.43,2025-08-20
CLM-000609,GC-002234,2025-07-17,2025-07-18,Theft,Closed,N,,7831.52,2025-07-20
CLM-000610,GC-002690,2025-07-18,2025-07-19,Water Damage (Non-Storm),Closed,N,,23548.51,2025-07-29
CLM-000611,GC-000965,2025-07-19,2025-07-24,Liability,Closed,N,,1912.34,2025-07-25
CLM-000612,GC-000622,2025-07-21,2025-07-25,Fire,Closed,N,,45220.32,2025-08-03
CLM-000613,GC-001010,2025-07-22,2025-07-28,Liability,Closed,N,,4202.79,2025-08-13
CLM-000614,GC-003652,2025-07-23,2025-07-25,Vandalism,Closed,N,,3545.02,2025-08-14
CLM-000615,GC-001923,2025-07-23,2025-07-27,Other Weather,Closed,N,,10083.36,2025-07-26
CLM-000616,GC-000916,2025-07-25,2025-07-27,Liability,Closed,N,,971.52,2025-10-08
CLM-000617,GC-000073,2025-07-26,2025-08-02,Vandalism,Closed,N,,48467.72,2025-07-31
CLM-000618,GC-003126,2025-07-27,2025-08-09,Vandalism,Closed,N,,1869.9,2025-09-05
CLM-000619,GC-000212,2025-07-27,2025-07-30,Fire,Closed,N,,70669.42,2025-09-28
CLM-000620,GC-003514,2025-07-27,2025-07-27,Theft,Closed,N,,6703.48,2025-09-04
CLM-000621,GC-003187,2025-08-06,2025-08-07,Vandalism,Closed,N,,4405.73,2025-08-13
CLM-000622,GC-001408,2025-08-07,2025-08-12,Vandalism,Closed,N,,1213.76,2025-09-16
CLM-000623,GC-000540,2025-08-10,2025-08-10,Other Weather,Closed,N,,23218.59,2025-10-28
CLM-000624,GC-003601,2025-08-16,2025-08-22,Fire,Closed,N,,10213.52,2025-10-30
CLM-000625,GC-001858,2025-08-16,2025-08-16,Other Weather,Closed,N,,1937.29,2025-09-06
CLM-000626,GC-003651,2025-08-17,2025-08-20,Other Weather,Closed,N,,1177.75,2025-08-20
CLM-000627,GC-004710,2025-08-18,2025-08-28,Water Damage (Non-Storm),Closed,N,,11611.73,2025-09-25
CLM-000628,GC-002093,2025-08-21,2025-08-25,Fire,Closed,N,,2732.47,2025-09-13
CLM-000629,GC-003920,2025-08-24,2025-08-31,Theft,Closed,N,,4777.33,2025-10-23
CLM-000630,GC-002885,2025-08-25,2025-08-28,Liability,Closed,N,,658.22,2025-11-11
CLM-000631,GC-003860,2025-08-26,2025-09-03,Vandalism,Closed,N,,2815.19,2025-09-14
CLM-000632,GC-000153,2025-08-30,2025-09-01,Theft,Closed,N,,12250.37,2025-10-02
CLM-000633,GC-002232,2025-08-30,2025-09-02,Water Damage (Non-Storm),Closed,N,,5279.2,2025-10-27
CLM-000634,GC-002399,2025-08-30,2025-08-31,Theft,Closed,N,,33489.15,2025-09-28
CLM-000635,GC-000698,2025-09-02,2025-09-02,Vandalism,Closed,N,,10840.16,2025-10-02
CLM-000636,GC-000509,2025-09-02,2025-09-09,Water Damage (Non-Storm),Closed,N,,18764.84,2025-09-15
CLM-000637,GC-001432,2025-09-04,2025-09-06,Fire,Closed,N,,14630.82,2025-09-20
CLM-000638,GC-002253,2025-09-05,2025-09-05,Water Damage (Non-Storm),Closed,N,,1642.86,2025-09-24
CLM-000639,GC-002920,2025-09-05,2025-09-08,Theft,Closed,N,,14168.16,2025-11-04
CLM-000640,GC-004686,2025-09-06,2025-09-10,Theft,Closed,N,,60291.8,2025-09-30
CLM-000641,GC-003619,2025-09-07,2025-09-08,Frozen Pipe Burst,Closed,N,,6492.28,2025-10-03
CLM-000642,GC-004545,2025-09-14,2025-09-26,Theft,Closed,N,,5581.21,2025-10-14
CLM-000643,GC-000653,2025-09-15,2025-09-23,Other Weather,Closed,N,,4976.5,2025-09-26
CLM-000644,GC-004288,2025-09-16,2025-09-18,Vandalism,Closed,N,,9538.43,2025-10-15
CLM-000645,GC-001228,2025-09-17,2025-09-20,Other Weather,Closed,N,,12549.99,2025-10-15
CLM-000646,GC-000284,2025-09-19,2025-09-24,Liability,Closed,N,,2154.58,2025-12-06
CLM-000647,GC-002402,2025-09-20,2025-09-20,Other Weather,Closed,N,,21990.72,2025-09-29
CLM-000648,GC-002545,2025-09-25,2025-10-02,Other Weather,Closed,N,,1336.11,2025-12-05
CLM-000649,GC-000929,2025-09-25,2025-10-03,Water Damage (Non-Storm),Open,N,,13728.24,
CLM-000650,GC-003743,2025-09-27,2025-09-30,Other Weather,Closed,N,,2276.53,2025-12-12
CLM-000651,GC-001784,2025-09-27,2025-10-06,Vandalism,Closed,N,,6187.05,2025-10-04
CLM-000652,GC-004320,2025-09-28,2025-09-29,Fire,Closed,N,,2746.48,2025-11-01
CLM-000653,GC-000220,2025-09-29,2025-09-29,Liability,Closed,N,,5941.56,2025-10-04
CLM-000654,GC-000793,2025-10-01,2025-10-02,Fire,Closed,N,,7676.84,2025-10-14
CLM-000655,GC-004283,2025-10-03,2025-10-07,Water Damage (Non-Storm),Closed,N,,1266.56,2025-10-10
CLM-000656,GC-000767,2025-10-03,2025-10-04,Vandalism,Closed,N,,3203.06,2025-10-18
CLM-000657,GC-002444,2025-10-05,2025-10-06,Theft,Open,N,,326.28,
CLM-000658,GC-004937,2025-10-05,2025-10-09,Theft,Closed,N,,18700.79,2025-10-31
CLM-000659,GC-001930,2025-10-07,2025-10-09,Vandalism,Closed,N,,6225.2,2025-11-17
CLM-000660,GC-001221,2025-10-08,2025-10-16,Fire,Closed,N,,4130.96,2025-11-01
CLM-000661,GC-000681,2025-10-09,2025-10-15,Water Damage (Non-Storm),Closed,N,,3856.22,2026-01-13
CLM-000662,GC-004785,2025-10-12,2025-10-13,Vandalism,Closed,N,,770.32,2025-11-06
CLM-000663,GC-004607,2025-10-12,2025-10-15,Fire,Closed,N,,5783.84,2025-10-24
CLM-000664,GC-000837,2025-10-14,2025-10-16,Other Weather,Closed,N,,5164.17,2025-11-07
CLM-000665,GC-003455,2025-10-14,2025-10-14,Water Damage (Non-Storm),Closed,N,,8251.74,2025-11-07
CLM-000666,GC-002165,2025-10-16,2025-10-18,Other Weather,Closed,N,,3077.97,2025-11-05
CLM-000667,GC-002038,2025-10-17,2025-10-19,Fire,Open,N,,11127.75,
CLM-000668,GC-001335,2025-10-19,2025-10-20,Fire,Closed,N,,6902.94,2025-10-24
CLM-000669,GC-004033,2025-10-19,2025-10-24,Frozen Pipe Burst,Closed,N,,10341.81,2025-11-10
CLM-000670,GC-004170,2025-10-21,2025-10-25,Theft,Closed,N,,11763.03,2025-12-15
CLM-000671,GC-004056,2025-10-22,2025-10-25,Other Weather,Closed,N,,1515.17,2025-11-23
CLM-000672,GC-004528,2025-10-23,2025-10-25,Water Damage (Non-Storm),Closed,N,,21180.36,2025-11-06
CLM-000673,GC-002394,2025-10-25,2025-11-01,Theft,Closed,N,,4917.07,2025-11-02
CLM-000674,GC-003801,2025-10-26,2025-11-03,Water Damage (Non-Storm),Closed,N,,17715.5,2025-11-01
CLM-000675,GC-000720,2025-10-26,2025-10-27,Liability,Closed,N,,3579.43,2025-11-11
CLM-000676,GC-004982,2025-10-30,2025-10-30,Other Weather,Closed,N,,6678.82,2025-12-04
CLM-000677,GC-000267,2025-11-01,2025-11-06,Water Damage (Non-Storm),Closed,N,,1348.01,2025-11-21
CLM-000678,GC-003688,2025-11-01,2025-11-04,Liability,Closed,N,,10627.36,2025-11-08
CLM-000679,GC-001827,2025-11-02,2025-11-02,Fire,Closed,N,,1793.63,2025-12-03
CLM-000680,GC-004942,2025-11-02,2025-11-05,Other Weather,Closed,N,,7436.78,2025-11-27
CLM-000681,GC-002950,2025-11-03,2025-11-09,Water Damage (Non-Storm),Closed,N,,34867.58,2025-12-06
CLM-000682,GC-001707,2025-11-05,2025-11-05,Water Damage (Non-Storm),Closed,N,,2667.23,2026-02-19
CLM-000683,GC-002829,2025-11-06,2025-11-17,Fire,Closed,N,,16732.4,2025-12-22
CLM-000684,GC-004114,2025-11-07,2025-11-14,Water Damage (Non-Storm),Closed,N,,22614.96,2025-12-09
CLM-000685,GC-002178,2025-11-07,2025-11-17,Fire,Closed,N,,7108.29,2026-01-16
CLM-000686,GC-001724,2025-11-07,2025-11-09,Theft,Closed,N,,6068.34,2025-11-14
CLM-000687,GC-003554,2025-11-08,2025-11-14,Other Weather,Closed,N,,4485.5,2025-12-17
CLM-000688,GC-001343,2025-11-10,2025-11-12,Liability,Closed,N,,9191.78,2025-12-19
CLM-000689,GC-000211,2025-11-10,2025-11-17,Water Damage (Non-Storm),Closed,N,,16929.88,2026-01-03
CLM-000690,GC-003619,2025-11-11,2025-11-13,Liability,Closed,N,,4809.79,2025-12-29
CLM-000691,GC-004992,2025-11-15,2025-11-15,Water Damage (Non-Storm),Closed,N,,2777.09,2025-11-20
CLM-000692,GC-002915,2025-11-15,2025-11-15,Liability,Closed,N,,396.17,2025-12-18
CLM-000693,GC-003677,2025-11-17,2025-11-26,Vandalism,Closed,N,,2624.92,2025-12-15
CLM-000694,GC-001523,2025-11-18,2025-11-18,Other Weather,Closed,N,,26512.21,2025-12-07
CLM-000695,GC-004554,2025-11-20,2025-11-27,Liability,Closed,N,,2627.69,2025-11-25
CLM-000696,GC-003012,2025-11-22,2025-11-23,Other Weather,Closed,N,,6056.72,2025-12-17
CLM-000697,GC-001061,2025-11-25,2025-11-26,Vandalism,Closed,N,,26742.26,2026-02-24
CLM-000698,GC-003076,2025-11-26,2025-11-28,Other Weather,Closed,N,,16698.75,2026-01-14
CLM-000699,GC-000389,2025-11-26,2025-11-29,Theft,Open,N,,6727.11,
CLM-000700,GC-000816,2025-11-29,2025-12-05,Liability,Closed,N,,3656.66,2025-12-10
CLM-000701,GC-003867,2025-11-30,2025-12-02,Liability,Closed,N,,10321.58,2025-12-09
CLM-000702,GC-001176,2025-12-01,2025-12-06,Liability,Open,N,,801.3,
CLM-000703,GC-003130,2025-12-02,2025-12-02,Theft,Closed,N,,24472.99,2026-01-10
CLM-000704,GC-002038,2025-12-06,2025-12-09,Water Damage (Non-Storm),Closed,N,,26466.39,2026-02-03
CLM-000705,GC-003823,2025-12-06,2025-12-06,Water Damage (Non-Storm),Closed,N,,1097.9,2025-12-20
CLM-000706,GC-001806,2025-12-09,2025-12-09,Theft,Closed,N,,80916.31,2025-12-18
CLM-000707,GC-001029,2025-12-09,2025-12-15,Other Weather,Closed,N,,1754.31,2026-01-07
CLM-000708,GC-002249,2025-12-15,2025-12-27,Other Weather,Closed,N,,14778.99,2025-12-24
CLM-000709,GC-001357,2025-12-17,2025-12-18,Liability,Closed,N,,1459.57,2026-01-09
CLM-000710,GC-004658,2025-12-19,2025-12-19,Liability,Closed,N,,1593.49,2025-12-24
CLM-000711,GC-003064,2025-12-21,2025-12-31,Theft,Closed,N,,40998.08,2026-02-11
CLM-000712,GC-002191,2025-12-21,2025-12-21,Theft,Closed,N,,6751.94,2025-12-25
CLM-000713,GC-001952,2025-12-22,2025-12-24,Water Damage (Non-Storm),Closed,N,,4107.67,2026-01-23
CLM-000714,GC-000647,2025-12-23,2025-12-26,Other Weather,Closed,N,,1731.88,2026-03-05
CLM-000715,GC-000757,2025-12-24,2026-01-09,Vandalism,Closed,N,,5779.19,2026-02-24
CLM-000716,GC-002371,2025-12-24,2026-01-05,Other Weather,Closed,N,,839.34,2026-01-03
CLM-000717,GC-001820,2025-12-24,2026-01-07,Lightning Strike,Closed,N,,405.71,2026-01-07
CLM-000718,GC-001367,2025-12-28,2025-12-28,Other Weather,Closed,N,,11055.47,2026-02-14
CLM-000719,GC-003780,2025-12-28,2025-12-29,Fire,Closed,N,,7731.77,2026-01-15
CLM-000720,GC-002353,2025-12-30,2025-12-30,Vandalism,Closed,N,,3554.05,2026-01-10
CLM-000721,GC-004133,2026-01-01,2026-01-01,Other Weather,Open,N,,4229.4,
CLM-000722,GC-004335,2026-01-02,2026-01-07,Water Damage (Non-Storm),Closed,N,,7178.22,2026-02-10
CLM-000723,GC-002591,2026-01-04,2026-01-06,Water Damage (Non-Storm),Closed,N,,22378.83,2026-01-20
CLM-000724,GC-001505,2026-01-06,2026-01-16,Theft,Closed,N,,5898.0,2026-01-16
CLM-000725,GC-002359,2026-01-08,2026-01-08,Other Weather,Closed,N,,5240.56,2026-01-30
CLM-000726,GC-003321,2026-01-09,2026-01-11,Other Weather,Closed,N,,2790.07,2026-03-09
CLM-000727,GC-003506,2026-01-15,2026-01-18,Theft,Closed,N,,15466.18,2026-02-21
CLM-000728,GC-003980,2026-01-16,2026-01-18,Water Damage (Non-Storm),Closed,N,,5389.51,2026-02-20
CLM-000729,GC-000189,2026-01-17,2026-01-26,Theft,Closed,N,,19633.81,2026-03-13
CLM-000730,GC-004805,2026-01-18,2026-01-18,Other Weather,Closed,N,,18370.9,2026-02-04
CLM-000731,GC-002439,2026-01-19,2026-02-01,Water Damage (Non-Storm),Closed,N,,335.5,2026-04-03
CLM-000732,GC-004629,2026-01-19,2026-01-21,Vandalism,Closed,N,,11319.28,2026-03-16
CLM-000733,GC-001782,2026-01-20,2026-01-21,Liability,Closed,N,,1655.25,2026-03-15
CLM-000734,GC-003322,2026-01-21,2026-01-28,Fire,Open,N,,15792.03,
CLM-000735,GC-002326,2026-01-22,2026-01-25,Fire,Open,N,,16514.99,
CLM-000736,GC-000436,2026-01-23,2026-01-24,Liability,Closed,N,,3661.47,2026-02-15
CLM-000737,GC-002141,2026-01-24,2026-01-31,Water Damage (Non-Storm),Closed,N,,15901.59,2026-03-10
CLM-000738,GC-002131,2026-02-01,2026-02-11,Liability,Closed,N,,1553.01,2026-03-23
CLM-000739,GC-003906,2026-02-01,2026-02-04,Sinkhole,Closed,N,,55052.04,2026-03-05
CLM-000740,GC-002231,2026-02-03,2026-02-03,Fire,Closed,N,,3909.53,2026-04-06
CLM-000741,GC-002585,2026-02-03,2026-02-07,Fire,Closed,N,,8023.99,2026-02-16
CLM-000742,GC-004457,2026-02-05,2026-02-10,Fire,Open,N,,2534.5,
CLM-000743,GC-000028,2026-02-06,2026-02-10,Fire,Closed,N,,4419.92,2026-03-03
CLM-000744,GC-003104,2026-02-06,2026-02-07,Fire,Closed,N,,2811.69,2026-02-22
CLM-000745,GC-003009,2026-02-08,2026-02-12,Other Weather,Closed,N,,2502.66,2026-02-09
CLM-000746,GC-001591,2026-02-11,2026-02-19,Fire,Closed,N,,1916.23,2026-03-09
CLM-000747,GC-000852,2026-02-12,2026-02-22,Water Damage (Non-Storm),Closed,N,,9280.15,2026-03-02
CLM-000748,GC-001177,2026-02-13,2026-02-21,Other Weather,Closed,N,,1858.38,2026-02-28
CLM-000749,GC-002654,2026-02-17,2026-02-23,Water Damage (Non-Storm),Closed,N,,13814.58,2026-02-18
CLM-000750,GC-003675,2026-02-19,2026-02-22,Sinkhole,Closed,N,,10824.62,2026-05-14
CLM-000751,GC-004596,2026-02-19,2026-02-25,Vandalism,Closed,N,,6898.22,2026-03-14
CLM-000752,GC-001045,2026-02-21,2026-02-25,Vandalism,Closed,N,,50886.15,2026-03-09
CLM-000753,GC-000329,2026-02-22,2026-03-03,Fire,Closed,N,,284.97,2026-04-18
CLM-000754,GC-002630,2026-02-24,2026-03-04,Vandalism,Closed,N,,5470.57,2026-05-08
CLM-000755,GC-002694,2026-02-24,2026-02-24,Other Weather,Closed,N,,37097.99,2026-03-08
CLM-000756,GC-003911,2026-02-26,2026-02-26,Theft,Closed,N,,41314.27,2026-03-07
CLM-000757,GC-003484,2026-02-27,2026-03-04,Water Damage (Non-Storm),Closed,N,,5929.43,2026-03-26
CLM-000758,GC-003698,2026-02-28,2026-03-06,Liability,Closed,N,,23364.77,2026-03-30
CLM-000759,GC-004007,2026-03-01,2026-03-02,Other Weather,Closed,N,,8258.41,2026-03-23
CLM-000760,GC-000803,2026-03-02,2026-03-02,Liability,Closed,N,,2628.77,2026-03-30
CLM-000761,GC-002704,2026-03-02,2026-03-06,Other Weather,Closed,N,,27208.62,2026-04-18
CLM-000762,GC-003272,2026-03-05,2026-03-06,Water Damage (Non-Storm),Closed,N,,21792.14,2026-06-17
CLM-000763,GC-004855,2026-03-06,2026-03-09,Fire,Closed,N,,7272.76,2026-03-21
CLM-000764,GC-000506,2026-03-12,2026-03-19,Theft,Closed,N,,11728.3,2026-04-07
CLM-000765,GC-003395,2026-03-13,2026-03-14,Other Weather,Closed,N,,1893.81,2026-04-27
CLM-000766,GC-001731,2026-03-19,2026-03-23,Vandalism,Closed,N,,133323.1,2026-04-06
CLM-000767,GC-001168,2026-03-23,2026-03-26,Vandalism,Closed,N,,13343.64,2026-04-03
CLM-000768,GC-002796,2026-03-25,2026-03-25,Vandalism,Closed,N,,8755.9,2026-04-26
CLM-000769,GC-000765,2026-03-27,2026-03-27,Fire,Closed,N,,2342.63,2026-05-01
CLM-000770,GC-003259,2026-03-27,2026-03-28,Other Weather,Closed,N,,3157.37,2026-05-10
CLM-000771,GC-003932,2026-03-28,2026-04-05,Fire,Closed,N,,17365.48,2026-04-01
CLM-000772,GC-003784,2026-03-29,2026-03-29,Theft,Closed,N,,1174.66,2026-05-09
CLM-000773,GC-001892,2026-03-29,2026-04-02,Liability,Closed,N,,17770.95,2026-04-29
CLM-000774,GC-003157,2026-03-30,2026-03-31,Theft,Closed,N,,40486.5,2026-04-23
CLM-000775,GC-004256,2026-03-30,2026-03-30,Vandalism,Closed,N,,6141.55,2026-05-26
CLM-000776,GC-001289,2026-03-30,2026-04-01,Water Damage (Non-Storm),Closed,N,,6421.38,2026-05-06
CLM-000777,GC-004450,2026-03-31,2026-04-03,Other Weather,Closed,N,,2245.37,2026-05-08
CLM-000778,GC-002257,2026-04-01,2026-04-06,Vandalism,Closed,N,,4726.26,2026-04-24
CLM-000779,GC-004611,2026-04-02,2026-04-03,Vandalism,Closed,N,,23335.47,2026-04-17
CLM-000780,GC-002908,2026-04-02,2026-04-03,Theft,Closed,N,,31523.76,2026-04-14
CLM-000781,GC-002135,2026-04-02,2026-04-04,Other Weather,Closed,N,,4471.08,2026-04-14
CLM-000782,GC-000450,2026-04-06,2026-04-09,Theft,Closed,N,,6716.14,2026-04-28
CLM-000783,GC-002396,2026-04-07,2026-05-02,Theft,Closed,N,,5428.27,2026-04-29
CLM-000784,GC-001783,2026-04-07,2026-04-08,Other Weather,Closed,N,,2342.21,2026-05-16
CLM-000785,GC-001668,2026-04-08,2026-04-18,Other Weather,Closed,N,,5486.78,2026-05-08
CLM-000786,GC-000817,2026-04-09,2026-04-12,Fire,Closed,N,,5236.39,2026-05-18
CLM-000787,GC-003758,2026-04-10,2026-04-16,Fire,Closed,N,,4062.76,2026-04-16
CLM-000788,GC-004938,2026-04-11,2026-04-15,Fire,Closed,N,,3664.73,2026-04-18
CLM-000789,GC-003769,2026-04-12,2026-04-15,Liability,Closed,N,,15054.91,2026-05-19
CLM-000790,GC-002457,2026-04-13,2026-04-13,Liability,Closed,N,,2174.29,2026-05-29
CLM-000791,GC-004927,2026-04-14,2026-04-16,Liability,Closed,N,,2597.78,2026-06-05
CLM-000792,GC-000464,2026-04-19,2026-04-21,Fire,Closed,N,,10805.11,2026-04-23
CLM-000793,GC-000872,2026-04-19,2026-04-24,Other Weather,Closed,N,,43421.91,2026-05-25
CLM-000794,GC-000249,2026-04-20,2026-04-26,Water Damage (Non-Storm),Closed,N,,1919.02,2026-04-27
CLM-000795,GC-000860,2026-04-23,2026-04-24,Liability,Closed,N,,3232.02,2026-06-23
CLM-000796,GC-003114,2026-04-26,2026-04-28,Theft,Closed,N,,3030.77,2026-05-02
CLM-000797,GC-002274,2026-04-30,2026-05-01,Water Damage (Non-Storm),Closed,N,,5293.54,2026-05-14
CLM-000798,GC-003090,2026-05-01,2026-05-05,Water Damage (Non-Storm),Closed,N,,4537.91,2026-06-02
CLM-000799,GC-003287,2026-05-03,2026-05-04,Vandalism,Closed,N,,2141.61,2026-05-13
CLM-000800,GC-001651,2026-05-03,2026-05-05,Liability,Closed,N,,2811.47,2026-06-19
CLM-000801,GC-000710,2026-05-04,2026-05-09,Vandalism,Closed,N,,7617.21,2026-05-04
CLM-000802,GC-001073,2026-05-04,2026-05-05,Theft,Closed,N,,15139.62,2026-06-04
CLM-000803,GC-003806,2026-05-05,2026-05-07,Fire,Closed,N,,12007.09,2026-05-30
CLM-000804,GC-000475,2026-05-06,2026-05-06,Other Weather,Closed,N,,12948.57,2026-05-29
CLM-000805,GC-002773,2026-05-07,2026-05-09,Other Weather,Closed,N,,5598.65,2026-05-14
CLM-000806,GC-002743,2026-05-07,2026-05-10,Frozen Pipe Burst,Closed,N,,3140.31,2026-05-10
CLM-000807,GC-003763,2026-05-10,2026-05-14,Fire,Closed,N,,7979.44,2026-06-18
CLM-000808,GC-004331,2026-05-11,2026-05-14,Other Weather,Closed,N,,1413.14,2026-05-20
CLM-000809,GC-000161,2026-05-12,2026-05-15,Other Weather,Closed,N,,3366.6,2026-07-01
CLM-000810,GC-003085,2026-05-13,2026-05-18,Water Damage (Non-Storm),Open,N,,3783.79,
CLM-000811,GC-002428,2026-05-16,2026-05-19,Fire,Closed,N,,10500.89,2026-06-02
CLM-000812,GC-003570,2026-05-16,2026-05-18,Liability,Open,N,,62369.01,
CLM-000813,GC-004081,2026-05-16,2026-05-18,Liability,Closed,N,,4895.19,2026-06-24
CLM-000814,GC-004741,2026-05-16,2026-05-20,Theft,Closed,N,,380.86,2026-05-22
CLM-000815,GC-003607,2026-05-18,2026-05-18,Theft,Closed,N,,2856.57,2026-06-30
CLM-000816,GC-001983,2026-05-19,2026-05-29,Liability,Closed,N,,1677.99,2026-06-20
CLM-000817,GC-002923,2026-05-21,2026-05-27,Vandalism,Closed,N,,7374.71,2026-07-13
CLM-000818,GC-003893,2026-05-21,2026-05-28,Theft,Closed,N,,9786.17,2026-06-06
CLM-000819,GC-001193,2026-05-22,2026-05-22,Other Weather,Open,N,,7865.23,
CLM-000820,GC-000754,2026-05-24,2026-05-27,Vandalism,Closed,N,,3284.31,2026-06-28
CLM-000821,GC-004109,2026-05-27,2026-05-31,Fire,Closed,N,,4515.8,2026-06-25
CLM-000822,GC-000847,2026-05-27,2026-06-03,Fire,Closed,N,,14874.08,2026-06-20
CLM-000823,GC-004648,2026-05-28,2026-05-29,Fire,Closed,N,,5432.29,2026-06-07
CLM-000824,GC-004801,2026-05-30,2026-06-03,Other Weather,Open,N,,2262.01,
CLM-000825,GC-000673,2026-05-31,2026-05-31,Other Weather,Closed,N,,7952.58,2026-08-07
CLM-000826,GC-004200,2026-06-02,2026-06-07,Water Damage (Non-Storm),Open,N,,7969.53,
CLM-000827,GC-000818,2026-06-02,2026-06-04,Other Weather,Open,N,,1923.83,
CLM-000828,GC-001327,2026-06-03,2026-06-06,Vandalism,Closed,N,,4508.41,2026-07-07
CLM-000829,GC-004599,2026-06-05,2026-06-07,Water Damage (Non-Storm),Open,N,,1320.35,
CLM-000830,GC-004041,2026-06-05,2026-06-07,Vandalism,Closed,N,,7493.81,2026-08-02
CLM-000831,GC-004389,2026-06-05,2026-06-10,Other Weather,Open,N,,10041.16,
CLM-000832,GC-000726,2026-06-06,2026-06-14,Other Weather,Closed,N,,17103.17,2026-06-16
CLM-000833,GC-000740,2026-06-09,2026-06-11,Vandalism,Closed,N,,13329.33,2026-06-23
CLM-000834,GC-004771,2026-06-09,2026-06-11,Water Damage (Non-Storm),Closed,N,,92194.44,2026-06-30
CLM-000835,GC-002021,2026-06-09,2026-06-17,Liability,Closed,N,,19842.99,2026-06-24
CLM-000836,GC-003922,2026-06-13,2026-06-22,Fire,Open,N,,9165.87,
CLM-000837,GC-002092,2026-06-14,2026-06-15,Other Weather,Open,N,,9403.51,
CLM-000838,GC-002000,2026-06-16,2026-06-22,Fire,Open,N,,1444.74,
CLM-000839,GC-000963,2026-06-16,2026-06-16,Liability,Closed,N,,4342.68,2026-08-15
CLM-000840,GC-004603,2026-06-17,2026-06-29,Vandalism,Closed,N,,250.04,2026-08-11
CLM-000841,GC-003356,2026-06-17,2026-06-17,Vandalism,Open,N,,2863.54,
CLM-000842,GC-002973,2026-06-17,2026-07-02,Vandalism,Closed,N,,9979.89,2026-06-30
CLM-000843,GC-003696,2026-06-17,2026-06-22,Fire,Open,N,,6686.43,
CLM-000844,GC-001668,2026-06-23,2026-06-29,Vandalism,Closed,N,,5287.96,2026-07-01
CLM-000845,GC-000970,2026-06-24,2026-06-25,Liability,Open,N,,12154.52,
CLM-000846,GC-001580,2026-06-25,2026-06-30,Water Damage (Non-Storm),Closed,N,,4968.26,2026-07-17
CLM-000847,GC-001160,2026-06-26,2026-06-26,Fire,Closed,N,,5983.93,2026-07-08
CLM-000848,GC-000961,2026-06-29,2026-07-01,Liability,Open,N,,3260.46,
CLM-000849,GC-002079,2026-06-30,2026-07-02,Other Weather,Closed,N,,5516.86,2026-07-20
CLM-000850,GC-001285,2026-07-04,2026-07-04,Theft,Closed,N,,317.85,2026-08-06
CLM-000851,GC-003780,2026-07-04,2026-07-05,Water Damage (Non-Storm),Open,N,,1064.54,
CLM-000852,GC-004958,2026-07-05,2026-07-07,Fire,Closed,N,,19183.02,2026-07-28
CLM-000853,GC-000056,2026-07-06,2026-07-07,Fire,Closed,N,,8659.78,2026-07-23
CLM-000854,GC-003865,2026-07-07,2026-07-11,Water Damage (Non-Storm),Open,N,,15755.88,
CLM-000855,GC-003621,2026-07-09,2026-07-14,Liability,Open,N,,5570.33,
CLM-000856,GC-000673,2026-07-12,2026-07-14,Theft,Closed,N,,3353.68,2026-07-30
CLM-000857,GC-000084,2026-07-12,2026-07-17,Liability,Open,N,,16716.03,
CLM-000858,GC-000241,2026-07-12,2026-07-13,Vandalism,Open,N,,1452.38,
CLM-000859,GC-004317,2026-07-12,2026-07-20,Other Weather,Open,N,,3965.73,
CLM-000860,GC-000496,2026-07-14,2026-07-16,Fire,Closed,N,,2992.8,2026-07-31
CLM-000861,GC-002767,2026-07-14,2026-07-18,Theft,Open,N,,5058.87,
CLM-000862,GC-004505,2026-07-14,2026-07-17,Fire,Open,N,,7261.01,
CLM-000863,GC-003039,2026-07-18,2026-08-01,Wind,Open,Y,MARISOL2026,55413.6,
CLM-000864,GC-003037,2026-07-18,2026-07-25,Wind,Open,Y,MARISOL2026,5354.0,
CLM-000865,GC-002905,2026-07-18,2026-07-19,Wind + Flood,Closed,Y,MARISOL2026,22845.17,2026-08-15
CLM-000866,GC-003044,2026-07-18,2026-07-24,Wind,Open,Y,MARISOL2026,64650.34,
CLM-000867,GC-003502,2026-07-18,2026-07-23,Wind,Open,Y,MARISOL2026,56593.3,
CLM-000868,GC-003035,2026-07-18,2026-07-21,Flood/Storm Surge,Open,Y,MARISOL2026,20759.04,
CLM-000869,GC-002907,2026-07-18,2026-07-23,Wind + Flood,Open,Y,MARISOL2026,11078.16,
CLM-000870,GC-003505,2026-07-18,2026-07-25,Wind,Open,Y,MARISOL2026,6246.94,
CLM-000871,GC-003034,2026-07-18,2026-07-19,Wind,Open,Y,MARISOL2026,32238.21,
CLM-000872,GC-003508,2026-07-18,2026-08-02,Wind + Flood,Closed,Y,MARISOL2026,13699.66,2026-08-12
CLM-000873,GC-003030,2026-07-18,2026-08-06,Wind,Open,Y,MARISOL2026,34350.36,
CLM-000874,GC-003509,2026-07-18,2026-07-23,Wind,Open,Y,MARISOL2026,215793.6,
CLM-000875,GC-003026,2026-07-18,2026-07-24,Wind,Open,Y,MARISOL2026,5770.58,
CLM-000876,GC-003510,2026-07-18,2026-07-25,Wind,Open,Y,MARISOL2026,24080.28,
CLM-000877,GC-003513,2026-07-18,2026-07-21,Wind,Open,Y,MARISOL2026,32826.26,
CLM-000878,GC-003025,2026-07-18,2026-07-22,Wind,Open,Y,MARISOL2026,13714.69,
CLM-000879,GC-003514,2026-07-18,2026-07-21,Wind,Closed,Y,MARISOL2026,13528.03,2026-08-01
CLM-000880,GC-003022,2026-07-18,2026-07-19,Wind,Open,Y,MARISOL2026,53288.62,
CLM-000881,GC-002909,2026-07-18,2026-07-21,Wind,Open,Y,MARISOL2026,80070.41,
CLM-000882,GC-003016,2026-07-18,2026-07-30,Wind,Open,Y,MARISOL2026,123941.05,
CLM-000883,GC-003503,2026-07-18,2026-07-24,Wind,Open,Y,MARISOL2026,19878.85,
CLM-000884,GC-003028,2026-07-18,2026-07-22,Wind,Open,Y,MARISOL2026,371595.0,
CLM-000885,GC-002928,2026-07-18,2026-07-22,Wind + Flood,Open,Y,MARISOL2026,15746.75,
CLM-000886,GC-003516,2026-07-18,2026-07-20,Wind + Flood,Open,Y,MARISOL2026,12193.49,
CLM-000887,GC-002976,2026-07-18,2026-07-22,Wind,Open,Y,MARISOL2026,21339.75,
CLM-000888,GC-003557,2026-07-18,2026-07-21,Wind + Flood,Open,Y,MARISOL2026,44015.82,
CLM-000889,GC-002975,2026-07-18,2026-07-21,Flood/Storm Surge,Closed,Y,MARISOL2026,26438.45,2026-08-02
CLM-000890,GC-003592,2026-07-18,2026-07-21,Wind,Open,Y,MARISOL2026,26141.3,
CLM-000891,GC-003559,2026-07-18,2026-07-28,Wind,Open,Y,MARISOL2026,98607.54,
CLM-000892,GC-003561,2026-07-18,2026-07-23,Flood/Storm Surge,Open,Y,MARISOL2026,13888.97,
CLM-000893,GC-002974,2026-07-18,2026-07-23,Wind,Open,Y,MARISOL2026,19517.62,
CLM-000894,GC-003591,2026-07-18,2026-08-06,Flood/Storm Surge,Open,Y,MARISOL2026,39243.86,
CLM-000895,GC-003562,2026-07-18,2026-07-23,Wind + Flood,Open,Y,MARISOL2026,16379.17,
CLM-000896,GC-003566,2026-07-18,2026-08-03,Wind,Open,Y,MARISOL2026,268590.0,
CLM-000897,GC-002971,2026-07-18,2026-08-05,Wind + Flood,Open,Y,MARISOL2026,305528.96,
CLM-000898,GC-003589,2026-07-18,2026-07-22,Flood/Storm Surge,Open,Y,MARISOL2026,59562.58,
CLM-000899,GC-003576,2026-07-18,2026-07-21,Wind,Open,Y,MARISOL2026,43258.04,
CLM-000900,GC-002968,2026-07-18,2026-07-24,Wind,Open,Y,MARISOL2026,309960.0,
CLM-000901,GC-002921,2026-07-18,2026-07-27,Wind,Open,Y,MARISOL2026,75070.47,
CLM-000902,GC-002967,2026-07-18,2026-08-08,Wind,Open,Y,MARISOL2026,235314.92,
CLM-000903,GC-002964,2026-07-18,2026-07-22,Wind,Open,Y,MARISOL2026,47956.2,
CLM-000904,GC-002963,2026-07-18,2026-08-07,Wind,Open,Y,MARISOL2026,120227.74,
CLM-000905,GC-003578,2026-07-18,2026-07-22,Wind + Flood,Open,Y,MARISOL2026,35844.9,
CLM-000906,GC-002959,2026-07-18,2026-07-23,Wind,Open,Y,MARISOL2026,105612.98,
CLM-000907,GC-002956,2026-07-18,2026-07-24,Wind,Open,Y,MARISOL2026,42468.34,
CLM-000908,GC-002954,2026-07-18,2026-08-06,Wind,Open,Y,MARISOL2026,21710.13,
CLM-000909,GC-002953,2026-07-18,2026-07-27,Wind + Flood,Open,Y,MARISOL2026,127306.7,
CLM-000910,GC-003581,2026-07-18,2026-07-27,Wind,Open,Y,MARISOL2026,28688.27,
CLM-000911,GC-002951,2026-07-18,2026-07-23,Wind,Open,Y,MARISOL2026,117409.85,
CLM-000912,GC-003579,2026-07-18,2026-07-23,Wind,Open,Y,MARISOL2026,22098.01,
CLM-000913,GC-002939,2026-07-18,2026-07-23,Wind,Open,Y,MARISOL2026,70599.62,
CLM-000914,GC-002933,2026-07-18,2026-07-21,Wind,Open,Y,MARISOL2026,8573.51,
CLM-000915,GC-002932,2026-07-18,2026-07-31,Wind + Flood,Open,Y,MARISOL2026,10132.82,
CLM-000916,GC-002929,2026-07-18,2026-07-18,Flood/Storm Surge,Open,Y,MARISOL2026,15146.99,
CLM-000917,GC-002965,2026-07-18,2026-07-27,Wind,Open,Y,MARISOL2026,23506.34,
CLM-000918,GC-002978,2026-07-18,2026-07-21,Wind,Open,Y,MARISOL2026,14657.88,
CLM-000919,GC-002979,2026-07-18,2026-07-19,Wind,Open,Y,MARISOL2026,241315.04,
CLM-000920,GC-002980,2026-07-18,2026-07-24,Wind + Flood,Open,Y,MARISOL2026,27412.85,
CLM-000921,GC-003606,2026-07-18,2026-07-21,Wind,Open,Y,MARISOL2026,17876.79,
CLM-000922,GC-002912,2026-07-18,2026-07-19,Wind,Closed,Y,MARISOL2026,7876.33,2026-08-10
CLM-000923,GC-003520,2026-07-18,2026-07-23,Wind + Flood,Open,Y,MARISOL2026,34410.43,
CLM-000924,GC-003527,2026-07-18,2026-07-24,Wind,Open,Y,MARISOL2026,93807.62,
CLM-000925,GC-003530,2026-07-18,2026-07-27,Flood/Storm Surge,Open,Y,MARISOL2026,56082.61,
CLM-000926,GC-003010,2026-07-18,2026-07-22,Flood/Storm Surge,Open,Y,MARISOL2026,25894.37,
CLM-000927,GC-003008,2026-07-18,2026-07-27,Wind,Open,Y,MARISOL2026,19731.84,
CLM-000928,GC-003604,2026-07-18,2026-07-30,Wind,Open,Y,MARISOL2026,107207.66,
CLM-000929,GC-002917,2026-07-18,2026-07-22,Wind + Flood,Open,Y,MARISOL2026,8331.39,
CLM-000930,GC-003007,2026-07-18,2026-07-20,Wind,Open,Y,MARISOL2026,38294.41,
CLM-000931,GC-002918,2026-07-18,2026-08-06,Wind,Open,Y,MARISOL2026,47920.23,
CLM-000932,GC-003533,2026-07-18,2026-08-10,Wind,Open,Y,MARISOL2026,37804.74,
CLM-000933,GC-003535,2026-07-18,2026-07-19,Wind + Flood,Open,Y,MARISOL2026,869295.0,
CLM-000934,GC-003536,2026-07-18,2026-07-20,Wind,Open,Y,MARISOL2026,8891.47,
CLM-000935,GC-003004,2026-07-18,2026-07-22,Wind,Open,Y,MARISOL2026,7497.37,
CLM-000936,GC-002987,2026-07-18,2026-07-23,Wind,Open,Y,MARISOL2026,156428.82,
CLM-000937,GC-002986,2026-07-18,2026-07-27,Wind + Flood,Open,Y,MARISOL2026,70605.46,
CLM-000938,GC-003594,2026-07-18,2026-07-21,Wind + Flood,Open,Y,MARISOL2026,6833.7,
CLM-000939,GC-002981,2026-07-18,2026-07-25,Wind,Open,Y,MARISOL2026,84466.43,
CLM-000940,GC-003599,2026-07-18,2026-08-01,Flood/Storm Surge,Open,Y,MARISOL2026,100860.81,
CLM-000941,GC-003552,2026-07-18,2026-07-24,Wind + Flood,Open,Y,MARISOL2026,28909.06,
CLM-000942,GC-003551,2026-07-18,2026-07-23,Wind,Open,Y,MARISOL2026,74618.12,
CLM-000943,GC-003550,2026-07-18,2026-07-21,Wind + Flood,Open,Y,MARISOL2026,73895.53,
CLM-000944,GC-003609,2026-07-18,2026-07-21,Wind + Flood,Open,Y,MARISOL2026,42894.12,
CLM-000945,GC-003546,2026-07-18,2026-07-19,Wind,Open,Y,MARISOL2026,25590.69,
CLM-000946,GC-003543,2026-07-18,2026-07-24,Wind,Open,Y,MARISOL2026,23190.73,
CLM-000947,GC-002985,2026-07-18,2026-07-23,Wind,Open,Y,MARISOL2026,54123.69,
CLM-000948,GC-003542,2026-07-18,2026-07-25,Wind + Flood,Open,Y,MARISOL2026,167751.26,
CLM-000949,GC-003539,2026-07-18,2026-07-18,Wind,Open,Y,MARISOL2026,883496.48,
CLM-000950,GC-003600,2026-07-18,2026-07-25,Wind,Open,Y,MARISOL2026,123246.99,
CLM-000951,GC-002919,2026-07-18,2026-07-21,Flood/Storm Surge,Open,Y,MARISOL2026,143901.45,
CLM-000952,GC-002983,2026-07-18,2026-07-23,Wind,Open,Y,MARISOL2026,8814.03,
CLM-000953,GC-002996,2026-07-18,2026-07-26,Wind,Open,Y,MARISOL2026,5159.94,
CLM-000954,GC-003290,2026-07-18,2026-07-24,Wind,Open,Y,MARISOL2026,42545.64,
CLM-000955,GC-003052,2026-07-18,2026-07-26,Wind,Open,Y,MARISOL2026,87519.96,
CLM-000956,GC-003232,2026-07-18,2026-08-01,Wind,Open,Y,MARISOL2026,7913.65,
CLM-000957,GC-003381,2026-07-18,2026-07-21,Wind,Open,Y,MARISOL2026,68069.07,
CLM-000958,GC-003233,2026-07-18,2026-07-30,Wind,Open,Y,MARISOL2026,500953.85,
CLM-000959,GC-003379,2026-07-18,2026-07-28,Wind,Open,Y,MARISOL2026,39561.96,
CLM-000960,GC-003376,2026-07-18,2026-07-22,Wind,Open,Y,MARISOL2026,182926.59,
CLM-000961,GC-003234,2026-07-18,2026-07-29,Wind + Flood,Open,Y,MARISOL2026,80604.95,
CLM-000962,GC-003235,2026-07-18,2026-07-19,Flood/Storm Surge,Open,Y,MARISOL2026,83173.34,
CLM-000963,GC-003240,2026-07-18,2026-07-20,Wind + Flood,Open,Y,MARISOL2026,246452.13,
CLM-000964,GC-003383,2026-07-18,2026-07-25,Wind + Flood,Open,Y,MARISOL2026,25156.78,
CLM-000965,GC-003372,2026-07-18,2026-07-25,Flood/Storm Surge,Open,Y,MARISOL2026,97057.9,
CLM-000966,GC-003370,2026-07-18,2026-08-17,Wind + Flood,Open,Y,MARISOL2026,33143.14,
CLM-000967,GC-003242,2026-07-18,2026-07-22,Wind,Open,Y,MARISOL2026,19828.95,
CLM-000968,GC-003368,2026-07-18,2026-07-20,Wind,Open,Y,MARISOL2026,260649.31,
CLM-000969,GC-003367,2026-07-18,2026-07-27,Wind,Open,Y,MARISOL2026,180833.86,
CLM-000970,GC-003243,2026-07-18,2026-08-04,Wind + Flood,Open,Y,MARISOL2026,33389.7,
CLM-000971,GC-003248,2026-07-18,2026-07-23,Wind,Open,Y,MARISOL2026,15327.93,
CLM-000972,GC-003362,2026-07-18,2026-07-26,Wind + Flood,Open,Y,MARISOL2026,646590.0,
CLM-000973,GC-003359,2026-07-18,2026-07-23,Wind + Flood,Open,Y,MARISOL2026,57848.98,
CLM-000974,GC-003241,2026-07-18,2026-07-25,Wind,Open,Y,MARISOL2026,8036.53,
CLM-000975,GC-003384,2026-07-18,2026-07-30,Wind,Open,Y,MARISOL2026,89543.15,
CLM-000976,GC-003231,2026-07-18,2026-07-21,Flood/Storm Surge,Open,Y,MARISOL2026,5277.71,
CLM-000977,GC-003385,2026-07-18,2026-08-04,Flood/Storm Surge,Open,Y,MARISOL2026,5699.96,
CLM-000978,GC-003396,2026-07-18,2026-07-21,Wind + Flood,Open,Y,MARISOL2026,54967.58,
CLM-000979,GC-003190,2026-07-18,2026-07-22,Flood/Storm Surge,Open,Y,MARISOL2026,7211.82,
CLM-000980,GC-003193,2026-07-18,2026-07-24,Wind + Flood,Open,Y,MARISOL2026,217207.14,
CLM-000981,GC-003196,2026-07-18,2026-07-30,Wind,Open,Y,MARISOL2026,37916.52,
CLM-000982,GC-003393,2026-07-18,2026-07-20,Wind,Open,Y,MARISOL2026,76411.03,
CLM-000983,GC-003197,2026-07-18,2026-07-25,Wind,Open,Y,MARISOL2026,10999.11,
CLM-000984,GC-003206,2026-07-18,2026-07-23,Flood/Storm Surge,Open,Y,MARISOL2026,53343.11,
CLM-000985,GC-003207,2026-07-18,2026-08-04,Wind,Open,Y,MARISOL2026,151928.26,
CLM-000986,GC-003209,2026-07-18,2026-08-01,Flood/Storm Surge,Closed,Y,MARISOL2026,138770.46,2026-08-09
CLM-000987,GC-003391,2026-07-18,2026-08-02,Flood/Storm Surge,Open,Y,MARISOL2026,14153.69,
CLM-000988,GC-003217,2026-07-18,2026-07-21,Flood/Storm Surge,Open,Y,MARISOL2026,43144.32,
CLM-000989,GC-003219,2026-07-18,2026-07-20,Wind,Open,Y,MARISOL2026,8830.59,
CLM-000990,GC-003221,2026-07-18,2026-07-26,Wind,Open,Y,MARISOL2026,27501.4,
CLM-000991,GC-003388,2026-07-18,2026-07-20,Wind + Flood,Open,Y,MARISOL2026,351997.53,
CLM-000992,GC-003387,2026-07-18,2026-07-27,Wind + Flood,Open,Y,MARISOL2026,26090.2,
CLM-000993,GC-003386,2026-07-18,2026-07-24,Wind,Open,Y,MARISOL2026,22798.19,
CLM-000994,GC-003227,2026-07-18,2026-07-27,Flood/Storm Surge,Open,Y,MARISOL2026,38245.24,
CLM-000995,GC-003228,2026-07-18,2026-07-24,Wind,Open,Y,MARISOL2026,25126.4,
CLM-000996,GC-003229,2026-07-18,2026-07-31,Wind,Open,Y,MARISOL2026,55113.48,
CLM-000997,GC-003357,2026-07-18,2026-07-31,Wind,Open,Y,MARISOL2026,37992.5,
CLM-000998,GC-003356,2026-07-18,2026-08-02,Wind,Open,Y,MARISOL2026,16073.3,
CLM-000999,GC-003249,2026-07-18,2026-08-14,,Open,Y,MARISOL2026,113503.24,
CLM-001000,GC-003354,2026-07-18,2026-07-26,Wind + Flood,Open,Y,MARISOL2026,55079.01,
CLM-001001,GC-003277,2026-07-18,2026-07-20,Wind + Flood,Open,Y,MARISOL2026,5857.74,
CLM-001002,GC-003278,2026-07-18,2026-08-04,Wind,Open,Y,MARISOL2026,22891.03,
CLM-001003,GC-003326,2026-07-18,2026-07-21,Wind,Open,Y,MARISOL2026,162805.91,
CLM-001004,GC-003279,2026-07-18,2026-07-21,Wind,Open,Y,MARISOL2026,32577.33,
CLM-001005,GC-003317,2026-07-18,2026-07-21,Wind + Flood,Open,Y,MARISOL2026,8968.89,
CLM-001006,GC-003280,2026-07-18,2026-07-27,Flood/Storm Surge,Open,Y,MARISOL2026,65408.77,
CLM-001007,GC-003316,2026-07-18,2026-07-23,Wind + Flood,Closed,Y,MARISOL2026,253495.52,2026-08-04
CLM-001008,GC-003281,2026-07-18,2026-07-21,Wind + Flood,Open,Y,MARISOL2026,32643.32,
CLM-001009,GC-003315,2026-07-18,2026-07-22,Wind + Flood,Open,Y,MARISOL2026,47925.62,
CLM-001010,GC-003314,2026-07-18,2026-07-24,Wind,Open,Y,MARISOL2026,69283.19,
CLM-001011,GC-003285,2026-07-18,2026-07-19,Wind + Flood,Open,Y,MARISOL2026,39675.64,
CLM-001012,GC-003313,2026-07-18,2026-07-22,Wind + Flood,Open,Y,MARISOL2026,40532.62,
CLM-001013,GC-003286,2026-07-18,2026-07-24,Wind + Flood,Open,Y,MARISOL2026,72739.33,
CLM-001014,GC-003309,2026-07-18,2026-07-23,Wind,Open,Y,MARISOL2026,12822.4,
CLM-001015,GC-003308,2026-07-18,2026-08-06,Wind,Open,Y,MARISOL2026,325246.19,
CLM-001016,GC-003287,2026-07-18,2026-07-20,Wind,Open,Y,MARISOL2026,64832.5,
CLM-001017,GC-003307,2026-07-18,2026-08-06,Wind,Open,Y,MARISOL2026,2632.24,
CLM-001018,GC-003306,2026-07-18,2026-07-21,Wind,Open,Y,MARISOL2026,49586.82,
CLM-001019,GC-003289,2026-07-18,2026-07-27,Wind + Flood,Open,Y,MARISOL2026,89508.89,
CLM-001020,GC-003275,2026-07-18,2026-07-23,Wind + Flood,Open,Y,MARISOL2026,36384.09,
CLM-001021,GC-003397,2026-07-18,2026-07-27,Wind,Open,Y,MARISOL2026,18939.14,
CLM-001022,GC-003271,2026-07-18,2026-07-22,Wind,Open,Y,MARISOL2026,53940.21,
CLM-001023,GC-003329,2026-07-18,2026-08-02,Wind,Open,Y,MARISOL2026,5124.84,
CLM-001024,GC-003250,2026-07-18,2026-07-24,Flood/Storm Surge,Open,Y,MARISOL2026,24386.8,
CLM-001025,GC-003352,2026-07-18,2026-07-23,Wind,Open,Y,MARISOL2026,85819.87,
CLM-001026,GC-003351,2026-07-18,2026-07-18,Wind,Open,Y,MARISOL2026,75908.01,
CLM-001027,GC-003350,2026-07-18,2026-07-28,Wind,Open,Y,MARISOL2026,65948.97,
CLM-001028,GC-003251,2026-07-18,2026-07-22,Wind + Flood,Open,Y,MARISOL2026,36359.3,
CLM-001029,GC-003347,2026-07-18,2026-07-28,Wind,Closed,Y,MARISOL2026,20319.55,2026-08-01
CLM-001030,GC-003346,2026-07-18,2026-08-01,Wind,Open,Y,MARISOL2026,14663.9,
CLM-001031,GC-003253,2026-07-18,2026-08-06,Wind,Open,Y,MARISOL2026,20334.03,
CLM-001032,GC-003254,2026-07-18,2026-07-23,Flood/Storm Surge,Open,Y,MARISOL2026,34200.97,
CLM-001033,GC-003258,2026-07-18,2026-07-28,Wind,Open,Y,MARISOL2026,35686.26,
CLM-001034,GC-003344,2026-07-18,2026-07-23,Wind + Flood,Open,Y,MARISOL2026,28983.4,
CLM-001035,GC-003260,2026-07-18,2026-07-24,Wind,Open,Y,MARISOL2026,10809.47,
CLM-001036,GC-003339,2026-07-18,2026-07-20,Wind,Open,Y,MARISOL2026,29886.5,
CLM-001037,GC-003261,2026-07-18,2026-07-21,Wind,Open,Y,MARISOL2026,19309.43,
CLM-001038,GC-003336,2026-07-18,2026-07-25,Wind + Flood,Open,Y,MARISOL2026,21038.72,
CLM-001039,GC-003334,2026-07-18,2026-08-02,Wind,Open,Y,MARISOL2026,43356.09,
CLM-001040,GC-003262,2026-07-18,2026-07-21,Wind,Open,Y,MARISOL2026,238399.3,
CLM-001041,GC-003265,2026-07-18,2026-07-26,Flood/Storm Surge,Open,Y,MARISOL2026,80627.11,
CLM-001042,GC-003266,2026-07-18,2026-08-02,Flood/Storm Surge,Open,Y,MARISOL2026,15572.78,
CLM-001043,GC-003268,2026-07-18,2026-07-24,Wind + Flood,Open,Y,MARISOL2026,21457.81,
CLM-001044,GC-003398,2026-07-18,2026-07-26,Flood/Storm Surge,Open,Y,MARISOL2026,41076.7,
CLM-001045,GC-003399,2026-07-18,2026-08-09,Wind + Flood,Open,Y,MARISOL2026,41588.99,
CLM-001046,GC-003404,2026-07-18,2026-07-23,Wind + Flood,Open,Y,MARISOL2026,30839.25,
CLM-001047,GC-003474,2026-07-18,2026-07-22,Flood/Storm Surge,Open,Y,MARISOL2026,27494.83,
CLM-001048,GC-003472,2026-07-18,2026-07-23,Wind,Open,Y,MARISOL2026,61465.77,
CLM-001049,GC-003470,2026-07-18,2026-07-27,Wind,Open,Y,MARISOL2026,17676.85,
CLM-001050,GC-003087,2026-07-18,2026-07-26,Wind,Open,Y,MARISOL2026,45434.69,
CLM-001051,GC-003088,2026-07-18,2026-07-22,Flood/Storm Surge,Open,Y,MARISOL2026,112096.38,
CLM-001052,GC-003092,2026-07-18,2026-07-29,Flood/Storm Surge,Open,Y,MARISOL2026,15217.16,
CLM-001053,GC-003469,2026-07-18,2026-08-06,Wind,Open,Y,MARISOL2026,16253.31,
CLM-001054,GC-003464,2026-07-18,2026-07-23,Wind,Open,Y,MARISOL2026,20136.93,
CLM-001055,GC-003462,2026-07-18,2026-07-27,Wind + Flood,Open,Y,MARISOL2026,67735.32,
CLM-001056,GC-003460,2026-07-18,2026-07-21,Wind + Flood,Open,Y,MARISOL2026,42402.8,
CLM-001057,GC-003459,2026-07-18,2026-07-28,Wind,Open,Y,MARISOL2026,503221.46,
CLM-001058,GC-003095,2026-07-18,2026-07-27,Wind,Open,Y,MARISOL2026,9547.74,
CLM-001059,GC-003457,2026-07-18,2026-07-22,Wind + Flood,Open,Y,MARISOL2026,33538.26,
CLM-001060,GC-003097,2026-07-18,2026-07-20,Wind,Open,Y,MARISOL2026,62561.6,
CLM-001061,GC-003456,2026-07-18,2026-07-18,Flood/Storm Surge,Closed,Y,MARISOL2026,34408.67,2026-07-20
CLM-001062,GC-003300,2026-07-18,2026-07-23,Wind,Open,Y,MARISOL2026,4649.9,
CLM-001063,GC-003101,2026-07-18,2026-08-05,Wind + Flood,Open,Y,MARISOL2026,1092420.0,
CLM-001064,GC-003103,2026-07-18,2026-07-28,Wind + Flood,Open,Y,MARISOL2026,52582.0,
CLM-001065,GC-003104,2026-07-18,2026-07-31,Wind + Flood,Closed,Y,MARISOL2026,11677.63,2026-08-08
CLM-001066,GC-003084,2026-07-18,2026-08-05,Wind,Open,Y,MARISOL2026,39221.26,
CLM-001067,GC-003451,2026-07-18,2026-07-22,Wind,Open,Y,MARISOL2026,49127.44,
CLM-001068,GC-003079,2026-07-18,2026-07-27,Wind + Flood,Open,Y,MARISOL2026,154664.59,
CLM-001069,GC-003475,2026-07-18,2026-07-28,Wind,Open,Y,MARISOL2026,10988.99,
CLM-001070,GC-003498,2026-07-18,2026-07-18,Wind + Flood,Open,Y,MARISOL2026,10890.28,
CLM-001071,GC-003497,2026-07-18,2026-07-25,Flood/Storm Surge,Open,Y,MARISOL2026,779039.54,
CLM-001072,GC-003053,2026-07-18,2026-07-27,Wind + Flood,Open,Y,MARISOL2026,15059.15,
CLM-001073,GC-003054,2026-07-18,2026-07-21,Flood/Storm Surge,Open,Y,MARISOL2026,19293.54,
CLM-001074,GC-003058,2026-07-18,2026-07-26,Flood/Storm Surge,Open,Y,MARISOL2026,33753.89,
CLM-001075,GC-003496,2026-07-18,2026-08-06,Wind + Flood,Open,Y,MARISOL2026,18732.03,
CLM-001076,GC-003066,2026-07-18,2026-07-25,Wind,Open,Y,MARISOL2026,7385.79,
CLM-001077,GC-003493,2026-07-18,2026-07-24,Wind,Closed,Y,MARISOL2026,126557.69,2026-07-31
CLM-001078,GC-003069,2026-07-18,2026-07-29,Flood/Storm Surge,Closed,Y,MARISOL2026,10938.19,2026-08-04
CLM-001079,GC-003070,2026-07-18,2026-07-23,Wind,Open,Y,MARISOL2026,206022.48,
CLM-001080,GC-003490,2026-07-18,2026-07-29,Wind + Flood,Open,Y,MARISOL2026,43588.83,
CLM-001081,GC-003488,2026-07-18,2026-07-19,Flood/Storm Surge,Open,Y,MARISOL2026,55848.26,
CLM-001082,GC-003073,2026-07-18,2026-07-20,Wind + Flood,Open,Y,MARISOL2026,133021.45,
CLM-001083,GC-003075,2026-07-18,2026-07-22,Flood/Storm Surge,Open,Y,MARISOL2026,50389.98,
CLM-001084,GC-003483,2026-07-18,2026-07-23,Flood/Storm Surge,Open,Y,MARISOL2026,28877.81,
CLM-001085,GC-003076,2026-07-18,2026-08-01,Wind + Flood,Open,Y,MARISOL2026,27076.23,
CLM-001086,GC-003481,2026-07-18,2026-07-21,Wind,Open,Y,MARISOL2026,33615.16,
CLM-001087,GC-003479,2026-07-18,2026-07-21,Wind + Flood,Open,Y,MARISOL2026,25698.15,
CLM-001088,GC-003476,2026-07-18,2026-07-22,Wind,Open,Y,MARISOL2026,88292.22,
CLM-001089,GC-003077,2026-07-18,2026-07-26,Wind,Open,Y,MARISOL2026,70507.67,
CLM-001090,GC-003050,2026-07-18,2026-07-26,Wind + Flood,Open,Y,MARISOL2026,41127.33,
CLM-001091,GC-003106,2026-07-18,2026-07-24,Flood/Storm Surge,Open,Y,MARISOL2026,11046.48,
CLM-001092,GC-003112,2026-07-18,2026-07-20,Wind,Open,Y,MARISOL2026,11366.57,
CLM-001093,GC-003429,2026-07-18,2026-07-29,Wind,Open,Y,MARISOL2026,15229.76,
CLM-001094,GC-003427,2026-07-18,2026-07-25,Wind,Open,Y,MARISOL2026,25087.8,
CLM-001095,GC-003158,2026-07-18,2026-08-07,Wind,Open,Y,MARISOL2026,64595.98,
CLM-001096,GC-003421,2026-07-18,2026-07-22,Wind,Open,Y,MARISOL2026,10570.89,
CLM-001097,GC-003160,2026-07-18,2026-07-29,Wind,Open,Y,MARISOL2026,73693.2,
CLM-001098,GC-003419,2026-07-18,2026-07-27,Flood/Storm Surge,Open,Y,MARISOL2026,10502.69,
CLM-001099,GC-003164,2026-07-18,2026-08-06,Wind,Open,Y,MARISOL2026,168602.05,
CLM-001100,GC-003416,2026-07-18,2026-07-21,Flood/Storm Surge,Open,Y,MARISOL2026,49461.02,
CLM-001101,GC-003166,2026-07-18,2026-08-05,Wind,Open,Y,MARISOL2026,192784.5,
CLM-001102,GC-003170,2026-07-18,2026-07-29,Wind + Flood,Open,Y,MARISOL2026,7217.87,
CLM-001103,GC-003171,2026-07-18,2026-07-18,Wind,Open,Y,MARISOL2026,277068.94,
CLM-001104,GC-003415,2026-07-18,2026-07-20,Wind,Open,Y,MARISOL2026,36418.52,
CLM-001105,GC-003413,2026-07-18,2026-07-26,Wind,Open,Y,MARISOL2026,25779.46,
CLM-001106,GC-003173,2026-07-18,2026-07-25,Wind,Open,Y,MARISOL2026,90843.4,
CLM-001107,GC-003178,2026-07-18,2026-07-19,Wind,Open,Y,MARISOL2026,73999.54,
CLM-001108,GC-003410,2026-07-18,2026-07-27,Flood/Storm Surge,Open,Y,MARISOL2026,37288.96,
CLM-001109,GC-003408,2026-07-18,2026-07-22,Wind,Open,Y,MARISOL2026,16276.03,
CLM-001110,GC-003185,2026-07-18,2026-07-28,Wind,Open,Y,MARISOL2026,143692.92,
CLM-001111,GC-003187,2026-07-18,2026-07-30,Wind + Flood,Open,Y,MARISOL2026,22050.33,
CLM-001112,GC-003157,2026-07-18,2026-07-24,Wind + Flood,Open,Y,MARISOL2026,95276.52,
CLM-001113,GC-003107,2026-07-18,2026-07-22,Wind,Open,Y,MARISOL2026,12978.51,
CLM-001114,GC-003154,2026-07-18,2026-07-23,Wind + Flood,Open,Y,MARISOL2026,15262.88,
CLM-001115,GC-003432,2026-07-18,2026-07-20,Wind,Open,Y,MARISOL2026,51188.34,
CLM-001116,GC-003450,2026-07-18,2026-07-21,Wind + Flood,Open,Y,MARISOL2026,142070.59,
CLM-001117,GC-003114,2026-07-18,2026-07-26,Wind + Flood,Open,Y,MARISOL2026,9383.44,
CLM-001118,GC-003117,2026-07-18,2026-07-30,Wind,Open,Y,MARISOL2026,15268.09,
CLM-001119,GC-003446,2026-07-18,2026-07-25,Wind,Open,Y,MARISOL2026,87221.85,
CLM-001120,GC-003443,2026-07-18,2026-07-25,Wind + Flood,Open,Y,MARISOL2026,32839.28,
CLM-001121,GC-003442,2026-07-18,2026-07-21,Wind,Open,Y,MARISOL2026,336525.0,
CLM-001122,GC-003441,2026-07-18,2026-07-29,Wind,Open,Y,MARISOL2026,12389.45,
CLM-001123,GC-003119,2026-07-18,2026-07-24,Flood/Storm Surge,Open,Y,MARISOL2026,10568.79,
CLM-001124,GC-003126,2026-07-18,2026-07-28,Wind,Open,Y,MARISOL2026,105879.9,
CLM-001125,GC-003438,2026-07-18,2026-07-24,Wind + Flood,Open,Y,MARISOL2026,255241.51,
CLM-001126,GC-003128,2026-07-18,2026-07-22,Wind,Open,Y,MARISOL2026,75370.9,
CLM-001127,GC-003136,2026-07-18,2026-07-23,Wind,Open,Y,MARISOL2026,14145.02,
CLM-001128,GC-003137,2026-07-18,2026-07-28,Wind,Open,Y,MARISOL2026,155719.56,
CLM-001129,GC-003138,2026-07-18,2026-08-01,Wind + Flood,Open,Y,MARISOL2026,38953.8,
CLM-001130,GC-003436,2026-07-18,2026-07-20,Flood/Storm Surge,Open,Y,MARISOL2026,12011.19,
CLM-001131,GC-003144,2026-07-18,2026-07-31,Wind,Open,Y,MARISOL2026,12239.95,
CLM-001132,GC-003146,2026-07-18,2026-07-27,Flood/Storm Surge,Open,Y,MARISOL2026,277466.54,
CLM-001133,GC-003151,2026-07-18,2026-07-27,Wind,Open,Y,MARISOL2026,349525.48,
CLM-001134,GC-003153,2026-07-18,2026-07-21,Wind,Open,Y,MARISOL2026,54015.28,
CLM-001135,GC-003431,2026-07-18,2026-07-29,Wind,Open,Y,MARISOL2026,14592.65,
CLM-001136,GC-000001,2026-07-18,2026-07-22,Flood/Storm Surge,Open,Y,MARISOL2026,92946.16,
CLM-001137,GC-003958,2026-07-18,2026-08-03,Wind,Open,Y,MARISOL2026,18251.78,
CLM-001138,GC-003615,2026-07-18,2026-07-22,Wind + Flood,Open,Y,MARISOL2026,24716.14,
CLM-001139,GC-004535,2026-07-18,2026-07-27,Wind,Open,Y,MARISOL2026,7583.39,
CLM-001140,GC-004534,2026-07-18,2026-07-26,Flood/Storm Surge,Open,Y,MARISOL2026,24631.46,
CLM-001141,GC-004533,2026-07-18,2026-07-28,Wind,Open,Y,MARISOL2026,32805.69,
CLM-001142,GC-004530,2026-07-18,2026-07-20,Wind,Open,Y,MARISOL2026,7865.2,
CLM-001143,GC-004529,2026-07-18,2026-07-22,Wind + Flood,Open,Y,MARISOL2026,39639.19,
CLM-001144,GC-004526,2026-07-18,2026-07-30,Wind + Flood,Open,Y,MARISOL2026,69530.77,
CLM-001145,GC-004525,2026-07-18,2026-08-08,Wind + Flood,Open,Y,MARISOL2026,90555.94,
CLM-001146,GC-004523,2026-07-18,2026-07-20,Wind,Open,Y,MARISOL2026,29670.53,
CLM-001147,GC-004520,2026-07-18,2026-07-21,Wind,Open,Y,MARISOL2026,11017.01,
CLM-001148,GC-004519,2026-07-18,2026-07-21,Wind,Open,Y,MARISOL2026,10915.19,
CLM-001149,GC-004518,2026-07-18,2026-08-07,Wind,Open,Y,MARISOL2026,91271.86,
CLM-001150,GC-004517,2026-07-18,2026-07-23,Wind + Flood,Open,Y,MARISOL2026,67243.72,
CLM-001151,GC-004516,2026-07-18,2026-07-20,Wind,Open,Y,MARISOL2026,25416.53,
CLM-001152,GC-004514,2026-07-18,2026-07-21,Wind,Open,Y,MARISOL2026,72721.84,
CLM-001153,GC-004537,2026-07-18,2026-07-21,Flood/Storm Surge,Open,Y,MARISOL2026,82862.24,
CLM-001154,GC-004512,2026-07-18,2026-07-26,Wind,Open,Y,MARISOL2026,48234.49,
CLM-001155,GC-004502,2026-07-18,2026-07-21,Flood/Storm Surge,Open,Y,MARISOL2026,1213659.28,
CLM-001156,GC-004501,2026-07-18,2026-07-23,Flood/Storm Surge,Open,Y,MARISOL2026,171024.07,
CLM-001157,GC-004500,2026-07-18,2026-07-27,Flood/Storm Surge,Open,Y,MARISOL2026,266874.8,
CLM-001158,GC-004497,2026-07-18,2026-07-25,Flood/Storm Surge,Open,Y,MARISOL2026,84697.85,
CLM-001159,GC-004496,2026-07-18,2026-07-24,Wind,Open,Y,MARISOL2026,35000.1,
CLM-001160,GC-004495,2026-07-18,2026-08-07,Wind,Closed,Y,MARISOL2026,12677.03,2026-08-13
CLM-001161,GC-004493,2026-07-18,2026-07-23,Wind,Open,Y,MARISOL2026,129989.83,
CLM-001162,GC-004488,2026-07-18,2026-07-22,Wind + Flood,Open,Y,MARISOL2026,1022808.78,
CLM-001163,GC-004487,2026-07-18,2026-07-23,Wind,Open,Y,MARISOL2026,54234.28,
CLM-001164,GC-004481,2026-07-18,2026-07-19,Wind,Open,Y,MARISOL2026,54269.28,
CLM-001165,GC-004477,2026-07-18,2026-07-20,Wind + Flood,Open,Y,MARISOL2026,17314.31,
CLM-001166,GC-004475,2026-07-18,2026-07-26,Wind,Open,Y,MARISOL2026,18045.55,
CLM-001167,GC-004474,2026-07-18,2026-08-17,,Open,Y,MARISOL2026,44818.34,
CLM-001168,GC-004463,2026-07-18,2026-07-28,Wind,Open,Y,MARISOL2026,87261.28,
CLM-001169,GC-004510,2026-07-18,2026-07-24,Flood/Storm Surge,Open,Y,MARISOL2026,179795.88,
CLM-001170,GC-004538,2026-07-18,2026-07-26,Wind,Open,Y,MARISOL2026,46738.91,
CLM-001171,GC-004540,2026-07-18,2026-07-25,Wind,Open,Y,MARISOL2026,18806.54,
CLM-001172,GC-004543,2026-07-18,2026-07-30,Wind,Open,Y,MARISOL2026,62466.95,
CLM-001173,GC-004613,2026-07-18,2026-07-19,Wind,Open,Y,MARISOL2026,47070.37,
CLM-001174,GC-004608,2026-07-18,2026-07-23,Flood/Storm Surge,Open,Y,MARISOL2026,34422.17,
CLM-001175,GC-004607,2026-07-18,2026-07-29,Wind,Open,Y,MARISOL2026,307013.07,
CLM-001176,GC-004605,2026-07-18,2026-07-22,Wind,Open,Y,MARISOL2026,21871.01,
CLM-001177,GC-004604,2026-07-18,2026-07-27,Wind + Flood,Open,Y,MARISOL2026,182829.43,
CLM-001178,GC-004603,2026-07-18,2026-07-25,Wind + Flood,Open,Y,MARISOL2026,10123.01,
CLM-001179,GC-004602,2026-07-18,2026-07-19,Wind + Flood,Open,Y,MARISOL2026,33942.29,
CLM-001180,GC-004601,2026-07-18,2026-07-20,Wind,Open,Y,MARISOL2026,20589.2,
CLM-001181,GC-004598,2026-07-18,2026-07-22,Wind + Flood,Open,Y,MARISOL2026,16729.53,
CLM-001182,GC-004591,2026-07-18,2026-07-24,Wind,Open,Y,MARISOL2026,22679.04,
CLM-001183,GC-004587,2026-07-18,2026-07-23,Wind,Open,Y,MARISOL2026,12310.37,
CLM-001184,GC-004586,2026-07-18,2026-07-22,Wind + Flood,Open,Y,MARISOL2026,41140.22,
CLM-001185,GC-004585,2026-07-18,2026-07-19,Wind,Open,Y,MARISOL2026,38147.4,
CLM-001186,GC-004584,2026-07-18,2026-07-20,Flood/Storm Surge,Open,Y,MARISOL2026,26408.07,
CLM-001187,GC-004581,2026-07-18,2026-07-25,Wind,Open,Y,MARISOL2026,7689.28,
CLM-001188,GC-004580,2026-07-18,2026-08-09,Wind,Open,Y,MARISOL2026,28990.25,
CLM-001189,GC-004577,2026-07-18,2026-08-02,Wind,Open,Y,MARISOL2026,20089.57,
CLM-001190,GC-004545,2026-07-18,2026-07-22,Wind,Open,Y,MARISOL2026,31336.86,
CLM-001191,GC-004548,2026-07-18,2026-07-25,Flood/Storm Surge,Open,Y,MARISOL2026,38497.69,
CLM-001192,GC-004552,2026-07-18,2026-07-28,Wind,Open,Y,MARISOL2026,416955.0,
CLM-001193,GC-004556,2026-07-18,2026-07-24,Wind,Open,Y,MARISOL2026,99989.29,
CLM-001194,GC-004559,2026-07-18,2026-08-07,Wind,Open,Y,MARISOL2026,14804.8,
CLM-001195,GC-004560,2026-07-18,2026-07-27,Flood/Storm Surge,Open,Y,MARISOL2026,33127.29,
CLM-001196,GC-004461,2026-07-18,2026-07-25,Flood/Storm Surge,Open,Y,MARISOL2026,67396.09,
CLM-001197,GC-004563,2026-07-18,2026-07-20,Flood/Storm Surge,Open,Y,MARISOL2026,16471.53,
CLM-001198,GC-004565,2026-07-18,2026-07-28,Wind,Open,Y,MARISOL2026,56234.58,
CLM-001199,GC-004568,2026-07-18,2026-07-20,Wind,Open,Y,MARISOL2026,23697.24,
CLM-001200,GC-004569,2026-07-18,2026-07-20,Wind + Flood,Open,Y,MARISOL2026,124400.49,
CLM-001201,GC-004570,2026-07-18,2026-07-22,Wind,Open,Y,MARISOL2026,49161.81,
CLM-001202,GC-004572,2026-07-18,2026-07-20,Wind + Flood,Open,Y,MARISOL2026,73917.97,
CLM-001203,GC-004576,2026-07-18,2026-07-27,Wind + Flood,Open,Y,MARISOL2026,251718.31,
CLM-001204,GC-004564,2026-07-18,2026-07-22,Wind,Open,Y,MARISOL2026,111638.31,
CLM-001205,GC-004458,2026-07-18,2026-07-24,Flood/Storm Surge,Open,Y,MARISOL2026,160079.45,
CLM-001206,GC-004450,2026-07-18,2026-07-22,Wind,Open,Y,MARISOL2026,6823.26,
CLM-001207,GC-004448,2026-07-18,2026-07-24,Wind + Flood,Open,Y,MARISOL2026,51217.46,
CLM-001208,GC-004370,2026-07-18,2026-07-25,Wind + Flood,Open,Y,MARISOL2026,29981.35,
CLM-001209,GC-004369,2026-07-18,2026-07-27,Wind + Flood,Closed,Y,MARISOL2026,38855.68,2026-08-17
CLM-001210,GC-004365,2026-07-18,2026-07-23,Wind,Open,Y,MARISOL2026,90704.06,
CLM-001211,GC-004364,2026-07-18,2026-07-27,Flood/Storm Surge,Open,Y,MARISOL2026,11472.86,
CLM-001212,GC-004358,2026-07-18,2026-07-26,Wind + Flood,Open,Y,MARISOL2026,13650.99,
CLM-001213,GC-004351,2026-07-18,2026-07-21,Flood/Storm Surge,Open,Y,MARISOL2026,867022.48,
CLM-001214,GC-004349,2026-07-18,2026-07-22,Wind + Flood,Open,Y,MARISOL2026,66907.24,
CLM-001215,GC-004347,2026-07-18,2026-07-27,Flood/Storm Surge,Open,Y,MARISOL2026,17683.33,
CLM-001216,GC-004346,2026-07-18,2026-08-12,Wind,Open,Y,MARISOL2026,150836.31,
CLM-001217,GC-004343,2026-07-18,2026-07-20,Wind + Flood,Open,Y,MARISOL2026,16757.39,
CLM-001218,GC-004341,2026-07-18,2026-07-23,Flood/Storm Surge,Open,Y,MARISOL2026,127036.61,
CLM-001219,GC-004340,2026-07-18,2026-07-19,Wind + Flood,Open,Y,MARISOL2026,29301.61,
CLM-001220,GC-004338,2026-07-18,2026-07-22,Wind,Open,Y,MARISOL2026,19341.89,
CLM-001221,GC-004334,2026-07-18,2026-07-25,Wind,Open,Y,MARISOL2026,39921.16,
CLM-001222,GC-004333,2026-07-18,2026-07-19,Wind,Open,Y,MARISOL2026,87814.48,
CLM-001223,GC-004331,2026-07-18,2026-08-13,Wind,Open,Y,MARISOL2026,11923.02,
CLM-001224,GC-004329,2026-07-18,2026-07-21,Wind,Open,Y,MARISOL2026,43643.45,
CLM-001225,GC-004289,2026-07-18,2026-08-02,Wind + Flood,Open,Y,MARISOL2026,99173.68,
CLM-001226,GC-004290,2026-07-18,2026-07-26,Wind,Open,Y,MARISOL2026,128727.56,
CLM-001227,GC-004291,2026-07-18,2026-07-20,Wind,Open,Y,MARISOL2026,23861.62,
CLM-001228,GC-004295,2026-07-18,2026-07-29,Wind + Flood,Open,Y,MARISOL2026,76119.39,
CLM-001229,GC-004296,2026-07-18,2026-07-24,Flood/Storm Surge,Open,Y,MARISOL2026,255780.0,
CLM-001230,GC-004303,2026-07-18,2026-08-01,Wind,Open,Y,MARISOL2026,86858.41,
CLM-001231,GC-004371,2026-07-18,2026-07-25,Wind + Flood,Open,Y,MARISOL2026,22103.16,
CLM-001232,GC-004307,2026-07-18,2026-07-30,Wind,Open,Y,MARISOL2026,10245.49,
CLM-001233,GC-004312,2026-07-18,2026-07-30,Wind,Open,Y,MARISOL2026,7314.49,
CLM-001234,GC-004317,2026-07-18,2026-08-01,Wind,Open,Y,MARISOL2026,215831.27,
CLM-001235,GC-004319,2026-07-18,2026-07-22,Wind,Open,Y,MARISOL2026,226526.99,
CLM-001236,GC-004324,2026-07-18,2026-07-26,Wind,Open,Y,MARISOL2026,110487.16,
CLM-001237,GC-004326,2026-07-18,2026-07-24,Wind,Open,Y,MARISOL2026,19190.37,
CLM-001238,GC-004328,2026-07-18,2026-07-19,Wind,Open,Y,MARISOL2026,46956.81,
CLM-001239,GC-004311,2026-07-18,2026-07-26,Wind,Open,Y,MARISOL2026,9264.98,
CLM-001240,GC-004614,2026-07-18,2026-07-21,Wind,Open,Y,MARISOL2026,833241.95,
CLM-001241,GC-004373,2026-07-18,2026-07-26,Wind + Flood,Open,Y,MARISOL2026,29270.98,
CLM-001242,GC-004376,2026-07-18,2026-08-12,,Open,Y,MARISOL2026,17372.56,
CLM-001243,GC-004440,2026-07-18,2026-07-23,Wind + Flood,Open,Y,MARISOL2026,233589.04,
CLM-001244,GC-004433,2026-07-18,2026-07-24,Wind + Flood,Open,Y,MARISOL2026,12141.98,
CLM-001245,GC-004431,2026-07-18,2026-07-21,Wind,Open,Y,MARISOL2026,32547.12,
CLM-001246,GC-004430,2026-07-18,2026-07-22,Wind,Open,Y,MARISOL2026,30285.86,
CLM-001247,GC-004428,2026-07-18,2026-08-08,,Open,Y,MARISOL2026,532639.67,
CLM-001248,GC-004424,2026-07-18,2026-07-21,Wind,Open,Y,MARISOL2026,242963.91,
CLM-001249,GC-004421,2026-07-18,2026-07-24,Wind,Open,Y,MARISOL2026,190031.78,
CLM-001250,GC-004419,2026-07-18,2026-07-22,Wind + Flood,Open,Y,MARISOL2026,61348.69,
CLM-001251,GC-004417,2026-07-18,2026-07-31,Wind,Open,Y,MARISOL2026,3415.96,
CLM-001252,GC-004415,2026-07-18,2026-07-22,Wind,Open,Y,MARISOL2026,13006.21,
CLM-001253,GC-004413,2026-07-18,2026-07-19,Wind,Open,Y,MARISOL2026,22606.96,
CLM-001254,GC-004410,2026-07-18,2026-07-21,Wind + Flood,Closed,Y,MARISOL2026,34860.38,2026-08-02
CLM-001255,GC-004409,2026-07-18,2026-08-02,Wind,Open,Y,MARISOL2026,986034.07,
CLM-001256,GC-004403,2026-07-18,2026-07-25,Wind,Open,Y,MARISOL2026,7848.04,
CLM-001257,GC-004401,2026-07-18,2026-07-24,Wind + Flood,Open,Y,MARISOL2026,2509.61,
CLM-001258,GC-004400,2026-07-18,2026-07-25,Wind + Flood,Open,Y,MARISOL2026,26382.52,
CLM-001259,GC-004398,2026-07-18,2026-07-22,Wind,Open,Y,MARISOL2026,16407.06,
CLM-001260,GC-004378,2026-07-18,2026-07-28,Wind + Flood,Open,Y,MARISOL2026,218505.0,
CLM-001261,GC-004379,2026-07-18,2026-07-28,Flood/Storm Surge,Closed,Y,MARISOL2026,19065.24,2026-08-03
CLM-001262,GC-004380,2026-07-18,2026-07-23,Wind + Flood,Open,Y,MARISOL2026,40753.57,
CLM-001263,GC-004381,2026-07-18,2026-07-20,Wind + Flood,Open,Y,MARISOL2026,15717.04,
CLM-001264,GC-004382,2026-07-18,2026-08-10,Wind,Open,Y,MARISOL2026,8623.49,
CLM-001265,GC-004383,2026-07-18,2026-07-23,Wind,Open,Y,MARISOL2026,12503.9,
CLM-001266,GC-004375,2026-07-18,2026-07-19,Wind,Open,Y,MARISOL2026,29933.71,
CLM-001267,GC-004385,2026-07-18,2026-07-22,Wind,Open,Y,MARISOL2026,21390.71,
CLM-001268,GC-004387,2026-07-18,2026-07-21,Wind + Flood,Open,Y,MARISOL2026,21473.66,
CLM-001269,GC-004388,2026-07-18,2026-07-19,Wind,Open,Y,MARISOL2026,58588.24,
CLM-001270,GC-004390,2026-07-18,2026-07-21,Wind + Flood,Open,Y,MARISOL2026,19709.33,
CLM-001271,GC-004391,2026-07-18,2026-07-24,Wind + Flood,Open,Y,MARISOL2026,20238.46,
CLM-001272,GC-004393,2026-07-18,2026-07-27,Wind + Flood,Open,Y,MARISOL2026,29623.56,
CLM-001273,GC-004394,2026-07-18,2026-08-03,Wind,Open,Y,MARISOL2026,9360.94,
CLM-001274,GC-004386,2026-07-18,2026-08-17,Flood/Storm Surge,Open,Y,MARISOL2026,129038.69,
CLM-001275,GC-004288,2026-07-18,2026-07-25,Wind,Open,Y,MARISOL2026,84882.06,
CLM-001276,GC-004619,2026-07-18,2026-07-30,Wind,Open,Y,MARISOL2026,28082.61,
CLM-001277,GC-004626,2026-07-18,2026-07-22,Wind,Open,Y,MARISOL2026,17386.52,
CLM-001278,GC-004882,2026-07-18,2026-07-29,Flood/Storm Surge,Open,Y,MARISOL2026,51555.93,
CLM-001279,GC-004880,2026-07-18,2026-07-23,Flood/Storm Surge,Open,Y,MARISOL2026,28862.79,
CLM-001280,GC-004879,2026-07-18,2026-07-27,Wind + Flood,Open,Y,MARISOL2026,7108.13,
CLM-001281,GC-004878,2026-07-18,2026-07-22,Wind,Open,Y,MARISOL2026,40913.02,
CLM-001282,GC-004876,2026-07-18,2026-07-18,Wind,Open,Y,MARISOL2026,15937.04,
CLM-001283,GC-004875,2026-07-18,2026-08-05,Wind,Open,Y,MARISOL2026,63624.05,
CLM-001284,GC-004874,2026-07-18,2026-07-21,Wind + Flood,Open,Y,MARISOL2026,98657.31,
CLM-001285,GC-004873,2026-07-18,2026-07-19,Wind,Open,Y,MARISOL2026,63235.74,
CLM-001286,GC-004872,2026-07-18,2026-07-31,Flood/Storm Surge,Open,Y,MARISOL2026,126662.25,
CLM-001287,GC-004871,2026-07-18,2026-07-25,Wind,Open,Y,MARISOL2026,32887.27,
CLM-001288,GC-004867,2026-07-18,2026-07-28,Wind,Open,Y,MARISOL2026,53048.43,
CLM-001289,GC-004864,2026-07-18,2026-07-19,Wind,Open,Y,MARISOL2026,35894.55,
CLM-001290,GC-004863,2026-07-18,2026-07-27,Flood/Storm Surge,Open,Y,MARISOL2026,9508.42,
CLM-001291,GC-004862,2026-07-18,2026-07-23,Flood/Storm Surge,Open,Y,MARISOL2026,30144.61,
CLM-001292,GC-004886,2026-07-18,2026-07-22,Wind,Open,Y,MARISOL2026,28447.26,
CLM-001293,GC-004860,2026-07-18,2026-07-28,Wind,Open,Y,MARISOL2026,50215.75,
CLM-001294,GC-004855,2026-07-18,2026-07-20,Wind,Open,Y,MARISOL2026,1000827.16,
CLM-001295,GC-004854,2026-07-18,2026-07-19,Wind + Flood,Open,Y,MARISOL2026,50104.19,
CLM-001296,GC-004853,2026-07-18,2026-07-19,Wind,Closed,Y,MARISOL2026,62813.99,2026-07-29
CLM-001297,GC-004847,2026-07-18,2026-07-26,Wind + Flood,Open,Y,MARISOL2026,22545.21,
CLM-001298,GC-004846,2026-07-18,2026-07-20,Wind + Flood,Closed,Y,MARISOL2026,113675.39,2026-08-08
CLM-001299,GC-004844,2026-07-18,2026-07-24,Wind,Open,Y,MARISOL2026,80565.39,
CLM-001300,GC-004841,2026-07-18,2026-07-21,Wind,Open,Y,MARISOL2026,9498.06,
CLM-001301,GC-004839,2026-07-18,2026-07-21,Flood/Storm Surge,Open,Y,MARISOL2026,28991.8,
CLM-001302,GC-004838,2026-07-18,2026-08-05,Wind,Open,Y,MARISOL2026,12109.76,
CLM-001303,GC-004837,2026-07-18,2026-07-28,Wind,Open,Y,MARISOL2026,159271.28,
CLM-001304,GC-004835,2026-07-18,2026-07-21,Wind,Open,Y,MARISOL2026,6701.97,
CLM-001305,GC-004828,2026-07-18,2026-07-23,Flood/Storm Surge,Open,Y,MARISOL2026,33529.48,
CLM-001306,GC-004826,2026-07-18,2026-07-24,Wind,Open,Y,MARISOL2026,35961.69,
CLM-001307,GC-004825,2026-07-18,2026-07-26,Wind,Open,Y,MARISOL2026,21955.89,
CLM-001308,GC-004859,2026-07-18,2026-07-30,Wind,Open,Y,MARISOL2026,549736.35,
CLM-001309,GC-004889,2026-07-18,2026-07-28,Wind + Flood,Open,Y,MARISOL2026,17734.91,
CLM-001310,GC-004891,2026-07-18,2026-07-21,Flood/Storm Surge,Open,Y,MARISOL2026,16118.35,
CLM-001311,GC-004892,2026-07-18,2026-07-20,Wind,Open,Y,MARISOL2026,134982.09,
CLM-001312,GC-004991,2026-07-18,2026-07-25,Wind,Open,Y,MARISOL2026,414152.44,
CLM-001313,GC-004988,2026-07-18,2026-07-20,Wind + Flood,Open,Y,MARISOL2026,13680.82,
CLM-001314,GC-004987,2026-07-18,2026-07-21,Wind,Open,Y,MARISOL2026,53490.72,
CLM-001315,GC-004984,2026-07-18,2026-07-28,Wind,Open,Y,MARISOL2026,44202.49,
CLM-001316,GC-004982,2026-07-18,2026-07-19,Flood/Storm Surge,Open,Y,MARISOL2026,29057.3,
CLM-001317,GC-004976,2026-07-18,2026-07-21,Wind,Open,Y,MARISOL2026,91115.48,
CLM-001318,GC-004971,2026-07-18,2026-07-19,Wind,Open,Y,MARISOL2026,2912.39,
CLM-001319,GC-004964,2026-07-18,2026-08-03,Wind + Flood,Open,Y,MARISOL2026,121880.65,
CLM-001320,GC-004963,2026-07-18,2026-07-30,Wind,Closed,Y,MARISOL2026,32383.77,2026-08-09
CLM-001321,GC-004962,2026-07-18,2026-07-20,Wind,Open,Y,MARISOL2026,240261.57,
CLM-001322,GC-004961,2026-07-18,2026-07-21,Wind + Flood,Open,Y,MARISOL2026,19485.35,
CLM-001323,GC-004959,2026-07-18,2026-07-21,Wind,Open,Y,MARISOL2026,60293.16,
CLM-001324,GC-004954,2026-07-18,2026-07-19,Wind,Open,Y,MARISOL2026,67955.11,
CLM-001325,GC-004952,2026-07-18,2026-07-26,Wind,Open,Y,MARISOL2026,16467.2,
CLM-001326,GC-004950,2026-07-18,2026-07-21,Flood/Storm Surge,Open,Y,MARISOL2026,15697.59,
CLM-001327,GC-004947,2026-07-18,2026-07-31,Wind,Open,Y,MARISOL2026,29207.95,
CLM-001328,GC-004943,2026-07-18,2026-07-23,Flood/Storm Surge,Open,Y,MARISOL2026,49580.95,
CLM-001329,GC-004893,2026-07-18,2026-07-23,Wind + Flood,Open,Y,MARISOL2026,22601.25,
CLM-001330,GC-004894,2026-07-18,2026-07-25,Flood/Storm Surge,Open,Y,MARISOL2026,55746.67,
CLM-001331,GC-004902,2026-07-18,2026-07-26,Wind,Open,Y,MARISOL2026,109768.13,
CLM-001332,GC-004906,2026-07-18,2026-07-28,Wind,Open,Y,MARISOL2026,53075.08,
CLM-001333,GC-004912,2026-07-18,2026-07-27,Flood/Storm Surge,Open,Y,MARISOL2026,13234.09,
CLM-001334,GC-004913,2026-07-18,2026-07-28,Flood/Storm Surge,Open,Y,MARISOL2026,11410.03,
CLM-001335,GC-004823,2026-07-18,2026-07-25,Wind + Flood,Closed,Y,MARISOL2026,122334.06,2026-08-05
CLM-001336,GC-004921,2026-07-18,2026-07-24,Wind,Open,Y,MARISOL2026,19316.25,
CLM-001337,GC-004925,2026-07-18,2026-07-28,Wind + Flood,Open,Y,MARISOL2026,115139.37,
CLM-001338,GC-004927,2026-07-18,2026-07-25,Flood/Storm Surge,Open,Y,MARISOL2026,14503.39,
CLM-001339,GC-004932,2026-07-18,2026-07-26,Wind + Flood,Open,Y,MARISOL2026,92494.79,
CLM-001340,GC-004937,2026-07-18,2026-07-19,Wind,Open,Y,MARISOL2026,47412.04,
CLM-001341,GC-004938,2026-07-18,2026-07-27,Wind,Open,Y,MARISOL2026,23833.56,
CLM-001342,GC-004940,2026-07-18,2026-07-18,Wind,Open,Y,MARISOL2026,14271.21,
CLM-001343,GC-004923,2026-07-18,2026-07-19,Wind,Open,Y,MARISOL2026,58264.98,
CLM-001344,GC-004822,2026-07-18,2026-07-23,Wind + Flood,Open,Y,MARISOL2026,12734.39,
CLM-001345,GC-004821,2026-07-18,2026-07-23,Flood/Storm Surge,Open,Y,MARISOL2026,12096.39,
CLM-001346,GC-004818,2026-07-18,2026-07-20,Wind,Open,Y,MARISOL2026,10329.38,
CLM-001347,GC-004699,2026-07-18,2026-07-22,Wind,Open,Y,MARISOL2026,48220.78,
CLM-001348,GC-004692,2026-07-18,2026-07-22,Wind + Flood,Open,Y,MARISOL2026,6842.63,
CLM-001349,GC-004689,2026-07-18,2026-07-23,Flood/Storm Surge,Open,Y,MARISOL2026,50495.65,
CLM-001350,GC-004688,2026-07-18,2026-07-27,Wind + Flood,Open,Y,MARISOL2026,63206.83,
CLM-001351,GC-004679,2026-07-18,2026-07-25,Wind,Open,Y,MARISOL2026,10788.98,
CLM-001352,GC-004675,2026-07-18,2026-08-04,Wind + Flood,Open,Y,MARISOL2026,44046.72,
CLM-001353,GC-004673,2026-07-18,2026-07-30,Wind,Open,Y,MARISOL2026,7283.03,
CLM-001354,GC-004671,2026-07-18,2026-08-02,Wind,Open,Y,MARISOL2026,11508.42,
CLM-001355,GC-004668,2026-07-18,2026-07-23,Wind,Open,Y,MARISOL2026,299590.96,
CLM-001356,GC-004665,2026-07-18,2026-07-22,Wind,Open,Y,MARISOL2026,27124.66,
CLM-001357,GC-004662,2026-07-18,2026-07-23,Wind,Open,Y,MARISOL2026,14761.0,
CLM-001358,GC-004661,2026-07-18,2026-07-21,Flood/Storm Surge,Open,Y,MARISOL2026,9936.07,
CLM-001359,GC-004660,2026-07-18,2026-07-24,Flood/Storm Surge,Open,Y,MARISOL2026,13243.28,
CLM-001360,GC-004658,2026-07-18,2026-07-24,Wind,Open,Y,MARISOL2026,156169.08,
CLM-001361,GC-004657,2026-07-18,2026-07-27,Wind,Open,Y,MARISOL2026,46359.77,
CLM-001362,GC-004653,2026-07-18,2026-07-28,Wind + Flood,Open,Y,MARISOL2026,164890.7,
CLM-001363,GC-004652,2026-07-18,2026-07-25,Wind,Open,Y,MARISOL2026,25226.23,
CLM-001364,GC-004631,2026-07-18,2026-07-27,Wind,Open,Y,MARISOL2026,41109.18,
CLM-001365,GC-004632,2026-07-18,2026-07-20,Wind,Open,Y,MARISOL2026,18881.34,
CLM-001366,GC-004633,2026-07-18,2026-08-04,Wind,Open,Y,MARISOL2026,114243.43,
CLM-001367,GC-004634,2026-07-18,2026-07-24,Wind,Open,Y,MARISOL2026,52043.66,
CLM-001368,GC-004635,2026-07-18,2026-08-14,Wind,Open,Y,MARISOL2026,58839.15,
CLM-001369,GC-004638,2026-07-18,2026-07-19,Flood/Storm Surge,Open,Y,MARISOL2026,10160.46,
CLM-001370,GC-004705,2026-07-18,2026-07-18,Wind,Open,Y,MARISOL2026,19794.07,
CLM-001371,GC-004639,2026-07-18,2026-07-26,Wind,Open,Y,MARISOL2026,42255.77,
CLM-001372,GC-004645,2026-07-18,2026-07-22,Wind,Open,Y,MARISOL2026,6769.43,
CLM-001373,GC-004646,2026-07-18,2026-07-20,Wind,Open,Y,MARISOL2026,30896.53,
CLM-001374,GC-004647,2026-07-18,2026-07-20,Wind,Open,Y,MARISOL2026,22722.53,
CLM-001375,GC-004649,2026-07-18,2026-08-08,Wind,Open,Y,MARISOL2026,46499.48,
CLM-001376,GC-004650,2026-07-18,2026-07-26,Wind,Open,Y,MARISOL2026,10481.35,
CLM-001377,GC-004651,2026-07-18,2026-07-21,Wind,Open,Y,MARISOL2026,227179.79,
CLM-001378,GC-004642,2026-07-18,2026-07-25,Wind,Open,Y,MARISOL2026,55172.21,
CLM-001379,GC-004620,2026-07-18,2026-08-02,Flood/Storm Surge,Open,Y,MARISOL2026,17709.54,
CLM-001380,GC-004708,2026-07-18,2026-07-29,Wind,Open,Y,MARISOL2026,45206.52,
CLM-001381,GC-004711,2026-07-18,2026-07-27,Wind + Flood,Open,Y,MARISOL2026,4978.04,
CLM-001382,GC-004815,2026-07-18,2026-07-28,Wind + Flood,Open,Y,MARISOL2026,13508.58,
CLM-001383,GC-004814,2026-07-18,2026-07-24,Flood/Storm Surge,Open,Y,MARISOL2026,33542.75,
CLM-001384,GC-004811,2026-07-18,2026-07-30,Flood/Storm Surge,Open,Y,MARISOL2026,13255.83,
CLM-001385,GC-004808,2026-07-18,2026-07-19,Wind,Open,Y,MARISOL2026,22560.14,
CLM-001386,GC-004807,2026-07-18,2026-07-28,Flood/Storm Surge,Open,Y,MARISOL2026,123505.87,
CLM-001387,GC-004804,2026-07-18,2026-08-17,Wind,Open,Y,MARISOL2026,74314.14,
CLM-001388,GC-004800,2026-07-18,2026-07-23,Wind,Open,Y,MARISOL2026,13891.99,
CLM-001389,GC-004794,2026-07-18,2026-07-23,Wind + Flood,Open,Y,MARISOL2026,84333.62,
CLM-001390,GC-004793,2026-07-18,2026-07-20,Wind,Open,Y,MARISOL2026,14982.97,
CLM-001391,GC-004791,2026-07-18,2026-07-25,Flood/Storm Surge,Open,Y,MARISOL2026,13104.15,
CLM-001392,GC-004786,2026-07-18,2026-07-21,Flood/Storm Surge,Open,Y,MARISOL2026,75837.67,
CLM-001393,GC-004781,2026-07-18,2026-08-04,Wind,Open,Y,MARISOL2026,40135.91,
CLM-001394,GC-004780,2026-07-18,2026-07-21,Flood/Storm Surge,Open,Y,MARISOL2026,7236.77,
CLM-001395,GC-004776,2026-07-18,2026-07-20,Wind,Open,Y,MARISOL2026,15891.39,
CLM-001396,GC-004774,2026-07-18,2026-07-25,Wind,Open,Y,MARISOL2026,224550.28,
CLM-001397,GC-004772,2026-07-18,2026-07-23,Flood/Storm Surge,Open,Y,MARISOL2026,225434.43,
CLM-001398,GC-004770,2026-07-18,2026-07-21,Wind,Open,Y,MARISOL2026,39741.24,
CLM-001399,GC-004712,2026-07-18,2026-07-31,Flood/Storm Surge,Open,Y,MARISOL2026,6305.57,
CLM-001400,GC-004717,2026-07-18,2026-07-23,Wind,Open,Y,MARISOL2026,8947.14,
CLM-001401,GC-004725,2026-07-18,2026-08-06,Wind + Flood,Open,Y,MARISOL2026,23018.4,
CLM-001402,GC-004729,2026-07-18,2026-08-06,Wind + Flood,Open,Y,MARISOL2026,5202.85,
CLM-001403,GC-004733,2026-07-18,2026-07-24,Wind,Open,Y,MARISOL2026,12696.92,
CLM-001404,GC-004734,2026-07-18,2026-08-03,Wind + Flood,Closed,Y,MARISOL2026,19238.2,2026-07-31
CLM-001405,GC-004709,2026-07-18,2026-07-23,Wind,Open,Y,MARISOL2026,397915.55,
CLM-001406,GC-004735,2026-07-18,2026-07-24,Wind,Open,Y,MARISOL2026,15339.46,
CLM-001407,GC-004738,2026-07-18,2026-08-14,,Open,Y,MARISOL2026,28445.39,
CLM-001408,GC-004745,2026-07-18,2026-07-31,Wind,Open,Y,MARISOL2026,17155.72,
CLM-001409,GC-004747,2026-07-18,2026-07-26,Flood/Storm Surge,Open,Y,MARISOL2026,19648.1,
CLM-001410,GC-004756,2026-07-18,2026-07-29,Wind,Open,Y,MARISOL2026,8057.66,
CLM-001411,GC-004759,2026-07-18,2026-07-23,Wind,Open,Y,MARISOL2026,16320.73,
CLM-001412,GC-004762,2026-07-18,2026-08-07,Wind,Closed,Y,MARISOL2026,30801.7,2026-08-10
CLM-001413,GC-004737,2026-07-18,2026-08-03,Wind,Open,Y,MARISOL2026,135539.12,
CLM-001414,GC-004286,2026-07-18,2026-08-04,Wind,Open,Y,MARISOL2026,7071.67,
CLM-001415,GC-004285,2026-07-18,2026-07-22,Wind,Open,Y,MARISOL2026,157515.07,
CLM-001416,GC-004282,2026-07-18,2026-07-24,Wind + Flood,Open,Y,MARISOL2026,38834.02,
CLM-001417,GC-003865,2026-07-18,2026-07-22,Wind,Open,Y,MARISOL2026,49613.3,
CLM-001418,GC-003864,2026-07-18,2026-07-22,Wind,Open,Y,MARISOL2026,80577.28,
CLM-001419,GC-003863,2026-07-18,2026-07-20,Flood/Storm Surge,Open,Y,MARISOL2026,18339.71,
CLM-001420,GC-003862,2026-07-18,2026-08-01,Wind,Open,Y,MARISOL2026,60279.62,
CLM-001421,GC-003861,2026-07-18,2026-07-21,Wind,Open,Y,MARISOL2026,11952.38,
CLM-001422,GC-003858,2026-07-18,2026-07-29,Wind,Open,Y,MARISOL2026,332921.86,
CLM-001423,GC-003857,2026-07-18,2026-07-31,Wind,Open,Y,MARISOL2026,59422.4,
CLM-001424,GC-003856,2026-07-18,2026-07-18,Flood/Storm Surge,Open,Y,MARISOL2026,37238.17,
CLM-001425,GC-003855,2026-07-18,2026-07-23,Wind,Open,Y,MARISOL2026,26774.56,
CLM-001426,GC-003852,2026-07-18,2026-07-28,Wind,Open,Y,MARISOL2026,18826.74,
CLM-001427,GC-003847,2026-07-18,2026-07-20,Wind,Open,Y,MARISOL2026,6280.08,
CLM-001428,GC-003842,2026-07-18,2026-07-21,Wind,Open,Y,MARISOL2026,13278.7,
CLM-001429,GC-003840,2026-07-18,2026-07-24,Wind,Open,Y,MARISOL2026,240936.33,
CLM-001430,GC-003839,2026-07-18,2026-07-21,Wind,Open,Y,MARISOL2026,37078.38,
CLM-001431,GC-003871,2026-07-18,2026-08-05,Wind + Flood,Open,Y,MARISOL2026,44851.71,
CLM-001432,GC-003832,2026-07-18,2026-07-23,Wind,Open,Y,MARISOL2026,14845.41,
CLM-001433,GC-003825,2026-07-18,2026-08-02,Wind + Flood,Open,Y,MARISOL2026,154001.85,
CLM-001434,GC-003823,2026-07-18,2026-08-01,Wind + Flood,Open,Y,MARISOL2026,10628.53,
CLM-001435,GC-003815,2026-07-18,2026-08-02,Flood/Storm Surge,Open,Y,MARISOL2026,70936.97,
CLM-001436,GC-003812,2026-07-18,2026-07-21,Flood/Storm Surge,Open,Y,MARISOL2026,21215.11,
CLM-001437,GC-003811,2026-07-18,2026-07-25,Wind,Open,Y,MARISOL2026,15639.85,
CLM-001438,GC-003810,2026-07-18,2026-08-02,Wind + Flood,Open,Y,MARISOL2026,53443.63,
CLM-001439,GC-003805,2026-07-18,2026-07-26,Flood/Storm Surge,Open,Y,MARISOL2026,11924.86,
CLM-001440,GC-003803,2026-07-18,2026-07-26,Wind,Open,Y,MARISOL2026,13622.27,
CLM-001441,GC-003802,2026-07-18,2026-07-23,Wind + Flood,Open,Y,MARISOL2026,514148.81,
CLM-001442,GC-003801,2026-07-18,2026-07-20,Wind + Flood,Open,Y,MARISOL2026,71790.05,
CLM-001443,GC-003796,2026-07-18,2026-07-20,Wind,Open,Y,MARISOL2026,49449.78,
CLM-001444,GC-003793,2026-07-18,2026-07-20,Wind + Flood,Closed,Y,MARISOL2026,60968.66,2026-08-12
CLM-001445,GC-003789,2026-07-18,2026-07-22,Wind + Flood,Open,Y,MARISOL2026,26404.4,
CLM-001446,GC-003788,2026-07-18,2026-07-27,Wind,Open,Y,MARISOL2026,162553.66,
CLM-001447,GC-003828,2026-07-18,2026-07-25,Wind + Flood,Open,Y,MARISOL2026,46362.29,
CLM-001448,GC-003874,2026-07-18,2026-08-02,Wind + Flood,Open,Y,MARISOL2026,26210.61,
CLM-001449,GC-003875,2026-07-18,2026-07-28,Wind + Flood,Open,Y,MARISOL2026,36584.98,
CLM-001450,GC-003876,2026-07-18,2026-07-19,Wind + Flood,Open,Y,MARISOL2026,59223.97,
CLM-001451,GC-003944,2026-07-18,2026-08-02,Wind,Open,Y,MARISOL2026,9541.68,
CLM-001452,GC-003941,2026-07-18,2026-07-21,Wind,Open,Y,MARISOL2026,42148.07,
CLM-001453,GC-003937,2026-07-18,2026-07-25,Wind + Flood,Open,Y,MARISOL2026,54846.75,
CLM-001454,GC-003933,2026-07-18,2026-08-05,Wind,Open,Y,MARISOL2026,137021.07,
CLM-001455,GC-003930,2026-07-18,2026-07-30,Wind,Open,Y,MARISOL2026,8326.2,
CLM-001456,GC-003929,2026-07-18,2026-07-21,Flood/Storm Surge,Open,Y,MARISOL2026,29459.88,
CLM-001457,GC-003923,2026-07-18,2026-08-09,Flood/Storm Surge,Open,Y,MARISOL2026,32209.67,
CLM-001458,GC-003922,2026-07-18,2026-07-24,Flood/Storm Surge,Open,Y,MARISOL2026,445662.28,
CLM-001459,GC-003918,2026-07-18,2026-07-26,Wind,Open,Y,MARISOL2026,20949.75,
CLM-001460,GC-003915,2026-07-18,2026-07-27,Wind,Open,Y,MARISOL2026,34797.28,
CLM-001461,GC-003914,2026-07-18,2026-07-20,Flood/Storm Surge,Open,Y,MARISOL2026,12079.97,
CLM-001462,GC-003913,2026-07-18,2026-07-27,Flood/Storm Surge,Open,Y,MARISOL2026,53233.15,
CLM-001463,GC-003912,2026-07-18,2026-07-24,Wind + Flood,Open,Y,MARISOL2026,114101.57,
CLM-001464,GC-003911,2026-07-18,2026-07-20,Wind + Flood,Open,Y,MARISOL2026,86237.97,
CLM-001465,GC-003909,2026-07-18,2026-07-31,Wind + Flood,Open,Y,MARISOL2026,230709.14,
CLM-001466,GC-003908,2026-07-18,2026-07-21,Wind,Open,Y,MARISOL2026,52057.92,
CLM-001467,GC-003905,2026-07-18,2026-07-18,Wind,Closed,Y,MARISOL2026,67795.98,2026-08-06
CLM-001468,GC-003878,2026-07-18,2026-07-21,Wind,Open,Y,MARISOL2026,28832.82,
CLM-001469,GC-003880,2026-07-18,2026-07-22,Wind + Flood,Open,Y,MARISOL2026,15902.56,
CLM-001470,GC-003882,2026-07-18,2026-07-18,Wind + Flood,Open,Y,MARISOL2026,21238.01,
CLM-001471,GC-003886,2026-07-18,2026-07-20,Wind,Open,Y,MARISOL2026,16717.82,
CLM-001472,GC-003887,2026-07-18,2026-07-25,Flood/Storm Surge,Open,Y,MARISOL2026,7459.46,
CLM-001473,GC-003888,2026-07-18,2026-07-29,Wind,Open,Y,MARISOL2026,46779.63,
CLM-001474,GC-003787,2026-07-18,2026-07-30,Wind,Open,Y,MARISOL2026,7705.79,
CLM-001475,GC-003889,2026-07-18,2026-07-22,Wind + Flood,Open,Y,MARISOL2026,33081.87,
CLM-001476,GC-003895,2026-07-18,2026-07-22,Wind + Flood,Open,Y,MARISOL2026,146080.95,
CLM-001477,GC-003898,2026-07-18,2026-07-20,Wind + Flood,Open,Y,MARISOL2026,333037.54,
CLM-001478,GC-003899,2026-07-18,2026-07-24,Wind,Open,Y,MARISOL2026,74074.89,
CLM-001479,GC-003900,2026-07-18,2026-07-22,Wind,Open,Y,MARISOL2026,28375.62,
CLM-001480,GC-003901,2026-07-18,2026-07-31,Wind,Open,Y,MARISOL2026,69658.03,
CLM-001481,GC-003904,2026-07-18,2026-07-28,Wind + Flood,Open,Y,MARISOL2026,393654.51,
CLM-001482,GC-003890,2026-07-18,2026-07-23,Wind,Open,Y,MARISOL2026,70670.27,
CLM-001483,GC-003786,2026-07-18,2026-08-10,Wind + Flood,Open,Y,MARISOL2026,14249.8,
CLM-001484,GC-003785,2026-07-18,2026-07-28,Wind,Open,Y,MARISOL2026,30285.96,
CLM-001485,GC-003783,2026-07-18,2026-07-24,Flood/Storm Surge,Open,Y,MARISOL2026,296081.05,
CLM-001486,GC-003702,2026-07-18,2026-07-23,Flood/Storm Surge,Open,Y,MARISOL2026,1797.85,
CLM-001487,GC-003699,2026-07-18,2026-07-31,Wind,Open,Y,MARISOL2026,335095.47,
CLM-001488,GC-003696,2026-07-18,2026-07-19,Wind,Open,Y,MARISOL2026,40440.65,
CLM-001489,GC-003693,2026-07-18,2026-08-14,Flood/Storm Surge,Open,Y,MARISOL2026,17649.57,
CLM-001490,GC-003689,2026-07-18,2026-07-30,Flood/Storm Surge,Open,Y,MARISOL2026,7621.73,
CLM-001491,GC-003686,2026-07-18,2026-07-25,Wind,Open,Y,MARISOL2026,25316.12,
CLM-001492,GC-003685,2026-07-18,2026-07-30,Flood/Storm Surge,Open,Y,MARISOL2026,5828.67,
CLM-001493,GC-003681,2026-07-18,2026-07-18,Wind,Open,Y,MARISOL2026,85346.89,
CLM-001494,GC-003680,2026-07-18,2026-08-06,Wind + Flood,Open,Y,MARISOL2026,25907.96,
CLM-001495,GC-003677,2026-07-18,2026-07-22,Wind,Open,Y,MARISOL2026,20064.66,
CLM-001496,GC-003674,2026-07-18,2026-07-21,Wind + Flood,Open,Y,MARISOL2026,10201.54,
CLM-001497,GC-003670,2026-07-18,2026-07-28,Wind + Flood,Open,Y,MARISOL2026,32277.28,
CLM-001498,GC-003663,2026-07-18,2026-07-20,Wind,Open,Y,MARISOL2026,191561.37,
CLM-001499,GC-003662,2026-07-18,2026-07-22,Wind,Open,Y,MARISOL2026,26407.78,
CLM-001500,GC-003660,2026-07-18,2026-07-20,Wind,Open,Y,MARISOL2026,89790.38,
CLM-001501,GC-003657,2026-07-18,2026-07-18,Wind,Open,Y,MARISOL2026,23640.7,
CLM-001502,GC-003656,2026-07-18,2026-07-27,Wind,Open,Y,MARISOL2026,271853.89,
CLM-001503,GC-003617,2026-07-18,2026-07-23,Wind,Open,Y,MARISOL2026,20517.91,
CLM-001504,GC-003620,2026-07-18,2026-07-28,Wind,Open,Y,MARISOL2026,28266.57,
CLM-001505,GC-003622,2026-07-18,2026-07-27,Wind,Closed,Y,MARISOL2026,23203.47,2026-08-06
CLM-001506,GC-003625,2026-07-18,2026-07-30,Wind + Flood,Open,Y,MARISOL2026,39290.59,
CLM-001507,GC-003627,2026-07-18,2026-07-26,Wind,Open,Y,MARISOL2026,27221.83,
CLM-001508,GC-003628,2026-07-18,2026-07-28,Wind,Open,Y,MARISOL2026,981779.79,
CLM-001509,GC-003703,2026-07-18,2026-07-20,Wind,Open,Y,MARISOL2026,64879.93,
CLM-001510,GC-003629,2026-07-18,2026-07-29,Wind,Open,Y,MARISOL2026,36087.17,
CLM-001511,GC-003640,2026-07-18,2026-07-28,Wind,Open,Y,MARISOL2026,18529.06,
CLM-001512,GC-003643,2026-07-18,2026-07-23,Flood/Storm Surge,Open,Y,MARISOL2026,16170.82,
CLM-001513,GC-003644,2026-07-18,2026-07-25,Wind,Open,Y,MARISOL2026,196905.67,
CLM-001514,GC-003648,2026-07-18,2026-07-22,Wind + Flood,Open,Y,MARISOL2026,85505.18,
CLM-001515,GC-003653,2026-07-18,2026-07-20,Wind + Flood,Open,Y,MARISOL2026,39106.5,
CLM-001516,GC-003654,2026-07-18,2026-07-31,Wind,Open,Y,MARISOL2026,11983.9,
CLM-001517,GC-003630,2026-07-18,2026-07-20,Wind,Open,Y,MARISOL2026,14208.29,
CLM-001518,GC-003945,2026-07-18,2026-08-07,Flood/Storm Surge,Closed,Y,MARISOL2026,31019.53,2026-08-07
CLM-001519,GC-003706,2026-07-18,2026-07-23,Flood/Storm Surge,Open,Y,MARISOL2026,12844.37,
CLM-001520,GC-003709,2026-07-18,2026-07-25,Wind + Flood,Open,Y,MARISOL2026,102901.53,
CLM-001521,GC-003780,2026-07-18,2026-07-21,Flood/Storm Surge,Open,Y,MARISOL2026,7247.67,
CLM-001522,GC-003777,2026-07-18,2026-07-24,Flood/Storm Surge,Open,Y,MARISOL2026,46918.14,
CLM-001523,GC-003774,2026-07-18,2026-07-26,Wind,Open,Y,MARISOL2026,21758.29,
CLM-001524,GC-003773,2026-07-18,2026-08-02,Wind + Flood,Open,Y,MARISOL2026,23339.99,
CLM-001525,GC-003772,2026-07-18,2026-07-19,Wind,Open,Y,MARISOL2026,36058.51,
CLM-001526,GC-003771,2026-07-18,2026-07-20,Wind,Open,Y,MARISOL2026,34459.8,
CLM-001527,GC-003769,2026-07-18,2026-07-27,Flood/Storm Surge,Open,Y,MARISOL2026,32862.29,
CLM-001528,GC-003766,2026-07-18,2026-07-19,Wind,Open,Y,MARISOL2026,56198.26,
CLM-001529,GC-003756,2026-07-18,2026-07-26,Flood/Storm Surge,Open,Y,MARISOL2026,6542.43,
CLM-001530,GC-003755,2026-07-18,2026-07-19,Flood/Storm Surge,Open,Y,MARISOL2026,56143.04,
CLM-001531,GC-003754,2026-07-18,2026-07-31,Wind,Open,Y,MARISOL2026,23382.97,
CLM-001532,GC-003750,2026-07-18,2026-07-29,Wind + Flood,Open,Y,MARISOL2026,9819.78,
CLM-001533,GC-003749,2026-07-18,2026-07-20,Wind,Open,Y,MARISOL2026,39796.67,
CLM-001534,GC-003747,2026-07-18,2026-07-25,Wind,Open,Y,MARISOL2026,17496.45,
CLM-001535,GC-003746,2026-07-18,2026-07-22,Flood/Storm Surge,Open,Y,MARISOL2026,53012.53,
CLM-001536,GC-003744,2026-07-18,2026-07-22,Wind,Open,Y,MARISOL2026,24520.62,
CLM-001537,GC-003742,2026-07-18,2026-07-22,Wind,Open,Y,MARISOL2026,189769.93,
CLM-001538,GC-003711,2026-07-18,2026-08-01,Flood/Storm Surge,Open,Y,MARISOL2026,85407.52,
CLM-001539,GC-003713,2026-07-18,2026-07-19,Flood/Storm Surge,Open,Y,MARISOL2026,20170.96,
CLM-001540,GC-003716,2026-07-18,2026-07-29,Wind + Flood,Open,Y,MARISOL2026,531630.92,
CLM-001541,GC-003717,2026-07-18,2026-08-03,Wind,Open,Y,MARISOL2026,46878.49,
CLM-001542,GC-003719,2026-07-18,2026-07-21,Wind,Open,Y,MARISOL2026,760128.65,
CLM-001543,GC-003722,2026-07-18,2026-07-25,Wind + Flood,Open,Y,MARISOL2026,1818.21,
CLM-001544,GC-003707,2026-07-18,2026-07-26,Wind,Open,Y,MARISOL2026,17983.07,
CLM-001545,GC-003723,2026-07-18,2026-07-24,Wind,Open,Y,MARISOL2026,253785.0,
CLM-001546,GC-003731,2026-07-18,2026-07-25,Wind + Flood,Open,Y,MARISOL2026,672700.98,
CLM-001547,GC-003732,2026-07-18,2026-07-24,Flood/Storm Surge,Open,Y,MARISOL2026,45031.38,
CLM-001548,GC-003734,2026-07-18,2026-07-22,Wind,Open,Y,MARISOL2026,18850.45,
CLM-001549,GC-003735,2026-07-18,2026-07-22,Wind + Flood,Open,Y,MARISOL2026,51218.71,
CLM-001550,GC-003736,2026-07-18,2026-07-23,Wind + Flood,Open,Y,MARISOL2026,19541.28,
CLM-001551,GC-003739,2026-07-18,2026-08-01,Flood/Storm Surge,Open,Y,MARISOL2026,84217.67,
CLM-001552,GC-003728,2026-07-18,2026-07-25,Wind,Open,Y,MARISOL2026,203803.33,
CLM-001553,GC-003948,2026-07-18,2026-07-25,Flood/Storm Surge,Open,Y,MARISOL2026,24478.98,
CLM-001554,GC-003949,2026-07-18,2026-07-21,Flood/Storm Surge,Open,Y,MARISOL2026,54290.23,
CLM-001555,GC-003952,2026-07-18,2026-07-19,Wind + Flood,Open,Y,MARISOL2026,83225.52,
CLM-001556,GC-004204,2026-07-18,2026-07-30,Wind,Open,Y,MARISOL2026,18300.33,
CLM-001557,GC-004203,2026-07-18,2026-07-21,Wind,Open,Y,MARISOL2026,73350.21,
CLM-001558,GC-004196,2026-07-18,2026-07-22,Wind,Open,Y,MARISOL2026,19189.1,
CLM-001559,GC-004193,2026-07-18,2026-07-24,Wind + Flood,Open,Y,MARISOL2026,5700.18,
CLM-001560,GC-004191,2026-07-18,2026-08-02,Wind + Flood,Open,Y,MARISOL2026,7581.87,
CLM-001561,GC-004189,2026-07-18,2026-07-31,Wind,Open,Y,MARISOL2026,316951.1,
CLM-001562,GC-004187,2026-07-18,2026-07-27,Wind,Open,Y,MARISOL2026,37058.51,
CLM-001563,GC-004186,2026-07-18,2026-07-26,Wind,Open,Y,MARISOL2026,33892.48,
CLM-001564,GC-004184,2026-07-18,2026-07-24,Wind,Open,Y,MARISOL2026,51438.75,
CLM-001565,GC-004181,2026-07-18,2026-07-31,Wind + Flood,Open,Y,MARISOL2026,21582.33,
CLM-001566,GC-004180,2026-07-18,2026-07-26,Wind,Open,Y,MARISOL2026,43053.98,
CLM-001567,GC-004173,2026-07-18,2026-07-24,Wind + Flood,Open,Y,MARISOL2026,30638.5,
CLM-001568,GC-004171,2026-07-18,2026-08-01,Flood/Storm Surge,Open,Y,MARISOL2026,3229.72,
CLM-001569,GC-004164,2026-07-18,2026-07-20,Wind,Open,Y,MARISOL2026,6985.17,
CLM-001570,GC-004160,2026-07-18,2026-07-24,Flood/Storm Surge,Open,Y,MARISOL2026,6063.03,
CLM-001571,GC-004159,2026-07-18,2026-07-24,Flood/Storm Surge,Open,Y,MARISOL2026,23843.63,
CLM-001572,GC-004158,2026-07-18,2026-07-23,Wind + Flood,Open,Y,MARISOL2026,20418.09,
CLM-001573,GC-004131,2026-07-18,2026-07-20,Wind,Open,Y,MARISOL2026,16470.71,
CLM-001574,GC-004132,2026-07-18,2026-07-25,Flood/Storm Surge,Open,Y,MARISOL2026,30886.02,
CLM-001575,GC-004135,2026-07-18,2026-08-04,Wind + Flood,Open,Y,MARISOL2026,9889.72,
CLM-001576,GC-004139,2026-07-18,2026-08-04,Wind,Open,Y,MARISOL2026,59726.21,
CLM-001577,GC-004141,2026-07-18,2026-07-25,Flood/Storm Surge,Open,Y,MARISOL2026,53952.87,
CLM-001578,GC-004142,2026-07-18,2026-07-22,Wind,Open,Y,MARISOL2026,26650.25,
CLM-001579,GC-004205,2026-07-18,2026-07-21,Wind + Flood,Open,Y,MARISOL2026,67898.29,
CLM-001580,GC-004143,2026-07-18,2026-07-25,Wind + Flood,Closed,Y,MARISOL2026,17799.39,2026-08-10
CLM-001581,GC-004149,2026-07-18,2026-07-23,Flood/Storm Surge,Open,Y,MARISOL2026,12367.82,
CLM-001582,GC-004150,2026-07-18,2026-07-30,Wind + Flood,Open,Y,MARISOL2026,196277.9,
CLM-001583,GC-004151,2026-07-18,2026-07-27,Flood/Storm Surge,Open,Y,MARISOL2026,44320.75,
CLM-001584,GC-004153,2026-07-18,2026-07-21,Wind,Open,Y,MARISOL2026,15249.31,
CLM-001585,GC-004154,2026-07-18,2026-07-25,Flood/Storm Surge,Open,Y,MARISOL2026,10729.03,
CLM-001586,GC-004156,2026-07-18,2026-07-21,Flood/Storm Surge,Open,Y,MARISOL2026,44769.94,
CLM-001587,GC-004147,2026-07-18,2026-07-24,Flood/Storm Surge,Open,Y,MARISOL2026,19822.91,
CLM-001588,GC-004129,2026-07-18,2026-07-30,Flood/Storm Surge,Open,Y,MARISOL2026,21221.79,
CLM-001589,GC-004206,2026-07-18,2026-07-28,Flood/Storm Surge,Open,Y,MARISOL2026,83974.94,
CLM-001590,GC-004209,2026-07-18,2026-07-23,Wind,Open,Y,MARISOL2026,129005.26,
CLM-001591,GC-004280,2026-07-18,2026-07-27,Wind + Flood,Open,Y,MARISOL2026,63072.68,
CLM-001592,GC-004278,2026-07-18,2026-07-26,Wind,Open,Y,MARISOL2026,85169.38,
CLM-001593,GC-004271,2026-07-18,2026-07-29,Wind,Open,Y,MARISOL2026,37183.17,
CLM-001594,GC-004269,2026-07-18,2026-07-21,Wind,Open,Y,MARISOL2026,36575.37,
CLM-001595,GC-004265,2026-07-18,2026-07-26,Wind + Flood,Open,Y,MARISOL2026,21310.66,
CLM-001596,GC-004263,2026-07-18,2026-07-22,Flood/Storm Surge,Open,Y,MARISOL2026,20471.14,
CLM-001597,GC-004262,2026-07-18,2026-08-07,Flood/Storm Surge,Open,Y,MARISOL2026,9911.63,
CLM-001598,GC-004261,2026-07-18,2026-07-22,Wind + Flood,Open,Y,MARISOL2026,50116.9,
CLM-001599,GC-004254,2026-07-18,2026-07-21,Wind,Open,Y,MARISOL2026,8316.8,
CLM-001600,GC-004251,2026-07-18,2026-07-19,Flood/Storm Surge,Open,Y,MARISOL2026,13712.53,
CLM-001601,GC-004250,2026-07-18,2026-07-23,Wind + Flood,Open,Y,MARISOL2026,16504.12,
CLM-001602,GC-004248,2026-07-18,2026-07-25,Wind,Open,Y,MARISOL2026,33417.82,
CLM-001603,GC-004243,2026-07-18,2026-07-26,Wind,Open,Y,MARISOL2026,17867.71,
CLM-001604,GC-004242,2026-07-18,2026-07-30,Wind,Open,Y,MARISOL2026,24140.87,
CLM-001605,GC-004239,2026-07-18,2026-07-26,Wind,Open,Y,MARISOL2026,85008.15,
CLM-001606,GC-004237,2026-07-18,2026-07-29,Wind,Open,Y,MARISOL2026,46972.22,
CLM-001607,GC-004235,2026-07-18,2026-07-22,Wind,Open,Y,MARISOL2026,23177.05,
CLM-001608,GC-004210,2026-07-18,2026-07-25,Wind,Open,Y,MARISOL2026,11226.86,
CLM-001609,GC-004213,2026-07-18,2026-07-24,Flood/Storm Surge,Open,Y,MARISOL2026,6562.51,
CLM-001610,GC-004214,2026-07-18,2026-07-23,Wind,Open,Y,MARISOL2026,218702.8,
CLM-001611,GC-004216,2026-07-18,2026-07-22,Flood/Storm Surge,Open,Y,MARISOL2026,37260.89,
CLM-001612,GC-004217,2026-07-18,2026-07-23,Wind,Open,Y,MARISOL2026,21220.62,
CLM-001613,GC-004218,2026-07-18,2026-07-28,Wind,Open,Y,MARISOL2026,49684.03,
CLM-001614,GC-004207,2026-07-18,2026-07-23,Wind,Open,Y,MARISOL2026,78032.39,
CLM-001615,GC-004219,2026-07-18,2026-08-03,Wind,Open,Y,MARISOL2026,76263.98,
CLM-001616,GC-004227,2026-07-18,2026-08-03,Wind,Open,Y,MARISOL2026,57911.72,
CLM-001617,GC-004229,2026-07-18,2026-07-25,Wind + Flood,Open,Y,MARISOL2026,119596.45,
CLM-001618,GC-004231,2026-07-18,2026-08-03,Flood/Storm Surge,Open,Y,MARISOL2026,79513.6,
CLM-001619,GC-004232,2026-07-18,2026-07-23,Wind + Flood,Open,Y,MARISOL2026,15710.11,
CLM-001620,GC-004233,2026-07-18,2026-07-21,Wind,Open,Y,MARISOL2026,10720.93,
CLM-001621,GC-004234,2026-07-18,2026-07-19,Wind,Open,Y,MARISOL2026,22118.18,
CLM-001622,GC-004223,2026-07-18,2026-07-23,Wind,Open,Y,MARISOL2026,99385.21,
CLM-001623,GC-003614,2026-07-18,2026-07-23,Wind,Open,Y,MARISOL2026,5398.56,
CLM-001624,GC-004125,2026-07-18,2026-07-25,Wind,Open,Y,MARISOL2026,14370.81,
CLM-001625,GC-004120,2026-07-18,2026-07-24,Flood/Storm Surge,Open,Y,MARISOL2026,20706.0,
CLM-001626,GC-004034,2026-07-18,2026-07-24,Wind,Closed,Y,MARISOL2026,66988.14,2026-07-22
CLM-001627,GC-004033,2026-07-18,2026-07-28,Wind + Flood,Open,Y,MARISOL2026,119756.94,
CLM-001628,GC-004032,2026-07-18,2026-07-24,Wind,Open,Y,MARISOL2026,24276.73,
CLM-001629,GC-004029,2026-07-18,2026-07-30,Wind,Closed,Y,MARISOL2026,44264.26,2026-08-04
CLM-001630,GC-004028,2026-07-18,2026-07-27,Wind,Open,Y,MARISOL2026,35037.77,
CLM-001631,GC-004025,2026-07-18,2026-07-23,Flood/Storm Surge,Open,Y,MARISOL2026,83135.21,
CLM-001632,GC-004022,2026-07-18,2026-07-19,Wind,Open,Y,MARISOL2026,144010.7,
CLM-001633,GC-004021,2026-07-18,2026-07-20,Wind,Open,Y,MARISOL2026,27873.8,
CLM-001634,GC-004019,2026-07-18,2026-07-24,Wind,Open,Y,MARISOL2026,38557.42,
CLM-001635,GC-004018,2026-07-18,2026-07-29,Flood/Storm Surge,Open,Y,MARISOL2026,35705.88,
CLM-001636,GC-004013,2026-07-18,2026-07-29,Wind,Open,Y,MARISOL2026,14547.91,
CLM-001637,GC-004010,2026-07-18,2026-07-18,Wind + Flood,Open,Y,MARISOL2026,88559.46,
CLM-001638,GC-004009,2026-07-18,2026-08-02,Wind + Flood,Open,Y,MARISOL2026,8492.96,
CLM-001639,GC-004004,2026-07-18,2026-08-04,Wind,Open,Y,MARISOL2026,289206.72,
CLM-001640,GC-004002,2026-07-18,2026-07-29,Wind + Flood,Open,Y,MARISOL2026,187645.71,
CLM-001641,GC-004000,2026-07-18,2026-07-22,Flood/Storm Surge,Open,Y,MARISOL2026,35910.06,
CLM-001642,GC-003998,2026-07-18,2026-07-24,Wind,Open,Y,MARISOL2026,10505.72,
CLM-001643,GC-003953,2026-07-18,2026-07-31,Wind,Open,Y,MARISOL2026,45894.08,
CLM-001644,GC-003960,2026-07-18,2026-07-22,Wind,Open,Y,MARISOL2026,108563.45,
CLM-001645,GC-003961,2026-07-18,2026-07-28,Wind,Open,Y,MARISOL2026,4209.31,
CLM-001646,GC-003971,2026-07-18,2026-07-29,Flood/Storm Surge,Closed,Y,MARISOL2026,34982.46,2026-08-11
CLM-001647,GC-003972,2026-07-18,2026-07-19,Wind,Closed,Y,MARISOL2026,47517.44,2026-08-05
CLM-001648,GC-003974,2026-07-18,2026-07-24,Wind + Flood,Open,Y,MARISOL2026,1384.62,
CLM-001649,GC-004037,2026-07-18,2026-07-19,Wind + Flood,Open,Y,MARISOL2026,253325.04,
CLM-001650,GC-003980,2026-07-18,2026-07-24,Flood/Storm Surge,Open,Y,MARISOL2026,84697.52,
CLM-001651,GC-003983,2026-07-18,2026-07-22,Wind,Open,Y,MARISOL2026,11915.26,
CLM-001652,GC-003985,2026-07-18,2026-07-29,Wind,Open,Y,MARISOL2026,30507.89,
CLM-001653,GC-003987,2026-07-18,2026-07-26,Wind,Open,Y,MARISOL2026,171875.51,
CLM-001654,GC-003990,2026-07-18,2026-07-31,Flood/Storm Surge,Open,Y,MARISOL2026,44103.16,
CLM-001655,GC-003993,2026-07-18,2026-07-19,Wind + Flood,Open,Y,MARISOL2026,14096.07,
CLM-001656,GC-003994,2026-07-18,2026-07-22,Flood/Storm Surge,Open,Y,MARISOL2026,7939.34,
CLM-001657,GC-003982,2026-07-18,2026-07-23,Flood/Storm Surge,Open,Y,MARISOL2026,10542.51,
CLM-001658,GC-004121,2026-07-18,2026-07-28,Flood/Storm Surge,Open,Y,MARISOL2026,26493.57,
CLM-001659,GC-004038,2026-07-18,2026-08-02,Flood/Storm Surge,Open,Y,MARISOL2026,53090.37,
CLM-001660,GC-004044,2026-07-18,2026-07-26,Flood/Storm Surge,Open,Y,MARISOL2026,108022.59,
CLM-001661,GC-004118,2026-07-18,2026-07-20,Wind,Open,Y,MARISOL2026,8531.37,
CLM-001662,GC-004115,2026-07-18,2026-07-27,Wind,Open,Y,MARISOL2026,30620.42,
CLM-001663,GC-004113,2026-07-18,2026-07-27,Wind + Flood,Open,Y,MARISOL2026,69714.97,
CLM-001664,GC-004108,2026-07-18,2026-07-21,Wind + Flood,Open,Y,MARISOL2026,141580.79,
CLM-001665,GC-004107,2026-07-18,2026-07-19,Wind + Flood,Open,Y,MARISOL2026,9527.58,
CLM-001666,GC-004105,2026-07-18,2026-07-24,Wind,Open,Y,MARISOL2026,65907.36,
CLM-001667,GC-004104,2026-07-18,2026-07-27,Wind,Open,Y,MARISOL2026,52089.55,
CLM-001668,GC-004096,2026-07-18,2026-07-21,Wind + Flood,Open,Y,MARISOL2026,14571.74,
CLM-001669,GC-004092,2026-07-18,2026-07-27,Wind,Open,Y,MARISOL2026,18853.6,
CLM-001670,GC-004091,2026-07-18,2026-07-23,Flood/Storm Surge,Open,Y,MARISOL2026,71895.5,
CLM-001671,GC-004090,2026-07-18,2026-07-19,Wind,Open,Y,MARISOL2026,118196.38,
CLM-001672,GC-004086,2026-07-18,2026-07-23,Flood/Storm Surge,Open,Y,MARISOL2026,22042.86,
CLM-001673,GC-004085,2026-07-18,2026-07-27,Wind,Open,Y,MARISOL2026,37553.72,
CLM-001674,GC-004084,2026-07-18,2026-07-23,Wind,Open,Y,MARISOL2026,45788.7,
CLM-001675,GC-004083,2026-07-18,2026-07-29,Wind,Open,Y,MARISOL2026,9455.69,
CLM-001676,GC-004081,2026-07-18,2026-07-26,Wind,Open,Y,MARISOL2026,121453.06,
CLM-001677,GC-004080,2026-07-18,2026-07-31,Wind,Open,Y,MARISOL2026,26640.36,
CLM-001678,GC-004047,2026-07-18,2026-07-23,Wind + Flood,Open,Y,MARISOL2026,26760.9,
CLM-001679,GC-004053,2026-07-18,2026-07-20,Wind,Open,Y,MARISOL2026,17153.2,
CLM-001680,GC-004056,2026-07-18,2026-07-24,Flood/Storm Surge,Open,Y,MARISOL2026,40606.69,
CLM-001681,GC-004058,2026-07-18,2026-07-26,Wind + Flood,Open,Y,MARISOL2026,5147.89,
CLM-001682,GC-004059,2026-07-18,2026-08-01,Wind,Open,Y,MARISOL2026,42898.47,
CLM-001683,GC-004060,2026-07-18,2026-07-26,Flood/Storm Surge,Open,Y,MARISOL2026,14590.06,
CLM-001684,GC-004039,2026-07-18,2026-08-02,Flood/Storm Surge,Open,Y,MARISOL2026,30621.0,
CLM-001685,GC-004063,2026-07-18,2026-07-23,Flood/Storm Surge,Open,Y,MARISOL2026,29111.9,
CLM-001686,GC-004066,2026-07-18,2026-07-21,Wind,Open,Y,MARISOL2026,48267.55,
CLM-001687,GC-004071,2026-07-18,2026-07-22,Wind,Open,Y,MARISOL2026,29063.93,
CLM-001688,GC-004072,2026-07-18,2026-07-21,Wind,Open,Y,MARISOL2026,4874.65,
CLM-001689,GC-004075,2026-07-18,2026-07-19,Wind + Flood,Open,Y,MARISOL2026,16279.21,
CLM-001690,GC-004077,2026-07-18,2026-07-25,Wind,Open,Y,MARISOL2026,20160.07,
CLM-001691,GC-004079,2026-07-18,2026-07-23,Wind,Open,Y,MARISOL2026,39775.98,
CLM-001692,GC-004065,2026-07-18,2026-08-05,Wind,Open,Y,MARISOL2026,15099.18,
CLM-001693,GC-002904,2026-07-18,2026-07-19,Wind,Open,Y,MARISOL2026,20077.1,
CLM-001694,GC-002453,2026-07-18,2026-08-04,Wind,Open,Y,MARISOL2026,23515.26,
CLM-001695,GC-002902,2026-07-18,2026-07-23,Wind + Flood,Open,Y,MARISOL2026,96743.66,
CLM-001696,GC-000960,2026-07-18,2026-07-22,Wind,Open,Y,MARISOL2026,28573.37,
CLM-001697,GC-000962,2026-07-18,2026-07-21,Wind,Open,Y,MARISOL2026,15520.59,
CLM-001698,GC-000963,2026-07-18,2026-07-24,Flood/Storm Surge,Open,Y,MARISOL2026,3389.63,
CLM-001699,GC-000964,2026-07-18,2026-07-20,Wind,Open,Y,MARISOL2026,356133.28,
CLM-001700,GC-000965,2026-07-18,2026-07-29,Wind,Open,Y,MARISOL2026,84730.93,
CLM-001701,GC-000967,2026-07-18,2026-08-10,Wind + Flood,Open,Y,MARISOL2026,486475.0,
CLM-001702,GC-000958,2026-07-18,2026-07-28,Wind,Open,Y,MARISOL2026,26577.18,
CLM-001703,GC-000969,2026-07-18,2026-07-30,Wind,Open,Y,MARISOL2026,140051.59,
CLM-001704,GC-000974,2026-07-18,2026-07-20,Wind,Open,Y,MARISOL2026,19069.71,
CLM-001705,GC-000975,2026-07-18,2026-08-06,Wind,Open,Y,MARISOL2026,11625.65,
CLM-001706,GC-000976,2026-07-18,2026-07-22,Wind + Flood,Open,Y,MARISOL2026,655048.12,
CLM-001707,GC-000979,2026-07-18,2026-07-23,Wind + Flood,Open,Y,MARISOL2026,36888.03,
CLM-001708,GC-000980,2026-07-18,2026-07-23,Flood/Storm Surge,Open,Y,MARISOL2026,1940.39,
CLM-001709,GC-000981,2026-07-18,2026-07-25,Wind,Open,Y,MARISOL2026,37692.79,
CLM-001710,GC-000970,2026-07-18,2026-07-23,Wind,Open,Y,MARISOL2026,7934.9,
CLM-001711,GC-000957,2026-07-18,2026-07-23,Wind,Open,Y,MARISOL2026,120014.86,
CLM-001712,GC-000956,2026-07-18,2026-07-24,Wind,Open,Y,MARISOL2026,10172.67,
CLM-001713,GC-000955,2026-07-18,2026-07-26,Wind,Open,Y,MARISOL2026,2538.64,
CLM-001714,GC-000915,2026-07-18,2026-07-29,Wind + Flood,Open,Y,MARISOL2026,47072.76,
CLM-001715,GC-000919,2026-07-18,2026-07-23,Wind + Flood,Open,Y,MARISOL2026,12622.94,
CLM-001716,GC-000924,2026-07-18,2026-07-20,Wind + Flood,Open,Y,MARISOL2026,34859.32,
CLM-001717,GC-000926,2026-07-18,2026-07-20,Wind,Open,Y,MARISOL2026,180772.05,
CLM-001718,GC-000928,2026-07-18,2026-07-23,Wind + Flood,Open,Y,MARISOL2026,136212.24,
CLM-001719,GC-000931,2026-07-18,2026-07-21,Wind,Open,Y,MARISOL2026,21022.77,
CLM-001720,GC-000933,2026-07-18,2026-07-25,Wind,Open,Y,MARISOL2026,122337.24,
CLM-001721,GC-000938,2026-07-18,2026-08-17,,Open,Y,MARISOL2026,11814.15,
CLM-001722,GC-000940,2026-07-18,2026-07-18,Wind,Open,Y,MARISOL2026,110623.51,
CLM-001723,GC-000942,2026-07-18,2026-07-24,Wind + Flood,Open,Y,MARISOL2026,25824.33,
CLM-001724,GC-000943,2026-07-18,2026-07-19,Wind,Open,Y,MARISOL2026,15513.21,
CLM-001725,GC-000948,2026-07-18,2026-07-21,Wind,Open,Y,MARISOL2026,25233.43,
CLM-001726,GC-000951,2026-07-18,2026-07-19,Wind + Flood,Open,Y,MARISOL2026,147773.2,
CLM-001727,GC-000952,2026-07-18,2026-07-21,Wind,Open,Y,MARISOL2026,22717.14,
CLM-001728,GC-000954,2026-07-18,2026-07-20,Wind,Open,Y,MARISOL2026,809595.64,
CLM-001729,GC-000982,2026-07-18,2026-07-27,Wind + Flood,Open,Y,MARISOL2026,23864.93,
CLM-001730,GC-000914,2026-07-18,2026-07-19,Wind,Closed,Y,MARISOL2026,128371.8,2026-07-31
CLM-001731,GC-000983,2026-07-18,2026-07-25,Wind,Open,Y,MARISOL2026,7169.97,
CLM-001732,GC-000987,2026-07-18,2026-07-25,Flood/Storm Surge,Open,Y,MARISOL2026,33133.93,
CLM-001733,GC-001027,2026-07-18,2026-07-21,Wind,Open,Y,MARISOL2026,211270.41,
CLM-001734,GC-001034,2026-07-18,2026-08-07,Wind,Open,Y,MARISOL2026,12171.55,
CLM-001735,GC-001037,2026-07-18,2026-07-27,Wind + Flood,Open,Y,MARISOL2026,29931.19,
CLM-001736,GC-001038,2026-07-18,2026-08-08,Wind,Open,Y,MARISOL2026,4056.7,
CLM-001737,GC-001040,2026-07-18,2026-07-25,Wind,Open,Y,MARISOL2026,105311.72,
CLM-001738,GC-001041,2026-07-18,2026-07-22,Wind + Flood,Open,Y,MARISOL2026,77071.91,
CLM-001739,GC-001026,2026-07-18,2026-08-05,Wind + Flood,Open,Y,MARISOL2026,18205.88,
CLM-001740,GC-001042,2026-07-18,2026-07-31,Flood/Storm Surge,Open,Y,MARISOL2026,23153.04,
CLM-001741,GC-001044,2026-07-18,2026-07-27,Flood/Storm Surge,Open,Y,MARISOL2026,133183.2,
CLM-001742,GC-001046,2026-07-18,2026-07-19,Wind + Flood,Open,Y,MARISOL2026,42004.22,
CLM-001743,GC-001048,2026-07-18,2026-07-23,Wind,Open,Y,MARISOL2026,25315.1,
CLM-001744,GC-001051,2026-07-18,2026-07-25,Wind,Open,Y,MARISOL2026,25584.6,
CLM-001745,GC-001052,2026-07-18,2026-07-23,Flood/Storm Surge,Open,Y,MARISOL2026,17636.35,
CLM-001746,GC-001055,2026-07-18,2026-07-25,Wind,Open,Y,MARISOL2026,6912.15,
CLM-001747,GC-001043,2026-07-18,2026-08-10,Wind + Flood,Open,Y,MARISOL2026,226767.79,
CLM-001748,GC-001025,2026-07-18,2026-08-11,Wind + Flood,Open,Y,MARISOL2026,60662.38,
CLM-001749,GC-001024,2026-07-18,2026-07-20,Wind,Open,Y,MARISOL2026,45634.89,
CLM-001750,GC-001016,2026-07-18,2026-07-24,Flood/Storm Surge,Open,Y,MARISOL2026,14009.08,
CLM-001751,GC-000989,2026-07-18,2026-07-20,Wind,Open,Y,MARISOL2026,13585.66,
CLM-001752,GC-000990,2026-07-18,2026-07-21,Wind,Open,Y,MARISOL2026,31881.46,
CLM-001753,GC-000993,2026-07-18,2026-07-19,Wind,Open,Y,MARISOL2026,25315.28,
CLM-001754,GC-000995,2026-07-18,2026-07-25,Wind,Open,Y,MARISOL2026,82985.05,
CLM-001755,GC-000996,2026-07-18,2026-07-20,Wind + Flood,Open,Y,MARISOL2026,18349.98,
CLM-001756,GC-000998,2026-07-18,2026-07-23,Wind,Open,Y,MARISOL2026,17637.67,
CLM-001757,GC-000999,2026-07-18,2026-07-31,Wind,Open,Y,MARISOL2026,957225.8,
CLM-001758,GC-001000,2026-07-18,2026-08-02,Wind,Open,Y,MARISOL2026,54752.05,
CLM-001759,GC-001001,2026-07-18,2026-07-22,Wind,Open,Y,MARISOL2026,42356.18,
CLM-001760,GC-001003,2026-07-18,2026-07-24,Wind,Open,Y,MARISOL2026,122718.62,
CLM-001761,GC-001005,2026-07-18,2026-07-21,Wind,Open,Y,MARISOL2026,74773.61,
CLM-001762,GC-001006,2026-07-18,2026-07-22,Wind,Open,Y,MARISOL2026,30125.47,
CLM-001763,GC-001007,2026-07-18,2026-07-23,Wind + Flood,Open,Y,MARISOL2026,10075.8,
CLM-001764,GC-001009,2026-07-18,2026-07-24,Wind + Flood,Open,Y,MARISOL2026,168577.37,
CLM-001765,GC-001011,2026-07-18,2026-07-20,Wind,Open,Y,MARISOL2026,28337.45,
CLM-001766,GC-000986,2026-07-18,2026-07-24,Wind,Open,Y,MARISOL2026,47594.78,
CLM-001767,GC-001056,2026-07-18,2026-07-30,Wind + Flood,Open,Y,MARISOL2026,98234.02,
CLM-001768,GC-000913,2026-07-18,2026-07-24,Wind + Flood,Open,Y,MARISOL2026,4715.79,
CLM-001769,GC-000909,2026-07-18,2026-07-20,Wind + Flood,Open,Y,MARISOL2026,65265.46,
CLM-001770,GC-000765,2026-07-18,2026-07-24,Wind + Flood,Open,Y,MARISOL2026,15636.41,
CLM-001771,GC-000771,2026-07-18,2026-07-26,Wind + Flood,Open,Y,MARISOL2026,165494.05,
CLM-001772,GC-000772,2026-07-18,2026-07-24,Wind + Flood,Open,Y,MARISOL2026,38804.84,
CLM-001773,GC-000777,2026-07-18,2026-07-23,Flood/Storm Surge,Open,Y,MARISOL2026,884940.0,
CLM-001774,GC-000781,2026-07-18,2026-07-28,Wind,Open,Y,MARISOL2026,113783.43,
CLM-001775,GC-000784,2026-07-18,2026-07-21,Wind,Open,Y,MARISOL2026,8179.36,
CLM-001776,GC-000763,2026-07-18,2026-07-29,Wind,Open,Y,MARISOL2026,7628.15,
CLM-001777,GC-000785,2026-07-18,2026-07-25,Wind + Flood,Closed,Y,MARISOL2026,49968.81,2026-07-31
CLM-001778,GC-000788,2026-07-18,2026-07-23,Wind + Flood,Open,Y,MARISOL2026,26164.57,
CLM-001779,GC-000793,2026-07-18,2026-08-01,Flood/Storm Surge,Open,Y,MARISOL2026,17811.04,
CLM-001780,GC-000795,2026-07-18,2026-08-08,,Open,Y,MARISOL2026,18040.11,
CLM-001781,GC-000798,2026-07-18,2026-07-27,Wind + Flood,Open,Y,MARISOL2026,35413.98,
CLM-001782,GC-000804,2026-07-18,2026-07-25,Wind,Closed,Y,MARISOL2026,15105.56,2026-07-25
CLM-001783,GC-000805,2026-07-18,2026-07-27,Wind + Flood,Open,Y,MARISOL2026,455967.18,
CLM-001784,GC-000786,2026-07-18,2026-07-30,Wind,Open,Y,MARISOL2026,20878.08,
CLM-001785,GC-000756,2026-07-18,2026-07-25,Wind + Flood,Open,Y,MARISOL2026,7760.23,
CLM-001786,GC-000749,2026-07-18,2026-07-23,Wind + Flood,Open,Y,MARISOL2026,42873.64,
CLM-001787,GC-000748,2026-07-18,2026-07-23,Wind,Open,Y,MARISOL2026,6704.22,
CLM-001788,GC-000700,2026-07-18,2026-07-28,Wind,Open,Y,MARISOL2026,27930.87,
CLM-001789,GC-000707,2026-07-18,2026-08-08,Wind + Flood,Open,Y,MARISOL2026,38883.4,
CLM-001790,GC-000708,2026-07-18,2026-07-26,Wind,Open,Y,MARISOL2026,11782.75,
CLM-001791,GC-000711,2026-07-18,2026-07-28,Wind,Open,Y,MARISOL2026,15826.37,
CLM-001792,GC-000712,2026-07-18,2026-08-02,Wind + Flood,Open,Y,MARISOL2026,22164.97,
CLM-001793,GC-000713,2026-07-18,2026-07-24,Wind,Open,Y,MARISOL2026,100020.32,
CLM-001794,GC-000716,2026-07-18,2026-07-22,Flood/Storm Surge,Open,Y,MARISOL2026,101372.22,
CLM-001795,GC-000719,2026-07-18,2026-07-25,Wind,Open,Y,MARISOL2026,7314.3,
CLM-001796,GC-000723,2026-07-18,2026-07-26,Flood/Storm Surge,Open,Y,MARISOL2026,29834.1,
CLM-001797,GC-000725,2026-07-18,2026-07-24,Wind,Open,Y,MARISOL2026,14126.08,
CLM-001798,GC-000734,2026-07-18,2026-07-31,Wind + Flood,Open,Y,MARISOL2026,162152.36,
CLM-001799,GC-000738,2026-07-18,2026-07-22,Wind + Flood,Open,Y,MARISOL2026,42038.99,
CLM-001800,GC-000739,2026-07-18,2026-07-31,Wind,Open,Y,MARISOL2026,28866.48,
CLM-001801,GC-000743,2026-07-18,2026-07-21,Wind,Open,Y,MARISOL2026,40607.9,
CLM-001802,GC-000744,2026-07-18,2026-07-31,Wind,Open,Y,MARISOL2026,20507.16,
CLM-001803,GC-000806,2026-07-18,2026-07-20,Flood/Storm Surge,Open,Y,MARISOL2026,11140.37,
CLM-001804,GC-000910,2026-07-18,2026-07-24,Wind,Open,Y,MARISOL2026,10831.81,
CLM-001805,GC-000807,2026-07-18,2026-07-31,Flood/Storm Surge,Open,Y,MARISOL2026,85642.86,
CLM-001806,GC-000810,2026-07-18,2026-07-27,Flood/Storm Surge,Open,Y,MARISOL2026,18969.28,
CLM-001807,GC-000867,2026-07-18,2026-07-27,Wind,Open,Y,MARISOL2026,22856.91,
CLM-001808,GC-000868,2026-07-18,2026-07-20,Flood/Storm Surge,Open,Y,MARISOL2026,239323.78,
CLM-001809,GC-000873,2026-07-18,2026-07-29,Wind + Flood,Open,Y,MARISOL2026,137246.43,
CLM-001810,GC-000875,2026-07-18,2026-07-19,Wind,Open,Y,MARISOL2026,39642.8,
CLM-001811,GC-000878,2026-07-18,2026-08-13,,Open,Y,MARISOL2026,13777.52,
CLM-001812,GC-000882,2026-07-18,2026-07-22,Wind,Open,Y,MARISOL2026,81195.83,
CLM-001813,GC-000865,2026-07-18,2026-07-28,Flood/Storm Surge,Open,Y,MARISOL2026,193236.99,
CLM-001814,GC-000884,2026-07-18,2026-07-20,Wind,Open,Y,MARISOL2026,343979.74,
CLM-001815,GC-000887,2026-07-18,2026-07-27,Flood/Storm Surge,Open,Y,MARISOL2026,13088.29,
CLM-001816,GC-000892,2026-07-18,2026-07-26,Wind,Open,Y,MARISOL2026,43792.57,
CLM-001817,GC-000894,2026-07-18,2026-07-27,Wind,Open,Y,MARISOL2026,23686.27,
CLM-001818,GC-000897,2026-07-18,2026-07-23,Wind,Open,Y,MARISOL2026,33562.91,
CLM-001819,GC-000899,2026-07-18,2026-07-21,Wind,Open,Y,MARISOL2026,42643.35,
CLM-001820,GC-000908,2026-07-18,2026-07-25,Wind + Flood,Open,Y,MARISOL2026,983955.0,
CLM-001821,GC-000885,2026-07-18,2026-07-26,Wind,Open,Y,MARISOL2026,53710.04,
CLM-001822,GC-000864,2026-07-18,2026-07-22,Wind + Flood,Open,Y,MARISOL2026,34407.48,
CLM-001823,GC-000862,2026-07-18,2026-07-24,Wind + Flood,Closed,Y,MARISOL2026,38761.75,2026-07-23
CLM-001824,GC-000861,2026-07-18,2026-07-29,Wind,Open,Y,MARISOL2026,35548.26,
CLM-001825,GC-000817,2026-07-18,2026-08-08,,Open,Y,MARISOL2026,40234.84,
CLM-001826,GC-000818,2026-07-18,2026-07-28,Wind + Flood,Open,Y,MARISOL2026,63124.97,
CLM-001827,GC-000819,2026-07-18,2026-08-01,Flood/Storm Surge,Open,Y,MARISOL2026,259119.02,
CLM-001828,GC-000822,2026-07-18,2026-08-04,Wind + Flood,Open,Y,MARISOL2026,178544.06,
CLM-001829,GC-000823,2026-07-18,2026-07-22,Wind,Open,Y,MARISOL2026,9214.31,
CLM-001830,GC-000828,2026-07-18,2026-08-10,Wind + Flood,Open,Y,MARISOL2026,27106.2,
CLM-001831,GC-000831,2026-07-18,2026-07-26,Wind + Flood,Open,Y,MARISOL2026,358470.0,
CLM-001832,GC-000832,2026-07-18,2026-08-12,Flood/Storm Surge,Open,Y,MARISOL2026,21546.7,
CLM-001833,GC-000838,2026-07-18,2026-07-19,Wind,Open,Y,MARISOL2026,4404.55,
CLM-001834,GC-000839,2026-07-18,2026-07-21,Wind,Open,Y,MARISOL2026,14055.53,
CLM-001835,GC-000840,2026-07-18,2026-07-30,Wind + Flood,Open,Y,MARISOL2026,150308.52,
CLM-001836,GC-000854,2026-07-18,2026-07-24,Wind,Open,Y,MARISOL2026,2127.62,
CLM-001837,GC-000856,2026-07-18,2026-07-28,Wind,Open,Y,MARISOL2026,8190.62,
CLM-001838,GC-000857,2026-07-18,2026-07-20,Wind + Flood,Open,Y,MARISOL2026,29593.23,
CLM-001839,GC-000859,2026-07-18,2026-07-20,Wind,Open,Y,MARISOL2026,21621.02,
CLM-001840,GC-000808,2026-07-18,2026-07-23,Wind + Flood,Open,Y,MARISOL2026,11475.93,
CLM-001841,GC-001057,2026-07-18,2026-07-21,Wind + Flood,Open,Y,MARISOL2026,707988.98,
CLM-001842,GC-001058,2026-07-18,2026-07-29,Wind,Open,Y,MARISOL2026,54016.54,
CLM-001843,GC-001060,2026-07-18,2026-07-25,Flood/Storm Surge,Open,Y,MARISOL2026,30589.61,
CLM-001844,GC-001322,2026-07-18,2026-07-24,Wind,Open,Y,MARISOL2026,26434.76,
CLM-001845,GC-001324,2026-07-18,2026-07-20,Wind + Flood,Open,Y,MARISOL2026,83156.59,
CLM-001846,GC-001329,2026-07-18,2026-08-05,Wind + Flood,Open,Y,MARISOL2026,74255.62,
CLM-001847,GC-001332,2026-07-18,2026-07-22,Wind,Open,Y,MARISOL2026,20906.53,
CLM-001848,GC-001335,2026-07-18,2026-07-22,Wind + Flood,Open,Y,MARISOL2026,313964.98,
CLM-001849,GC-001336,2026-07-18,2026-07-29,Flood/Storm Surge,Open,Y,MARISOL2026,88414.55,
CLM-001850,GC-001321,2026-07-18,2026-07-24,Wind,Open,Y,MARISOL2026,54850.81,
CLM-001851,GC-001337,2026-07-18,2026-07-24,Flood/Storm Surge,Open,Y,MARISOL2026,89604.98,
CLM-001852,GC-001341,2026-07-18,2026-07-25,Wind,Open,Y,MARISOL2026,1480950.82,
CLM-001853,GC-001342,2026-07-18,2026-07-20,Wind,Open,Y,MARISOL2026,32504.97,
CLM-001854,GC-001350,2026-07-18,2026-07-25,Wind,Open,Y,MARISOL2026,51274.84,
CLM-001855,GC-001353,2026-07-18,2026-07-21,Wind,Open,Y,MARISOL2026,93247.66,
CLM-001856,GC-001354,2026-07-18,2026-07-22,Flood/Storm Surge,Open,Y,MARISOL2026,226337.59,
CLM-001857,GC-001355,2026-07-18,2026-07-20,Flood/Storm Surge,Open,Y,MARISOL2026,31484.81,
CLM-001858,GC-001340,2026-07-18,2026-07-20,Wind,Open,Y,MARISOL2026,249731.45,
CLM-001859,GC-001317,2026-07-18,2026-07-20,Wind,Open,Y,MARISOL2026,134906.5,
CLM-001860,GC-001316,2026-07-18,2026-07-25,Wind + Flood,Open,Y,MARISOL2026,35896.09,
CLM-001861,GC-001315,2026-07-18,2026-07-20,Wind,Open,Y,MARISOL2026,102284.72,
CLM-001862,GC-001277,2026-07-18,2026-07-25,Wind,Open,Y,MARISOL2026,64948.15,
CLM-001863,GC-001281,2026-07-18,2026-07-24,Wind,Open,Y,MARISOL2026,58573.04,
CLM-001864,GC-001283,2026-07-18,2026-07-29,Wind,Open,Y,MARISOL2026,65349.77,
CLM-001865,GC-001285,2026-07-18,2026-07-22,Wind,Open,Y,MARISOL2026,8213.29,
CLM-001866,GC-001286,2026-07-18,2026-07-25,Wind + Flood,Open,Y,MARISOL2026,9016.12,
CLM-001867,GC-001287,2026-07-18,2026-07-24,Wind + Flood,Open,Y,MARISOL2026,20552.87,
CLM-001868,GC-001288,2026-07-18,2026-07-22,Wind + Flood,Open,Y,MARISOL2026,67571.28,
CLM-001869,GC-001289,2026-07-18,2026-07-25,Wind,Open,Y,MARISOL2026,25217.91,
CLM-001870,GC-001293,2026-07-18,2026-07-31,Wind + Flood,Open,Y,MARISOL2026,213555.34,
CLM-001871,GC-001299,2026-07-18,2026-07-28,Wind,Open,Y,MARISOL2026,157579.19,
CLM-001872,GC-001303,2026-07-18,2026-07-23,Wind,Open,Y,MARISOL2026,41842.29,
CLM-001873,GC-001304,2026-07-18,2026-07-21,Wind + Flood,Open,Y,MARISOL2026,249362.49,
CLM-001874,GC-001305,2026-07-18,2026-08-07,Flood/Storm Surge,Closed,Y,MARISOL2026,22653.12,2026-08-07
CLM-001875,GC-001306,2026-07-18,2026-07-25,Wind + Flood,Open,Y,MARISOL2026,26204.98,
CLM-001876,GC-001311,2026-07-18,2026-07-25,Wind,Open,Y,MARISOL2026,20432.67,
CLM-001877,GC-001356,2026-07-18,2026-08-06,Wind,Open,Y,MARISOL2026,19071.72,
CLM-001878,GC-001272,2026-07-18,2026-07-20,Wind,Open,Y,MARISOL2026,9718.32,
CLM-001879,GC-001358,2026-07-18,2026-07-30,Wind,Closed,Y,MARISOL2026,32679.93,2026-07-29
CLM-001880,GC-001366,2026-07-18,2026-07-23,Wind + Flood,Open,Y,MARISOL2026,25256.49,
CLM-001881,GC-001417,2026-07-18,2026-07-28,Wind + Flood,Open,Y,MARISOL2026,8357.52,
CLM-001882,GC-001421,2026-07-18,2026-07-28,Wind + Flood,Open,Y,MARISOL2026,303112.49,
CLM-001883,GC-001425,2026-07-18,2026-07-23,Flood/Storm Surge,Open,Y,MARISOL2026,72220.37,
CLM-001884,GC-001426,2026-07-18,2026-08-07,Wind + Flood,Open,Y,MARISOL2026,35548.48,
CLM-001885,GC-001428,2026-07-18,2026-07-28,Wind + Flood,Open,Y,MARISOL2026,166540.68,
CLM-001886,GC-001430,2026-07-18,2026-08-04,Flood/Storm Surge,Open,Y,MARISOL2026,109268.75,
CLM-001887,GC-001416,2026-07-18,2026-07-21,Wind,Open,Y,MARISOL2026,25500.0,
CLM-001888,GC-001431,2026-07-18,2026-07-27,Wind,Open,Y,MARISOL2026,23293.21,
CLM-001889,GC-001433,2026-07-18,2026-08-02,Wind + Flood,Closed,Y,MARISOL2026,125488.63,2026-08-15
CLM-001890,GC-001434,2026-07-18,2026-08-03,Wind + Flood,Open,Y,MARISOL2026,80919.38,
CLM-001891,GC-001440,2026-07-18,2026-07-22,Wind,Open,Y,MARISOL2026,22879.89,
CLM-001892,GC-001443,2026-07-18,2026-08-02,Wind + Flood,Open,Y,MARISOL2026,50743.45,
CLM-001893,GC-001444,2026-07-18,2026-07-20,Wind,Open,Y,MARISOL2026,10374.72,
CLM-001894,GC-001446,2026-07-18,2026-07-28,Wind + Flood,Open,Y,MARISOL2026,3528.74,
CLM-001895,GC-001432,2026-07-18,2026-07-21,Wind,Open,Y,MARISOL2026,160125.95,
CLM-001896,GC-001414,2026-07-18,2026-07-26,Wind,Open,Y,MARISOL2026,121075.37,
CLM-001897,GC-001412,2026-07-18,2026-07-19,Wind + Flood,Open,Y,MARISOL2026,6582.23,
CLM-001898,GC-001410,2026-07-18,2026-07-21,Wind,Open,Y,MARISOL2026,48245.84,
CLM-001899,GC-001367,2026-07-18,2026-07-21,Wind,Closed,Y,MARISOL2026,37954.1,2026-08-08
CLM-001900,GC-001370,2026-07-18,2026-07-21,Wind,Open,Y,MARISOL2026,12943.28,
CLM-001901,GC-001371,2026-07-18,2026-07-29,Wind,Open,Y,MARISOL2026,25564.92,
CLM-001902,GC-001375,2026-07-18,2026-07-29,Wind,Closed,Y,MARISOL2026,102755.54,2026-08-12
CLM-001903,GC-001389,2026-07-18,2026-07-19,Wind + Flood,Open,Y,MARISOL2026,21410.38,
CLM-001904,GC-001390,2026-07-18,2026-07-24,Wind,Open,Y,MARISOL2026,19085.93,
CLM-001905,GC-001392,2026-07-18,2026-08-14,Wind,Open,Y,MARISOL2026,87451.15,
CLM-001906,GC-001393,2026-07-18,2026-07-21,Wind + Flood,Open,Y,MARISOL2026,20389.25,
CLM-001907,GC-001394,2026-07-18,2026-07-31,Flood/Storm Surge,Open,Y,MARISOL2026,34718.44,
CLM-001908,GC-001395,2026-07-18,2026-07-18,Wind,Open,Y,MARISOL2026,38833.48,
CLM-001909,GC-001396,2026-07-18,2026-07-20,Wind,Open,Y,MARISOL2026,71601.42,
CLM-001910,GC-001398,2026-07-18,2026-07-24,Wind + Flood,Open,Y,MARISOL2026,14349.47,
CLM-001911,GC-001399,2026-07-18,2026-07-22,Wind,Open,Y,MARISOL2026,57321.42,
CLM-001912,GC-001400,2026-07-18,2026-07-25,Wind + Flood,Open,Y,MARISOL2026,51572.97,
CLM-001913,GC-001409,2026-07-18,2026-07-31,Wind,Open,Y,MARISOL2026,33906.4,
CLM-001914,GC-001360,2026-07-18,2026-07-28,Wind,Open,Y,MARISOL2026,2848.09,
CLM-001915,GC-001269,2026-07-18,2026-07-30,Wind,Open,Y,MARISOL2026,20569.13,
CLM-001916,GC-001268,2026-07-18,2026-08-07,Wind + Flood,Open,Y,MARISOL2026,48613.94,
CLM-001917,GC-001265,2026-07-18,2026-07-26,Wind,Open,Y,MARISOL2026,516384.52,
CLM-001918,GC-001113,2026-07-18,2026-07-22,Wind,Open,Y,MARISOL2026,59632.19,
CLM-001919,GC-001114,2026-07-18,2026-07-24,Flood/Storm Surge,Open,Y,MARISOL2026,31219.78,
CLM-001920,GC-001116,2026-07-18,2026-07-18,Wind,Open,Y,MARISOL2026,19172.78,
CLM-001921,GC-001121,2026-07-18,2026-07-29,Flood/Storm Surge,Open,Y,MARISOL2026,20574.46,
CLM-001922,GC-001122,2026-07-18,2026-07-24,Wind,Open,Y,MARISOL2026,66950.11,
CLM-001923,GC-001125,2026-07-18,2026-08-04,Wind + Flood,Open,Y,MARISOL2026,14370.33,
CLM-001924,GC-001109,2026-07-18,2026-07-19,Wind,Open,Y,MARISOL2026,277857.77,
CLM-001925,GC-001126,2026-07-18,2026-07-23,Flood/Storm Surge,Open,Y,MARISOL2026,13129.6,
CLM-001926,GC-001136,2026-07-18,2026-07-21,Wind,Open,Y,MARISOL2026,10416.51,
CLM-001927,GC-001145,2026-07-18,2026-07-20,Wind + Flood,Open,Y,MARISOL2026,17570.25,
CLM-001928,GC-001154,2026-07-18,2026-07-19,Flood/Storm Surge,Open,Y,MARISOL2026,131672.87,
CLM-001929,GC-001161,2026-07-18,2026-07-27,Wind,Open,Y,MARISOL2026,357409.77,
CLM-001930,GC-001163,2026-07-18,2026-07-29,Wind,Open,Y,MARISOL2026,44598.3,
CLM-001931,GC-001167,2026-07-18,2026-07-29,Wind + Flood,Open,Y,MARISOL2026,56380.2,
CLM-001932,GC-001133,2026-07-18,2026-07-25,Wind,Open,Y,MARISOL2026,11529.36,
CLM-001933,GC-001107,2026-07-18,2026-07-22,Wind,Open,Y,MARISOL2026,5022.85,
CLM-001934,GC-001099,2026-07-18,2026-07-23,Flood/Storm Surge,Open,Y,MARISOL2026,68036.78,
CLM-001935,GC-001097,2026-07-18,2026-07-21,Wind,Open,Y,MARISOL2026,51786.83,
CLM-001936,GC-001062,2026-07-18,2026-07-25,Wind,Closed,Y,MARISOL2026,47061.8,2026-07-28
CLM-001937,GC-001065,2026-07-18,2026-07-29,Wind + Flood,Open,Y,MARISOL2026,3258045.0,
CLM-001938,GC-001066,2026-07-18,2026-07-27,Wind + Flood,Open,Y,MARISOL2026,135848.44,
CLM-001939,GC-001071,2026-07-18,2026-07-28,Wind,Open,Y,MARISOL2026,179914.07,
CLM-001940,GC-001075,2026-07-18,2026-07-27,Wind,Open,Y,MARISOL2026,831599.59,
CLM-001941,GC-001076,2026-07-18,2026-07-22,Wind,Open,Y,MARISOL2026,44304.11,
CLM-001942,GC-001077,2026-07-18,2026-08-04,Wind + Flood,Open,Y,MARISOL2026,46900.8,
CLM-001943,GC-001084,2026-07-18,2026-07-25,Wind,Open,Y,MARISOL2026,18747.32,
CLM-001944,GC-001085,2026-07-18,2026-07-23,Wind,Open,Y,MARISOL2026,19021.73,
CLM-001945,GC-001087,2026-07-18,2026-07-18,Flood/Storm Surge,Open,Y,MARISOL2026,43043.73,
CLM-001946,GC-001089,2026-07-18,2026-07-21,Flood/Storm Surge,Open,Y,MARISOL2026,602711.36,
CLM-001947,GC-001091,2026-07-18,2026-07-22,Wind,Open,Y,MARISOL2026,1939485.5,
CLM-001948,GC-001093,2026-07-18,2026-07-27,Flood/Storm Surge,Open,Y,MARISOL2026,473550.0,
CLM-001949,GC-001094,2026-07-18,2026-07-25,Flood/Storm Surge,Open,Y,MARISOL2026,93953.48,
CLM-001950,GC-001096,2026-07-18,2026-07-24,Wind,Open,Y,MARISOL2026,488715.66,
CLM-001951,GC-001168,2026-07-18,2026-07-31,Wind + Flood,Open,Y,MARISOL2026,38235.52,
CLM-001952,GC-001170,2026-07-18,2026-07-28,Wind,Open,Y,MARISOL2026,32679.63,
CLM-001953,GC-001178,2026-07-18,2026-07-23,Flood/Storm Surge,Open,Y,MARISOL2026,13564.61,
CLM-001954,GC-001180,2026-07-18,2026-07-21,Flood/Storm Surge,Closed,Y,MARISOL2026,139250.51,2026-08-14
CLM-001955,GC-001232,2026-07-18,2026-07-23,Flood/Storm Surge,Open,Y,MARISOL2026,158078.98,
CLM-001956,GC-001234,2026-07-18,2026-07-23,Wind,Open,Y,MARISOL2026,24347.19,
CLM-001957,GC-001237,2026-07-18,2026-08-17,Wind,Open,Y,MARISOL2026,14240.73,
CLM-001958,GC-001238,2026-07-18,2026-08-02,Wind,Open,Y,MARISOL2026,51445.92,
CLM-001959,GC-001239,2026-07-18,2026-07-26,Wind,Open,Y,MARISOL2026,39638.93,
CLM-001960,GC-001240,2026-07-18,2026-08-17,Flood/Storm Surge,Open,Y,MARISOL2026,20614.12,
CLM-001961,GC-001241,2026-07-18,2026-07-31,Wind + Flood,Open,Y,MARISOL2026,80627.67,
CLM-001962,GC-001247,2026-07-18,2026-07-19,Wind,Open,Y,MARISOL2026,78365.61,
CLM-001963,GC-001249,2026-07-18,2026-08-03,Wind,Open,Y,MARISOL2026,129336.12,
CLM-001964,GC-001250,2026-07-18,2026-07-24,Wind,Open,Y,MARISOL2026,134924.3,
CLM-001965,GC-001253,2026-07-18,2026-07-29,Wind,Closed,Y,MARISOL2026,97046.86,2026-08-04
CLM-001966,GC-001254,2026-07-18,2026-08-04,Wind,Open,Y,MARISOL2026,90865.32,
CLM-001967,GC-001258,2026-07-18,2026-08-07,Wind,Open,Y,MARISOL2026,95065.15,
CLM-001968,GC-001261,2026-07-18,2026-07-25,Wind,Open,Y,MARISOL2026,21921.32,
CLM-001969,GC-001263,2026-07-18,2026-07-27,Wind,Open,Y,MARISOL2026,72157.47,
CLM-001970,GC-001226,2026-07-18,2026-07-24,Wind,Open,Y,MARISOL2026,16334.88,
CLM-001971,GC-000699,2026-07-18,2026-07-28,Flood/Storm Surge,Open,Y,MARISOL2026,94343.47,
CLM-001972,GC-001225,2026-07-18,2026-07-26,Wind,Open,Y,MARISOL2026,370125.0,
CLM-001973,GC-001214,2026-07-18,2026-07-23,Wind,Open,Y,MARISOL2026,46351.94,
CLM-001974,GC-001182,2026-07-18,2026-07-29,Flood/Storm Surge,Open,Y,MARISOL2026,29384.18,
CLM-001975,GC-001183,2026-07-18,2026-07-27,Wind,Open,Y,MARISOL2026,23639.07,
CLM-001976,GC-001184,2026-07-18,2026-07-26,Wind,Open,Y,MARISOL2026,121283.27,
CLM-001977,GC-001185,2026-07-18,2026-07-24,Flood/Storm Surge,Open,Y,MARISOL2026,246344.22,
CLM-001978,GC-001187,2026-07-18,2026-07-30,Flood/Storm Surge,Open,Y,MARISOL2026,13236.69,
CLM-001979,GC-001190,2026-07-18,2026-07-24,Wind + Flood,Open,Y,MARISOL2026,17592.43,
CLM-001980,GC-001191,2026-07-18,2026-07-22,Wind + Flood,Open,Y,MARISOL2026,21821.07,
CLM-001981,GC-001192,2026-07-18,2026-07-23,Wind,Open,Y,MARISOL2026,43802.31,
CLM-001982,GC-001193,2026-07-18,2026-07-27,Wind,Open,Y,MARISOL2026,37127.76,
CLM-001983,GC-001197,2026-07-18,2026-07-23,Wind + Flood,Open,Y,MARISOL2026,570638.72,
CLM-001984,GC-001199,2026-07-18,2026-07-18,Wind,Open,Y,MARISOL2026,28958.44,
CLM-001985,GC-001203,2026-07-18,2026-07-24,Wind,Open,Y,MARISOL2026,53915.5,
CLM-001986,GC-001206,2026-07-18,2026-07-19,Wind + Flood,Open,Y,MARISOL2026,35995.09,
CLM-001987,GC-001207,2026-07-18,2026-08-12,Wind,Open,Y,MARISOL2026,49231.33,
CLM-001988,GC-001209,2026-07-18,2026-07-28,Wind + Flood,Open,Y,MARISOL2026,20950.58,
CLM-001989,GC-001216,2026-07-18,2026-08-05,Flood/Storm Surge,Open,Y,MARISOL2026,105806.22,
CLM-001990,GC-000695,2026-07-18,2026-08-06,Wind,Open,Y,MARISOL2026,16414.16,
CLM-001991,GC-000694,2026-07-18,2026-07-20,Wind,Open,Y,MARISOL2026,9599.08,
CLM-001992,GC-000693,2026-07-18,2026-07-20,Wind,Open,Y,MARISOL2026,586184.95,
CLM-001993,GC-000224,2026-07-18,2026-07-25,Wind + Flood,Open,Y,MARISOL2026,106273.8,
CLM-001994,GC-000225,2026-07-18,2026-08-02,Wind,Open,Y,MARISOL2026,28648.1,
CLM-001995,GC-000230,2026-07-18,2026-07-27,Wind,Open,Y,MARISOL2026,5528.83,
CLM-001996,GC-000232,2026-07-18,2026-07-23,Flood/Storm Surge,Open,Y,MARISOL2026,142445.95,
CLM-001997,GC-000233,2026-07-18,2026-07-26,Flood/Storm Surge,Open,Y,MARISOL2026,27433.89,
CLM-001998,GC-000234,2026-07-18,2026-07-24,Wind + Flood,Open,Y,MARISOL2026,28813.68,
CLM-001999,GC-000222,2026-07-18,2026-07-18,Wind,Open,Y,MARISOL2026,61529.21,
CLM-002000,GC-000236,2026-07-18,2026-07-25,Flood/Storm Surge,Open,Y,MARISOL2026,16761.79,
CLM-002001,GC-000238,2026-07-18,2026-08-03,Wind,Open,Y,MARISOL2026,6661.73,
CLM-002002,GC-000244,2026-07-18,2026-07-21,Flood/Storm Surge,Open,Y,MARISOL2026,134476.07,
CLM-002003,GC-000245,2026-07-18,2026-07-26,Flood/Storm Surge,Open,Y,MARISOL2026,28568.81,
CLM-002004,GC-000246,2026-07-18,2026-07-20,Flood/Storm Surge,Open,Y,MARISOL2026,39073.88,
CLM-002005,GC-000247,2026-07-18,2026-07-25,Wind,Open,Y,MARISOL2026,8350.41,
CLM-002006,GC-000248,2026-07-18,2026-07-26,Wind + Flood,Open,Y,MARISOL2026,6415.68,
CLM-002007,GC-000237,2026-07-18,2026-07-25,Wind + Flood,Open,Y,MARISOL2026,246364.11,
CLM-002008,GC-000221,2026-07-18,2026-07-21,Wind + Flood,Open,Y,MARISOL2026,5114.81,
CLM-002009,GC-000217,2026-07-18,2026-07-26,Flood/Storm Surge,Open,Y,MARISOL2026,32901.35,
CLM-002010,GC-000215,2026-07-18,2026-07-19,Wind + Flood,Open,Y,MARISOL2026,129533.59,
CLM-002011,GC-000178,2026-07-18,2026-07-25,Wind,Open,Y,MARISOL2026,28659.13,
CLM-002012,GC-000179,2026-07-18,2026-07-25,Wind,Open,Y,MARISOL2026,79925.98,
CLM-002013,GC-000183,2026-07-18,2026-07-20,Wind + Flood,Open,Y,MARISOL2026,20759.24,
CLM-002014,GC-000186,2026-07-18,2026-07-26,Wind,Open,Y,MARISOL2026,35850.66,
CLM-002015,GC-000187,2026-07-18,2026-07-30,Wind,Open,Y,MARISOL2026,118937.4,
CLM-002016,GC-000189,2026-07-18,2026-07-19,Wind,Open,Y,MARISOL2026,66102.38,
CLM-002017,GC-000193,2026-07-18,2026-07-27,Wind,Open,Y,MARISOL2026,206441.48,
CLM-002018,GC-000196,2026-07-18,2026-07-19,Wind,Open,Y,MARISOL2026,33060.71,
CLM-002019,GC-000202,2026-07-18,2026-08-05,Wind + Flood,Open,Y,MARISOL2026,10793.36,
CLM-002020,GC-000204,2026-07-18,2026-08-02,Wind + Flood,Open,Y,MARISOL2026,133542.24,
CLM-002021,GC-000205,2026-07-18,2026-07-30,Wind,Open,Y,MARISOL2026,30537.34,
CLM-002022,GC-000206,2026-07-18,2026-07-24,Wind,Open,Y,MARISOL2026,502953.93,
CLM-002023,GC-000212,2026-07-18,2026-08-13,Wind,Open,Y,MARISOL2026,132797.62,
CLM-002024,GC-000213,2026-07-18,2026-07-28,Flood/Storm Surge,Open,Y,MARISOL2026,701383.3,
CLM-002025,GC-000214,2026-07-18,2026-07-25,Wind,Open,Y,MARISOL2026,142503.98,
CLM-002026,GC-000249,2026-07-18,2026-08-08,,Open,Y,MARISOL2026,46617.53,
CLM-002027,GC-000175,2026-07-18,2026-07-24,Wind,Open,Y,MARISOL2026,16780.42,
CLM-002028,GC-000250,2026-07-18,2026-07-19,Flood/Storm Surge,Open,Y,MARISOL2026,65245.34,
CLM-002029,GC-000255,2026-07-18,2026-07-23,Flood/Storm Surge,Open,Y,MARISOL2026,68513.57,
CLM-002030,GC-000305,2026-07-18,2026-08-10,Flood/Storm Surge,Open,Y,MARISOL2026,34899.4,
CLM-002031,GC-000312,2026-07-18,2026-07-20,Wind + Flood,Open,Y,MARISOL2026,11558.87,
CLM-002032,GC-000314,2026-07-18,2026-07-23,Wind,Open,Y,MARISOL2026,9572.9,
CLM-002033,GC-000318,2026-07-18,2026-07-21,Flood/Storm Surge,Open,Y,MARISOL2026,32841.78,
CLM-002034,GC-000319,2026-07-18,2026-07-19,Wind,Open,Y,MARISOL2026,6549.77,
CLM-002035,GC-000323,2026-07-18,2026-08-01,Wind,Open,Y,MARISOL2026,14040.15,
CLM-002036,GC-000303,2026-07-18,2026-07-28,Flood/Storm Surge,Open,Y,MARISOL2026,128449.77,
CLM-002037,GC-000324,2026-07-18,2026-07-18,Wind,Open,Y,MARISOL2026,418096.87,
CLM-002038,GC-000328,2026-07-18,2026-07-19,Wind,Open,Y,MARISOL2026,19085.89,
CLM-002039,GC-000329,2026-07-18,2026-07-23,Flood/Storm Surge,Open,Y,MARISOL2026,17041.27,
CLM-002040,GC-000330,2026-07-18,2026-07-27,Flood/Storm Surge,Open,Y,MARISOL2026,4369.18,
CLM-002041,GC-000333,2026-07-18,2026-07-26,Wind,Open,Y,MARISOL2026,18053.2,
CLM-002042,GC-000335,2026-07-18,2026-07-23,Wind,Open,Y,MARISOL2026,41707.92,
CLM-002043,GC-000336,2026-07-18,2026-08-08,Wind + Flood,Open,Y,MARISOL2026,438473.78,
CLM-002044,GC-000326,2026-07-18,2026-07-31,Wind,Open,Y,MARISOL2026,3915.81,
CLM-002045,GC-000298,2026-07-18,2026-07-31,Wind,Open,Y,MARISOL2026,68558.38,
CLM-002046,GC-000296,2026-07-18,2026-07-22,Wind,Open,Y,MARISOL2026,157894.16,
CLM-002047,GC-000295,2026-07-18,2026-07-21,Wind,Open,Y,MARISOL2026,37709.84,
CLM-002048,GC-000259,2026-07-18,2026-08-01,Wind,Open,Y,MARISOL2026,207100.78,
CLM-002049,GC-000263,2026-07-18,2026-07-19,Flood/Storm Surge,Open,Y,MARISOL2026,65603.39,
CLM-002050,GC-000264,2026-07-18,2026-07-19,Flood/Storm Surge,Open,Y,MARISOL2026,13723.95,
CLM-002051,GC-000266,2026-07-18,2026-08-11,Wind,Open,Y,MARISOL2026,7997.64,
CLM-002052,GC-000269,2026-07-18,2026-07-23,Wind,Open,Y,MARISOL2026,6676.91,
CLM-002053,GC-000270,2026-07-18,2026-07-21,Wind,Open,Y,MARISOL2026,48982.55,
CLM-002054,GC-000274,2026-07-18,2026-08-17,Wind,Open,Y,MARISOL2026,46598.59,
CLM-002055,GC-000278,2026-07-18,2026-07-19,Wind,Closed,Y,MARISOL2026,8522.6,2026-08-04
CLM-002056,GC-000280,2026-07-18,2026-07-31,Wind,Open,Y,MARISOL2026,22511.05,
CLM-002057,GC-000282,2026-07-18,2026-07-27,Wind,Open,Y,MARISOL2026,66434.35,
CLM-002058,GC-000284,2026-07-18,2026-07-25,Wind,Open,Y,MARISOL2026,15944.11,
CLM-002059,GC-000285,2026-07-18,2026-07-24,Wind,Open,Y,MARISOL2026,50937.34,
CLM-002060,GC-000287,2026-07-18,2026-07-23,Wind + Flood,Open,Y,MARISOL2026,8058.77,
CLM-002061,GC-000291,2026-07-18,2026-07-31,Wind,Open,Y,MARISOL2026,34626.3,
CLM-002062,GC-000292,2026-07-18,2026-07-21,Wind,Open,Y,MARISOL2026,19428.34,
CLM-002063,GC-000252,2026-07-18,2026-07-20,Wind + Flood,Open,Y,MARISOL2026,98335.24,
CLM-002064,GC-000169,2026-07-18,2026-07-25,Wind + Flood,Open,Y,MARISOL2026,21827.52,
CLM-002065,GC-000167,2026-07-18,2026-07-31,Flood/Storm Surge,Open,Y,MARISOL2026,30003.04,
CLM-002066,GC-000162,2026-07-18,2026-07-22,Flood/Storm Surge,Open,Y,MARISOL2026,23775.77,
CLM-002067,GC-000051,2026-07-18,2026-07-22,Wind + Flood,Open,Y,MARISOL2026,18057.03,
CLM-002068,GC-000052,2026-07-18,2026-07-18,Wind,Open,Y,MARISOL2026,163223.63,
CLM-002069,GC-000054,2026-07-18,2026-07-20,Wind,Open,Y,MARISOL2026,82453.69,
CLM-002070,GC-000056,2026-07-18,2026-07-20,Wind,Open,Y,MARISOL2026,231292.26,
CLM-002071,GC-000057,2026-07-18,2026-07-21,Wind + Flood,Open,Y,MARISOL2026,12447.51,
CLM-002072,GC-000058,2026-07-18,2026-07-21,Wind,Open,Y,MARISOL2026,12201.19,
CLM-002073,GC-000050,2026-07-18,2026-07-21,Wind,Open,Y,MARISOL2026,31075.36,
CLM-002074,GC-000059,2026-07-18,2026-07-29,Flood/Storm Surge,Open,Y,MARISOL2026,71797.53,
CLM-002075,GC-000063,2026-07-18,2026-07-20,Wind + Flood,Open,Y,MARISOL2026,179013.66,
CLM-002076,GC-000065,2026-07-18,2026-07-19,Wind,Open,Y,MARISOL2026,18748.84,
CLM-002077,GC-000068,2026-07-18,2026-07-22,Wind,Open,Y,MARISOL2026,10359.0,
CLM-002078,GC-000070,2026-07-18,2026-08-02,Wind + Flood,Open,Y,MARISOL2026,286636.03,
CLM-002079,GC-000074,2026-07-18,2026-07-27,Flood/Storm Surge,Open,Y,MARISOL2026,9491.48,
CLM-002080,GC-000078,2026-07-18,2026-07-23,Flood/Storm Surge,Open,Y,MARISOL2026,200435.49,
CLM-002081,GC-000062,2026-07-18,2026-07-22,Flood/Storm Surge,Open,Y,MARISOL2026,4685.31,
CLM-002082,GC-000048,2026-07-18,2026-07-22,Flood/Storm Surge,Closed,Y,MARISOL2026,26286.07,2026-07-26
CLM-002083,GC-000047,2026-07-18,2026-07-29,Wind,Open,Y,MARISOL2026,23732.99,
CLM-002084,GC-000045,2026-07-18,2026-07-28,Wind + Flood,Open,Y,MARISOL2026,19089.14,
CLM-002085,GC-000002,2026-07-18,2026-07-18,Wind + Flood,Open,Y,MARISOL2026,21367.59,
CLM-002086,GC-000005,2026-07-18,2026-07-23,Wind,Open,Y,MARISOL2026,12501.32,
CLM-002087,GC-000009,2026-07-18,2026-07-26,Wind + Flood,Open,Y,MARISOL2026,5811.36,
CLM-002088,GC-000011,2026-07-18,2026-07-26,Flood/Storm Surge,Open,Y,MARISOL2026,25189.5,
CLM-002089,GC-000012,2026-07-18,2026-07-21,Wind,Open,Y,MARISOL2026,26389.92,
CLM-002090,GC-000018,2026-07-18,2026-07-27,Flood/Storm Surge,Open,Y,MARISOL2026,23224.06,
CLM-002091,GC-000019,2026-07-18,2026-07-20,Wind + Flood,Open,Y,MARISOL2026,338357.46,
CLM-002092,GC-000024,2026-07-18,2026-07-21,Wind + Flood,Open,Y,MARISOL2026,73910.16,
CLM-002093,GC-000025,2026-07-18,2026-07-19,Wind,Closed,Y,MARISOL2026,186889.62,2026-08-17
CLM-002094,GC-000032,2026-07-18,2026-07-27,Wind,Open,Y,MARISOL2026,23060.26,
CLM-002095,GC-000034,2026-07-18,2026-07-21,Wind,Open,Y,MARISOL2026,45116.96,
CLM-002096,GC-000040,2026-07-18,2026-07-29,Flood/Storm Surge,Open,Y,MARISOL2026,31105.57,
CLM-002097,GC-000041,2026-07-18,2026-07-27,Wind,Open,Y,MARISOL2026,10637.82,
CLM-002098,GC-000043,2026-07-18,2026-07-25,Wind,Open,Y,MARISOL2026,49408.76,
CLM-002099,GC-000044,2026-07-18,2026-07-29,Wind,Open,Y,MARISOL2026,21337.54,
CLM-002100,GC-000079,2026-07-18,2026-08-11,Wind,Open,Y,MARISOL2026,40732.66,
CLM-002101,GC-000081,2026-07-18,2026-07-24,Wind,Open,Y,MARISOL2026,113266.33,
CLM-002102,GC-000082,2026-07-18,2026-07-26,Wind + Flood,Closed,Y,MARISOL2026,34649.79,2026-08-11
CLM-002103,GC-000085,2026-07-18,2026-07-25,Wind,Open,Y,MARISOL2026,88511.19,
CLM-002104,GC-000128,2026-07-18,2026-07-19,Wind + Flood,Open,Y,MARISOL2026,35067.38,
CLM-002105,GC-000129,2026-07-18,2026-07-23,Wind,Open,Y,MARISOL2026,44549.37,
CLM-002106,GC-000130,2026-07-18,2026-07-21,Wind + Flood,Open,Y,MARISOL2026,77709.19,
CLM-002107,GC-000131,2026-07-18,2026-07-24,Wind,Open,Y,MARISOL2026,289380.0,
CLM-002108,GC-000132,2026-07-18,2026-07-23,Wind + Flood,Open,Y,MARISOL2026,7607.49,
CLM-002109,GC-000136,2026-07-18,2026-07-22,Wind,Open,Y,MARISOL2026,129402.74,
CLM-002110,GC-000137,2026-07-18,2026-07-19,Wind + Flood,Open,Y,MARISOL2026,27579.29,
CLM-002111,GC-000140,2026-07-18,2026-07-21,Wind,Open,Y,MARISOL2026,156376.89,
CLM-002112,GC-000143,2026-07-18,2026-07-22,Flood/Storm Surge,Open,Y,MARISOL2026,13240.6,
CLM-002113,GC-000147,2026-07-18,2026-07-27,Wind,Open,Y,MARISOL2026,72781.13,
CLM-002114,GC-000149,2026-07-18,2026-08-11,Wind,Open,Y,MARISOL2026,163855.49,
CLM-002115,GC-000151,2026-07-18,2026-07-21,Wind,Open,Y,MARISOL2026,130092.62,
CLM-002116,GC-000155,2026-07-18,2026-07-20,Wind,Open,Y,MARISOL2026,40537.5,
CLM-002117,GC-000157,2026-07-18,2026-07-20,Wind + Flood,Open,Y,MARISOL2026,8269.98,
CLM-002118,GC-000159,2026-07-18,2026-07-22,Wind + Flood,Open,Y,MARISOL2026,16733.48,
CLM-002119,GC-000127,2026-07-18,2026-07-21,Wind,Open,Y,MARISOL2026,43039.53,
CLM-002120,GC-000340,2026-07-18,2026-08-02,Wind + Flood,Open,Y,MARISOL2026,45473.76,
CLM-002121,GC-000126,2026-07-18,2026-07-26,Wind,Open,Y,MARISOL2026,181886.77,
CLM-002122,GC-000124,2026-07-18,2026-07-23,Wind + Flood,Open,Y,MARISOL2026,88937.7,
CLM-002123,GC-000087,2026-07-18,2026-07-31,Wind,Open,Y,MARISOL2026,7124.91,
CLM-002124,GC-000088,2026-07-18,2026-07-28,Flood/Storm Surge,Open,Y,MARISOL2026,52528.94,
CLM-002125,GC-000090,2026-07-18,2026-07-24,Wind,Open,Y,MARISOL2026,65761.23,
CLM-002126,GC-000093,2026-07-18,2026-07-20,Wind,Open,Y,MARISOL2026,5708.41,
CLM-002127,GC-000095,2026-07-18,2026-07-30,Wind,Open,Y,MARISOL2026,29110.29,
CLM-002128,GC-000098,2026-07-18,2026-07-26,Wind,Open,Y,MARISOL2026,85180.13,
CLM-002129,GC-000099,2026-07-18,2026-07-19,Wind,Open,Y,MARISOL2026,1256.84,
CLM-002130,GC-000101,2026-07-18,2026-07-31,Wind + Flood,Open,Y,MARISOL2026,26232.86,
CLM-002131,GC-000107,2026-07-18,2026-07-25,Wind + Flood,Open,Y,MARISOL2026,10123.28,
CLM-002132,GC-000108,2026-07-18,2026-08-11,Flood/Storm Surge,Open,Y,MARISOL2026,24849.7,
CLM-002133,GC-000109,2026-07-18,2026-07-24,Wind,Open,Y,MARISOL2026,533407.76,
CLM-002134,GC-000113,2026-07-18,2026-07-21,Wind,Open,Y,MARISOL2026,299070.24,
CLM-002135,GC-000114,2026-07-18,2026-07-23,Wind + Flood,Open,Y,MARISOL2026,44340.0,
CLM-002136,GC-000118,2026-07-18,2026-07-26,Flood/Storm Surge,Open,Y,MARISOL2026,95369.81,
CLM-002137,GC-000120,2026-07-18,2026-07-23,Wind,Open,Y,MARISOL2026,235054.85,
CLM-002138,GC-000125,2026-07-18,2026-08-01,Wind,Open,Y,MARISOL2026,22705.42,
CLM-002139,GC-001448,2026-07-18,2026-07-27,Wind,Open,Y,MARISOL2026,20312.41,
CLM-002140,GC-000344,2026-07-18,2026-07-21,Wind,Open,Y,MARISOL2026,21178.4,
CLM-002141,GC-000350,2026-07-18,2026-08-01,Flood/Storm Surge,Open,Y,MARISOL2026,34993.63,
CLM-002142,GC-000576,2026-07-18,2026-07-26,Wind + Flood,Open,Y,MARISOL2026,18073.51,
CLM-002143,GC-000578,2026-07-18,2026-08-02,Wind,Closed,Y,MARISOL2026,113595.49,2026-08-07
CLM-002144,GC-000580,2026-07-18,2026-07-25,Wind,Closed,Y,MARISOL2026,12212.28,2026-08-17
CLM-002145,GC-000581,2026-07-18,2026-07-20,Wind,Open,Y,MARISOL2026,14301.99,
CLM-002146,GC-000582,2026-07-18,2026-08-06,Wind,Open,Y,MARISOL2026,8533.86,
CLM-002147,GC-000583,2026-07-18,2026-08-08,Flood/Storm Surge,Open,Y,MARISOL2026,154535.97,
CLM-002148,GC-000575,2026-07-18,2026-07-23,Wind,Open,Y,MARISOL2026,316734.27,
CLM-002149,GC-000588,2026-07-18,2026-08-06,Wind,Open,Y,MARISOL2026,41941.86,
CLM-002150,GC-000593,2026-07-18,2026-07-23,Wind + Flood,Open,Y,MARISOL2026,84927.9,
CLM-002151,GC-000595,2026-07-18,2026-07-23,Wind + Flood,Open,Y,MARISOL2026,63808.0,
CLM-002152,GC-000598,2026-07-18,2026-07-28,Wind,Open,Y,MARISOL2026,146938.92,
CLM-002153,GC-000604,2026-07-18,2026-07-30,Wind + Flood,Open,Y,MARISOL2026,24855.45,
CLM-002154,GC-000606,2026-07-18,2026-07-24,Flood/Storm Surge,Open,Y,MARISOL2026,48618.26,
CLM-002155,GC-000607,2026-07-18,2026-07-23,Wind,Open,Y,MARISOL2026,15688.86,
CLM-002156,GC-000591,2026-07-18,2026-08-12,Wind,Open,Y,MARISOL2026,120139.22,
CLM-002157,GC-000574,2026-07-18,2026-07-24,Wind,Open,Y,MARISOL2026,41707.4,
CLM-002158,GC-000570,2026-07-18,2026-07-28,Flood/Storm Surge,Open,Y,MARISOL2026,48422.6,
CLM-002159,GC-000567,2026-07-18,2026-07-26,Wind + Flood,Open,Y,MARISOL2026,5526.12,
CLM-002160,GC-000536,2026-07-18,2026-07-25,Flood/Storm Surge,Open,Y,MARISOL2026,26265.03,
CLM-002161,GC-000537,2026-07-18,2026-07-30,Flood/Storm Surge,Open,Y,MARISOL2026,22966.13,
CLM-002162,GC-000542,2026-07-18,2026-07-23,Wind + Flood,Open,Y,MARISOL2026,136052.66,
CLM-002163,GC-000543,2026-07-18,2026-07-24,Wind,Open,Y,MARISOL2026,65657.0,
CLM-002164,GC-000544,2026-07-18,2026-08-08,Wind,Open,Y,MARISOL2026,6610.89,
CLM-002165,GC-000547,2026-07-18,2026-07-31,Wind,Open,Y,MARISOL2026,77638.09,
CLM-002166,GC-000548,2026-07-18,2026-07-30,Wind + Flood,Open,Y,MARISOL2026,4559.98,
CLM-002167,GC-000549,2026-07-18,2026-07-20,Wind,Open,Y,MARISOL2026,52428.3,
CLM-002168,GC-000550,2026-07-18,2026-08-10,Flood/Storm Surge,Open,Y,MARISOL2026,42881.53,
CLM-002169,GC-000551,2026-07-18,2026-07-20,Wind,Open,Y,MARISOL2026,442204.28,
CLM-002170,GC-000554,2026-07-18,2026-07-26,Wind,Open,Y,MARISOL2026,20901.98,
CLM-002171,GC-000556,2026-07-18,2026-07-24,Flood/Storm Surge,Open,Y,MARISOL2026,19361.38,
CLM-002172,GC-000557,2026-07-18,2026-07-25,Wind + Flood,Open,Y,MARISOL2026,59124.97,
CLM-002173,GC-000564,2026-07-18,2026-07-27,Wind + Flood,Open,Y,MARISOL2026,131474.37,
CLM-002174,GC-000566,2026-07-18,2026-07-30,Wind,Open,Y,MARISOL2026,7747.83,
CLM-002175,GC-000608,2026-07-18,2026-07-29,Wind,Open,Y,MARISOL2026,12254.72,
CLM-002176,GC-000534,2026-07-18,2026-07-29,Flood/Storm Surge,Open,Y,MARISOL2026,119287.38,
CLM-002177,GC-000610,2026-07-18,2026-07-25,Wind,Open,Y,MARISOL2026,25561.85,
CLM-002178,GC-000618,2026-07-18,2026-07-24,Wind,Open,Y,MARISOL2026,21613.22,
CLM-002179,GC-000661,2026-07-18,2026-08-01,Wind + Flood,Open,Y,MARISOL2026,84499.41,
CLM-002180,GC-000662,2026-07-18,2026-07-26,Wind,Open,Y,MARISOL2026,70463.35,
CLM-002181,GC-000665,2026-07-18,2026-07-19,Wind + Flood,Open,Y,MARISOL2026,19690.52,
CLM-002182,GC-000666,2026-07-18,2026-08-02,Wind,Open,Y,MARISOL2026,26690.36,
CLM-002183,GC-000668,2026-07-18,2026-07-26,Wind + Flood,Open,Y,MARISOL2026,14784.23,
CLM-002184,GC-000671,2026-07-18,2026-07-25,Wind,Open,Y,MARISOL2026,22561.48,
CLM-002185,GC-000658,2026-07-18,2026-07-29,Flood/Storm Surge,Open,Y,MARISOL2026,2274.33,
CLM-002186,GC-000672,2026-07-18,2026-07-18,Flood/Storm Surge,Open,Y,MARISOL2026,318471.97,
CLM-002187,GC-000680,2026-07-18,2026-07-22,Wind,Open,Y,MARISOL2026,24062.17,
CLM-002188,GC-000683,2026-07-18,2026-07-28,Flood/Storm Surge,Open,Y,MARISOL2026,40791.11,
CLM-002189,GC-000685,2026-07-18,2026-08-04,Wind,Open,Y,MARISOL2026,11530.72,
CLM-002190,GC-000686,2026-07-18,2026-07-26,Wind + Flood,Open,Y,MARISOL2026,755004.55,
CLM-002191,GC-000689,2026-07-18,2026-07-19,Wind + Flood,Open,Y,MARISOL2026,4501.06,
CLM-002192,GC-000691,2026-07-18,2026-07-30,Wind,Open,Y,MARISOL2026,19120.63,
CLM-002193,GC-000679,2026-07-18,2026-07-27,Wind,Open,Y,MARISOL2026,95834.3,
CLM-002194,GC-000657,2026-07-18,2026-07-25,Wind + Flood,Open,Y,MARISOL2026,54224.99,
CLM-002195,GC-000656,2026-07-18,2026-08-17,Wind + Flood,Open,Y,MARISOL2026,54006.32,
CLM-002196,GC-000653,2026-07-18,2026-07-29,Flood/Storm Surge,Open,Y,MARISOL2026,58576.71,
CLM-002197,GC-000620,2026-07-18,2026-07-23,Wind,Open,Y,MARISOL2026,50940.54,
CLM-002198,GC-000622,2026-07-18,2026-07-22,Wind + Flood,Open,Y,MARISOL2026,100897.06,
CLM-002199,GC-000626,2026-07-18,2026-07-24,Wind,Open,Y,MARISOL2026,51352.54,
CLM-002200,GC-000627,2026-07-18,2026-07-26,Wind,Open,Y,MARISOL2026,55071.57,
CLM-002201,GC-000628,2026-07-18,2026-07-22,Wind + Flood,Open,Y,MARISOL2026,123906.23,
CLM-002202,GC-000630,2026-07-18,2026-07-19,Wind,Open,Y,MARISOL2026,177110.41,
CLM-002203,GC-000631,2026-07-18,2026-07-23,Wind,Open,Y,MARISOL2026,83158.95,
CLM-002204,GC-000632,2026-07-18,2026-08-05,Wind,Open,Y,MARISOL2026,39394.22,
CLM-002205,GC-000637,2026-07-18,2026-07-20,Wind + Flood,Open,Y,MARISOL2026,861210.0,
CLM-002206,GC-000642,2026-07-18,2026-07-22,Flood/Storm Surge,Open,Y,MARISOL2026,98306.15,
CLM-002207,GC-000643,2026-07-18,2026-07-27,Flood/Storm Surge,Open,Y,MARISOL2026,105408.92,
CLM-002208,GC-000644,2026-07-18,2026-08-03,Flood/Storm Surge,Open,Y,MARISOL2026,86889.82,
CLM-002209,GC-000649,2026-07-18,2026-07-18,Wind,Open,Y,MARISOL2026,21408.92,
CLM-002210,GC-000650,2026-07-18,2026-07-31,Flood/Storm Surge,Open,Y,MARISOL2026,269525.25,
CLM-002211,GC-000652,2026-07-18,2026-07-19,Wind + Flood,Open,Y,MARISOL2026,49982.97,
CLM-002212,GC-000615,2026-07-18,2026-07-30,Wind + Flood,Open,Y,MARISOL2026,61982.39,
CLM-002213,GC-000527,2026-07-18,2026-07-24,Wind,Closed,Y,MARISOL2026,3813.72,2026-08-16
CLM-002214,GC-000526,2026-07-18,2026-07-21,Wind,Open,Y,MARISOL2026,20898.19,
CLM-002215,GC-000524,2026-07-18,2026-08-10,,Open,Y,MARISOL2026,32124.43,
CLM-002216,GC-000397,2026-07-18,2026-07-28,Wind,Open,Y,MARISOL2026,25506.16,
CLM-002217,GC-000399,2026-07-18,2026-07-24,Wind + Flood,Closed,Y,MARISOL2026,56105.12,2026-08-10
CLM-002218,GC-000401,2026-07-18,2026-07-27,Wind + Flood,Open,Y,MARISOL2026,15842.99,
CLM-002219,GC-000404,2026-07-18,2026-07-27,Wind,Open,Y,MARISOL2026,103341.73,
CLM-002220,GC-000405,2026-07-18,2026-07-23,Wind,Open,Y,MARISOL2026,40812.79,
CLM-002221,GC-000407,2026-07-18,2026-07-25,Wind,Open,Y,MARISOL2026,13136.45,
CLM-002222,GC-000395,2026-07-18,2026-07-23,Wind + Flood,Open,Y,MARISOL2026,13958.43,
CLM-002223,GC-000409,2026-07-18,2026-07-22,Wind + Flood,Open,Y,MARISOL2026,133548.2,
CLM-002224,GC-000415,2026-07-18,2026-07-20,Wind + Flood,Open,Y,MARISOL2026,109536.2,
CLM-002225,GC-000419,2026-07-18,2026-07-25,Wind,Open,Y,MARISOL2026,33186.26,
CLM-002226,GC-000423,2026-07-18,2026-07-23,Wind,Open,Y,MARISOL2026,47664.46,
CLM-002227,GC-000425,2026-07-18,2026-08-07,Wind,Open,Y,MARISOL2026,32428.16,
CLM-002228,GC-000428,2026-07-18,2026-07-18,Wind + Flood,Open,Y,MARISOL2026,175332.14,
CLM-002229,GC-000429,2026-07-18,2026-07-19,Wind + Flood,Open,Y,MARISOL2026,134174.77,
CLM-002230,GC-000412,2026-07-18,2026-07-21,Wind + Flood,Open,Y,MARISOL2026,15588.73,
CLM-002231,GC-000394,2026-07-18,2026-07-23,Wind,Open,Y,MARISOL2026,160908.28,
CLM-002232,GC-000391,2026-07-18,2026-08-05,Wind,Open,Y,MARISOL2026,7842.22,
CLM-002233,GC-000390,2026-07-18,2026-07-22,Wind,Open,Y,MARISOL2026,131623.43,
CLM-002234,GC-000351,2026-07-18,2026-07-20,Wind + Flood,Open,Y,MARISOL2026,6717.28,
CLM-002235,GC-000352,2026-07-18,2026-07-21,Flood/Storm Surge,Open,Y,MARISOL2026,31573.32,
CLM-002236,GC-000357,2026-07-18,2026-07-23,Wind,Open,Y,MARISOL2026,91610.27,
CLM-002237,GC-000359,2026-07-18,2026-07-23,Flood/Storm Surge,Open,Y,MARISOL2026,266995.29,
CLM-002238,GC-000362,2026-07-18,2026-07-29,Wind + Flood,Open,Y,MARISOL2026,174904.17,
CLM-002239,GC-000363,2026-07-18,2026-07-19,Wind + Flood,Open,Y,MARISOL2026,39529.89,
CLM-002240,GC-000366,2026-07-18,2026-07-27,Wind,Open,Y,MARISOL2026,40281.6,
CLM-002241,GC-000367,2026-07-18,2026-07-20,Wind,Open,Y,MARISOL2026,89183.43,
CLM-002242,GC-000370,2026-07-18,2026-08-03,Wind,Open,Y,MARISOL2026,59999.78,
CLM-002243,GC-000372,2026-07-18,2026-08-04,Wind + Flood,Open,Y,MARISOL2026,465868.65,
CLM-002244,GC-000375,2026-07-18,2026-07-21,Wind + Flood,Open,Y,MARISOL2026,70010.72,
CLM-002245,GC-000377,2026-07-18,2026-07-25,Wind,Open,Y,MARISOL2026,21216.5,
CLM-002246,GC-000379,2026-07-18,2026-07-22,Wind,Open,Y,MARISOL2026,34384.55,
CLM-002247,GC-000386,2026-07-18,2026-07-26,Wind + Flood,Open,Y,MARISOL2026,13233.5,
CLM-002248,GC-000389,2026-07-18,2026-08-02,Wind + Flood,Open,Y,MARISOL2026,11993.76,
CLM-002249,GC-000433,2026-07-18,2026-07-21,Wind + Flood,Open,Y,MARISOL2026,23412.48,
CLM-002250,GC-000434,2026-07-18,2026-07-21,Wind,Open,Y,MARISOL2026,83516.71,
CLM-002251,GC-000436,2026-07-18,2026-07-25,Wind + Flood,Open,Y,MARISOL2026,73911.57,
CLM-002252,GC-000437,2026-07-18,2026-07-26,Wind + Flood,Open,Y,MARISOL2026,399830.42,
CLM-002253,GC-000487,2026-07-18,2026-07-26,Flood/Storm Surge,Open,Y,MARISOL2026,30177.07,
CLM-002254,GC-000490,2026-07-18,2026-07-22,Flood/Storm Surge,Open,Y,MARISOL2026,12642.35,
CLM-002255,GC-000491,2026-07-18,2026-07-30,Wind + Flood,Open,Y,MARISOL2026,31238.59,
CLM-002256,GC-000494,2026-07-18,2026-07-25,Wind,Open,Y,MARISOL2026,38027.52,
CLM-002257,GC-000496,2026-07-18,2026-07-27,Flood/Storm Surge,Open,Y,MARISOL2026,94720.75,
CLM-002258,GC-000497,2026-07-18,2026-07-23,Wind,Open,Y,MARISOL2026,15097.79,
CLM-002259,GC-000510,2026-07-18,2026-08-03,Wind + Flood,Open,Y,MARISOL2026,27740.14,
CLM-002260,GC-000513,2026-07-18,2026-07-22,Flood/Storm Surge,Open,Y,MARISOL2026,10688.5,
CLM-002261,GC-000517,2026-07-18,2026-07-27,Wind,Open,Y,MARISOL2026,25590.21,
CLM-002262,GC-000518,2026-07-18,2026-07-26,Wind,Open,Y,MARISOL2026,20450.72,
CLM-002263,GC-000519,2026-07-18,2026-07-26,Wind,Open,Y,MARISOL2026,210206.57,
CLM-002264,GC-000520,2026-07-18,2026-07-23,Wind + Flood,Open,Y,MARISOL2026,25686.39,
CLM-002265,GC-000521,2026-07-18,2026-07-31,Wind,Open,Y,MARISOL2026,88866.1,
CLM-002266,GC-000522,2026-07-18,2026-07-24,Wind,Open,Y,MARISOL2026,89729.74,
CLM-002267,GC-000523,2026-07-18,2026-07-24,Wind + Flood,Open,Y,MARISOL2026,15240.1,
CLM-002268,GC-000483,2026-07-18,2026-07-23,Wind,Open,Y,MARISOL2026,12823.62,
CLM-002269,GC-000347,2026-07-18,2026-07-23,Wind,Open,Y,MARISOL2026,13706.75,
CLM-002270,GC-000482,2026-07-18,2026-08-07,Flood/Storm Surge,Open,Y,MARISOL2026,63621.14,
CLM-002271,GC-000475,2026-07-18,2026-07-26,Wind + Flood,Open,Y,MARISOL2026,34788.0,
CLM-002272,GC-000439,2026-07-18,2026-07-22,Wind,Open,Y,MARISOL2026,24723.44,
CLM-002273,GC-000440,2026-07-18,2026-07-25,Wind,Open,Y,MARISOL2026,39969.83,
CLM-002274,GC-000448,2026-07-18,2026-07-26,Wind,Open,Y,MARISOL2026,11263.32,
CLM-002275,GC-000452,2026-07-18,2026-08-10,Wind,Closed,Y,MARISOL2026,56192.62,2026-08-12
CLM-002276,GC-000455,2026-07-18,2026-07-19,Flood/Storm Surge,Open,Y,MARISOL2026,166720.86,
CLM-002277,GC-000456,2026-07-18,2026-07-19,Flood/Storm Surge,Open,Y,MARISOL2026,71926.63,
CLM-002278,GC-000457,2026-07-18,2026-07-27,Flood/Storm Surge,Open,Y,MARISOL2026,245447.47,
CLM-002279,GC-000458,2026-07-18,2026-07-26,Wind + Flood,Open,Y,MARISOL2026,29635.3,
CLM-002280,GC-000461,2026-07-18,2026-07-26,Wind,Open,Y,MARISOL2026,352551.29,
CLM-002281,GC-000464,2026-07-18,2026-07-21,Wind,Open,Y,MARISOL2026,11629.4,
CLM-002282,GC-000466,2026-07-18,2026-07-26,Flood/Storm Surge,Closed,Y,MARISOL2026,77522.33,2026-08-17
CLM-002283,GC-000467,2026-07-18,2026-07-19,Wind + Flood,Open,Y,MARISOL2026,38229.42,
CLM-002284,GC-000469,2026-07-18,2026-07-23,Flood/Storm Surge,Open,Y,MARISOL2026,46276.42,
CLM-002285,GC-000471,2026-07-18,2026-07-21,Wind,Open,Y,MARISOL2026,20297.23,
CLM-002286,GC-000472,2026-07-18,2026-07-24,Wind + Flood,Open,Y,MARISOL2026,53744.02,
CLM-002287,GC-000476,2026-07-18,2026-07-21,Wind,Open,Y,MARISOL2026,64897.61,
CLM-002288,GC-002903,2026-07-18,2026-07-20,Wind + Flood,Open,Y,MARISOL2026,24763.53,
CLM-002289,GC-001449,2026-07-18,2026-07-21,Wind + Flood,Open,Y,MARISOL2026,2826.5,
CLM-002290,GC-001457,2026-07-18,2026-07-25,Wind,Open,Y,MARISOL2026,18371.17,
CLM-002291,GC-002413,2026-07-18,2026-07-18,Wind + Flood,Open,Y,MARISOL2026,39836.58,
CLM-002292,GC-002415,2026-07-18,2026-07-19,Wind,Closed,Y,MARISOL2026,25097.33,2026-08-11
CLM-002293,GC-002416,2026-07-18,2026-07-31,Wind,Open,Y,MARISOL2026,298314.14,
CLM-002294,GC-002418,2026-07-18,2026-08-08,Wind + Flood,Open,Y,MARISOL2026,24943.99,
CLM-002295,GC-002420,2026-07-18,2026-07-22,Wind,Open,Y,MARISOL2026,2754.83,
CLM-002296,GC-002421,2026-07-18,2026-07-29,Flood/Storm Surge,Open,Y,MARISOL2026,49339.86,
CLM-002297,GC-002408,2026-07-18,2026-07-19,Wind,Open,Y,MARISOL2026,105458.76,
CLM-002298,GC-002429,2026-07-18,2026-07-30,Wind,Open,Y,MARISOL2026,45360.26,
CLM-002299,GC-002433,2026-07-18,2026-07-26,Wind + Flood,Open,Y,MARISOL2026,17102.27,
CLM-002300,GC-002436,2026-07-18,2026-07-20,Wind + Flood,Open,Y,MARISOL2026,13231.15,
CLM-002301,GC-002441,2026-07-18,2026-07-31,Flood/Storm Surge,Open,Y,MARISOL2026,13302.91,
CLM-002302,GC-002442,2026-07-18,2026-07-24,Wind + Flood,Open,Y,MARISOL2026,43981.25,
CLM-002303,GC-002443,2026-07-18,2026-07-23,Wind,Open,Y,MARISOL2026,49494.1,
CLM-002304,GC-002444,2026-07-18,2026-07-26,Wind,Open,Y,MARISOL2026,23481.64,
CLM-002305,GC-002430,2026-07-18,2026-08-05,Flood/Storm Surge,Open,Y,MARISOL2026,20377.04,
CLM-002306,GC-002407,2026-07-18,2026-08-05,Wind + Flood,Open,Y,MARISOL2026,76986.38,
CLM-002307,GC-002404,2026-07-18,2026-08-03,Flood/Storm Surge,Open,Y,MARISOL2026,36305.22,
CLM-002308,GC-002403,2026-07-18,2026-07-20,Flood/Storm Surge,Open,Y,MARISOL2026,32503.13,
CLM-002309,GC-002367,2026-07-18,2026-08-04,Wind,Open,Y,MARISOL2026,168628.99,
CLM-002310,GC-002371,2026-07-18,2026-07-28,Wind,Open,Y,MARISOL2026,14801.01,
CLM-002311,GC-002372,2026-07-18,2026-07-28,Wind + Flood,Open,Y,MARISOL2026,49167.01,
CLM-002312,GC-002373,2026-07-18,2026-07-23,Wind,Open,Y,MARISOL2026,19664.22,
CLM-002313,GC-002374,2026-07-18,2026-07-27,Wind,Open,Y,MARISOL2026,30804.43,
CLM-002314,GC-002382,2026-07-18,2026-07-20,Wind,Open,Y,MARISOL2026,109805.25,
CLM-002315,GC-002385,2026-07-18,2026-08-06,Wind,Open,Y,MARISOL2026,53533.75,
CLM-002316,GC-002389,2026-07-18,2026-08-02,Wind,Open,Y,MARISOL2026,35695.86,
CLM-002317,GC-002390,2026-07-18,2026-08-05,Wind + Flood,Open,Y,MARISOL2026,39105.32,
CLM-002318,GC-002393,2026-07-18,2026-07-22,Wind + Flood,Open,Y,MARISOL2026,23189.54,
CLM-002319,GC-002394,2026-07-18,2026-07-24,Wind,Open,Y,MARISOL2026,64282.29,
CLM-002320,GC-002395,2026-07-18,2026-08-01,Wind,Open,Y,MARISOL2026,18483.5,
CLM-002321,GC-002396,2026-07-18,2026-07-25,Wind + Flood,Open,Y,MARISOL2026,10008.11,
CLM-002322,GC-002397,2026-07-18,2026-07-27,Wind + Flood,Open,Y,MARISOL2026,200512.91,
CLM-002323,GC-002402,2026-07-18,2026-07-20,Wind,Open,Y,MARISOL2026,5769.68,
CLM-002324,GC-002445,2026-07-18,2026-07-25,Wind,Closed,Y,MARISOL2026,59000.78,2026-07-21
CLM-002325,GC-002365,2026-07-18,2026-07-26,Wind,Open,Y,MARISOL2026,24114.25,
CLM-002326,GC-002447,2026-07-18,2026-07-21,Flood/Storm Surge,Open,Y,MARISOL2026,7857.53,
CLM-002327,GC-002454,2026-07-18,2026-08-06,Wind,Open,Y,MARISOL2026,78229.89,
CLM-002328,GC-002513,2026-07-18,2026-07-27,Wind,Open,Y,MARISOL2026,78009.53,
CLM-002329,GC-002517,2026-07-18,2026-07-21,Wind,Open,Y,MARISOL2026,24488.1,
CLM-002330,GC-002518,2026-07-18,2026-07-31,Wind,Open,Y,MARISOL2026,42482.06,
CLM-002331,GC-002519,2026-07-18,2026-07-29,Wind + Flood,Open,Y,MARISOL2026,31721.14,
CLM-002332,GC-002520,2026-07-18,2026-07-29,Wind,Open,Y,MARISOL2026,32955.86,
CLM-002333,GC-002521,2026-07-18,2026-07-25,Flood/Storm Surge,Open,Y,MARISOL2026,38953.93,
CLM-002334,GC-002508,2026-07-18,2026-08-06,Wind,Open,Y,MARISOL2026,33820.19,
CLM-002335,GC-002522,2026-07-18,2026-08-08,,Open,Y,MARISOL2026,19793.34,
CLM-002336,GC-002532,2026-07-18,2026-07-31,Wind,Closed,Y,MARISOL2026,70817.94,2026-08-16
CLM-002337,GC-002533,2026-07-18,2026-07-22,Flood/Storm Surge,Open,Y,MARISOL2026,781649.55,
CLM-002338,GC-002534,2026-07-18,2026-07-24,Flood/Storm Surge,Closed,Y,MARISOL2026,21202.29,2026-08-14
CLM-002339,GC-002537,2026-07-18,2026-08-10,Wind + Flood,Open,Y,MARISOL2026,32511.67,
CLM-002340,GC-002539,2026-07-18,2026-08-01,Wind,Open,Y,MARISOL2026,25293.96,
CLM-002341,GC-002545,2026-07-18,2026-07-28,Wind,Open,Y,MARISOL2026,245385.1,
CLM-002342,GC-002531,2026-07-18,2026-07-23,Wind,Open,Y,MARISOL2026,79547.33,
CLM-002343,GC-002505,2026-07-18,2026-07-27,Wind,Open,Y,MARISOL2026,28470.82,
CLM-002344,GC-002504,2026-07-18,2026-07-31,Wind,Open,Y,MARISOL2026,11225.36,
CLM-002345,GC-002500,2026-07-18,2026-07-26,Wind + Flood,Closed,Y,MARISOL2026,26997.39,2026-08-03
CLM-002346,GC-002456,2026-07-18,2026-07-28,Wind,Open,Y,MARISOL2026,104916.53,
CLM-002347,GC-002462,2026-07-18,2026-07-21,Flood/Storm Surge,Open,Y,MARISOL2026,26131.55,
CLM-002348,GC-002467,2026-07-18,2026-07-21,Wind,Open,Y,MARISOL2026,27428.16,
CLM-002349,GC-002469,2026-07-18,2026-07-18,Wind,Open,Y,MARISOL2026,45041.79,
CLM-002350,GC-002472,2026-07-18,2026-07-20,Flood/Storm Surge,Open,Y,MARISOL2026,24959.36,
CLM-002351,GC-002476,2026-07-18,2026-07-19,Wind + Flood,Open,Y,MARISOL2026,14795.8,
CLM-002352,GC-002477,2026-07-18,2026-07-22,Wind,Open,Y,MARISOL2026,173000.73,
CLM-002353,GC-002480,2026-07-18,2026-07-22,Wind,Open,Y,MARISOL2026,117261.93,
CLM-002354,GC-002481,2026-07-18,2026-07-22,Wind + Flood,Open,Y,MARISOL2026,3645.71,
CLM-002355,GC-002482,2026-07-18,2026-07-24,Flood/Storm Surge,Open,Y,MARISOL2026,260274.29,
CLM-002356,GC-002484,2026-07-18,2026-07-24,Wind,Open,Y,MARISOL2026,73295.25,
CLM-002357,GC-002489,2026-07-18,2026-08-14,Wind + Flood,Open,Y,MARISOL2026,62237.05,
CLM-002358,GC-002490,2026-07-18,2026-07-24,Wind,Open,Y,MARISOL2026,52288.94,
CLM-002359,GC-002494,2026-07-18,2026-07-21,Flood/Storm Surge,Open,Y,MARISOL2026,15796.22,
CLM-002360,GC-002497,2026-07-18,2026-07-23,Wind + Flood,Open,Y,MARISOL2026,59449.11,
CLM-002361,GC-002448,2026-07-18,2026-07-24,Wind,Open,Y,MARISOL2026,25284.02,
CLM-002362,GC-002546,2026-07-18,2026-08-02,Wind + Flood,Open,Y,MARISOL2026,11912.08,
CLM-002363,GC-002364,2026-07-18,2026-07-28,Wind + Flood,Open,Y,MARISOL2026,49983.71,
CLM-002364,GC-002357,2026-07-18,2026-07-18,Wind,Open,Y,MARISOL2026,77139.43,
CLM-002365,GC-002230,2026-07-18,2026-07-23,Wind,Open,Y,MARISOL2026,763455.0,
CLM-002366,GC-002234,2026-07-18,2026-07-27,Wind,Open,Y,MARISOL2026,11278.66,
CLM-002367,GC-002235,2026-07-18,2026-07-20,Wind,Open,Y,MARISOL2026,20068.97,
CLM-002368,GC-002236,2026-07-18,2026-07-29,Flood/Storm Surge,Open,Y,MARISOL2026,9847.22,
CLM-002369,GC-002238,2026-07-18,2026-07-19,Flood/Storm Surge,Open,Y,MARISOL2026,19647.46,
CLM-002370,GC-002240,2026-07-18,2026-07-26,Flood/Storm Surge,Open,Y,MARISOL2026,41663.79,
CLM-002371,GC-002228,2026-07-18,2026-07-20,Wind + Flood,Open,Y,MARISOL2026,12846.37,
CLM-002372,GC-002246,2026-07-18,2026-07-22,Flood/Storm Surge,Open,Y,MARISOL2026,29169.17,
CLM-002373,GC-002256,2026-07-18,2026-07-31,Wind,Open,Y,MARISOL2026,18832.95,
CLM-002374,GC-002259,2026-07-18,2026-07-19,Wind,Closed,Y,MARISOL2026,19597.56,2026-08-11
CLM-002375,GC-002261,2026-07-18,2026-07-27,Wind,Open,Y,MARISOL2026,54914.59,
CLM-002376,GC-002267,2026-07-18,2026-07-26,Flood/Storm Surge,Open,Y,MARISOL2026,76526.86,
CLM-002377,GC-002270,2026-07-18,2026-07-28,Wind + Flood,Open,Y,MARISOL2026,10111.06,
CLM-002378,GC-002271,2026-07-18,2026-07-20,Wind,Open,Y,MARISOL2026,17874.11,
CLM-002379,GC-002254,2026-07-18,2026-07-26,Wind + Flood,Open,Y,MARISOL2026,14466.08,
CLM-002380,GC-002225,2026-07-18,2026-07-23,Flood/Storm Surge,Open,Y,MARISOL2026,45324.87,
CLM-002381,GC-002223,2026-07-18,2026-07-30,Wind,Open,Y,MARISOL2026,7899.52,
CLM-002382,GC-002222,2026-07-18,2026-07-19,Wind + Flood,Open,Y,MARISOL2026,21709.19,
CLM-002383,GC-002187,2026-07-18,2026-07-27,Wind,Open,Y,MARISOL2026,63927.37,
CLM-002384,GC-002188,2026-07-18,2026-07-26,Wind,Open,Y,MARISOL2026,106377.39,
CLM-002385,GC-002190,2026-07-18,2026-07-31,Wind,Open,Y,MARISOL2026,123893.42,
CLM-002386,GC-002192,2026-07-18,2026-07-18,Wind,Open,Y,MARISOL2026,1286184.51,
CLM-002387,GC-002193,2026-07-18,2026-07-28,Wind,Open,Y,MARISOL2026,120292.57,
CLM-002388,GC-002194,2026-07-18,2026-07-26,Wind,Open,Y,MARISOL2026,539595.0,
CLM-002389,GC-002197,2026-07-18,2026-07-20,Wind,Open,Y,MARISOL2026,21321.2,
CLM-002390,GC-002199,2026-07-18,2026-08-01,Wind + Flood,Open,Y,MARISOL2026,21472.75,
CLM-002391,GC-002201,2026-07-18,2026-07-25,Wind + Flood,Open,Y,MARISOL2026,112439.18,
CLM-002392,GC-002202,2026-07-18,2026-07-21,Wind + Flood,Open,Y,MARISOL2026,8223.41,
CLM-002393,GC-002203,2026-07-18,2026-07-27,Flood/Storm Surge,Open,Y,MARISOL2026,16686.02,
CLM-002394,GC-002208,2026-07-18,2026-07-25,Wind,Open,Y,MARISOL2026,272753.62,
CLM-002395,GC-002210,2026-07-18,2026-07-23,Wind,Open,Y,MARISOL2026,243132.74,
CLM-002396,GC-002218,2026-07-18,2026-07-30,Flood/Storm Surge,Open,Y,MARISOL2026,39057.08,
CLM-002397,GC-002221,2026-07-18,2026-07-26,Flood/Storm Surge,Open,Y,MARISOL2026,43886.28,
CLM-002398,GC-002277,2026-07-18,2026-07-24,Wind + Flood,Open,Y,MARISOL2026,54612.44,
CLM-002399,GC-002360,2026-07-18,2026-07-20,Wind,Open,Y,MARISOL2026,41737.63,
CLM-002400,GC-002280,2026-07-18,2026-08-02,Wind,Open,Y,MARISOL2026,20061.97,
CLM-002401,GC-002282,2026-07-18,2026-08-01,Wind,Open,Y,MARISOL2026,83977.33,
CLM-002402,GC-002324,2026-07-18,2026-07-27,Wind + Flood,Open,Y,MARISOL2026,138999.32,
CLM-002403,GC-002325,2026-07-18,2026-07-31,Wind,Open,Y,MARISOL2026,15565.64,
CLM-002404,GC-002326,2026-07-18,2026-07-30,Flood/Storm Surge,Closed,Y,MARISOL2026,61034.21,2026-07-30
CLM-002405,GC-002331,2026-07-18,2026-07-25,Wind,Open,Y,MARISOL2026,201893.28,
CLM-002406,GC-002334,2026-07-18,2026-08-01,Wind,Open,Y,MARISOL2026,70764.8,
CLM-002407,GC-002335,2026-07-18,2026-07-21,Flood/Storm Surge,Open,Y,MARISOL2026,106848.06,
CLM-002408,GC-002321,2026-07-18,2026-07-21,Flood/Storm Surge,Open,Y,MARISOL2026,9712.51,
CLM-002409,GC-002337,2026-07-18,2026-07-22,Wind + Flood,Open,Y,MARISOL2026,115762.97,
CLM-002410,GC-002342,2026-07-18,2026-08-02,Wind,Open,Y,MARISOL2026,14162.8,
CLM-002411,GC-002344,2026-07-18,2026-07-22,Wind,Closed,Y,MARISOL2026,69261.2,2026-07-24
CLM-002412,GC-002350,2026-07-18,2026-07-23,Wind + Flood,Open,Y,MARISOL2026,50663.86,
CLM-002413,GC-002351,2026-07-18,2026-07-22,Wind + Flood,Open,Y,MARISOL2026,33983.1,
CLM-002414,GC-002354,2026-07-18,2026-07-22,Wind,Open,Y,MARISOL2026,52711.69,
CLM-002415,GC-002355,2026-07-18,2026-08-12,Wind,Open,Y,MARISOL2026,10726.12,
CLM-002416,GC-002339,2026-07-18,2026-07-18,Flood/Storm Surge,Open,Y,MARISOL2026,166740.0,
CLM-002417,GC-002319,2026-07-18,2026-07-26,Wind + Flood,Open,Y,MARISOL2026,41546.57,
CLM-002418,GC-002317,2026-07-18,2026-07-22,Wind,Closed,Y,MARISOL2026,76299.87,2026-08-07
CLM-002419,GC-002308,2026-07-18,2026-07-25,Wind,Open,Y,MARISOL2026,28127.96,
CLM-002420,GC-002283,2026-07-18,2026-07-28,Wind + Flood,Open,Y,MARISOL2026,32308.64,
CLM-002421,GC-002284,2026-07-18,2026-07-23,Flood/Storm Surge,Open,Y,MARISOL2026,38630.49,
CLM-002422,GC-002285,2026-07-18,2026-07-30,Wind + Flood,Open,Y,MARISOL2026,63030.67,
CLM-002423,GC-002286,2026-07-18,2026-07-25,Wind,Open,Y,MARISOL2026,45215.68,
CLM-002424,GC-002287,2026-07-18,2026-07-20,Wind,Open,Y,MARISOL2026,43717.39,
CLM-002425,GC-002289,2026-07-18,2026-07-31,Wind,Open,Y,MARISOL2026,13351.68,
CLM-002426,GC-002290,2026-07-18,2026-07-29,Wind,Open,Y,MARISOL2026,22835.29,
CLM-002427,GC-002291,2026-07-18,2026-07-26,Wind + Flood,Open,Y,MARISOL2026,58581.21,
CLM-002428,GC-002292,2026-07-18,2026-07-22,Wind + Flood,Open,Y,MARISOL2026,24016.29,
CLM-002429,GC-002294,2026-07-18,2026-07-27,Wind,Open,Y,MARISOL2026,105495.6,
CLM-002430,GC-002296,2026-07-18,2026-08-03,Flood/Storm Surge,Open,Y,MARISOL2026,23441.75,
CLM-002431,GC-002297,2026-07-18,2026-07-20,Wind,Open,Y,MARISOL2026,18846.54,
CLM-002432,GC-002298,2026-07-18,2026-07-21,Flood/Storm Surge,Open,Y,MARISOL2026,5787.99,
CLM-002433,GC-002302,2026-07-18,2026-07-24,Flood/Storm Surge,Open,Y,MARISOL2026,9005.9,
CLM-002434,GC-002304,2026-07-18,2026-08-06,Wind,Open,Y,MARISOL2026,59598.11,
CLM-002435,GC-002281,2026-07-18,2026-08-05,Flood/Storm Surge,Open,Y,MARISOL2026,96000.97,
CLM-002436,GC-002549,2026-07-18,2026-07-23,Wind,Open,Y,MARISOL2026,5770.05,
CLM-002437,GC-002550,2026-07-18,2026-07-28,Wind,Open,Y,MARISOL2026,1455332.13,
CLM-002438,GC-002551,2026-07-18,2026-07-20,Wind + Flood,Open,Y,MARISOL2026,35809.87,
CLM-002439,GC-002790,2026-07-18,2026-07-25,Wind + Flood,Open,Y,MARISOL2026,36900.81,
CLM-002440,GC-002794,2026-07-18,2026-07-19,Wind,Open,Y,MARISOL2026,34505.78,
CLM-002441,GC-002795,2026-07-18,2026-07-20,Wind,Open,Y,MARISOL2026,63214.1,
CLM-002442,GC-002796,2026-07-18,2026-07-20,Wind + Flood,Open,Y,MARISOL2026,5618.31,
CLM-002443,GC-002798,2026-07-18,2026-07-21,Wind,Open,Y,MARISOL2026,46243.94,
CLM-002444,GC-002804,2026-07-18,2026-07-19,Wind,Open,Y,MARISOL2026,82044.15,
CLM-002445,GC-002788,2026-07-18,2026-07-31,Wind,Open,Y,MARISOL2026,9395.23,
CLM-002446,GC-002806,2026-07-18,2026-07-19,Flood/Storm Surge,Open,Y,MARISOL2026,110229.08,
CLM-002447,GC-002811,2026-07-18,2026-08-04,Flood/Storm Surge,Open,Y,MARISOL2026,58792.61,
CLM-002448,GC-002818,2026-07-18,2026-07-22,Flood/Storm Surge,Open,Y,MARISOL2026,19998.4,
CLM-002449,GC-002828,2026-07-18,2026-07-23,Flood/Storm Surge,Open,Y,MARISOL2026,87328.8,
CLM-002450,GC-002829,2026-07-18,2026-07-23,Flood/Storm Surge,Open,Y,MARISOL2026,11633.2,
CLM-002451,GC-002830,2026-07-18,2026-07-29,Wind,Open,Y,MARISOL2026,3921.3,
CLM-002452,GC-002836,2026-07-18,2026-07-26,Wind + Flood,Open,Y,MARISOL2026,35783.91,
CLM-002453,GC-002809,2026-07-18,2026-07-20,Wind,Open,Y,MARISOL2026,30938.59,
CLM-002454,GC-002787,2026-07-18,2026-08-03,Wind,Open,Y,MARISOL2026,214430.86,
CLM-002455,GC-002786,2026-07-18,2026-07-23,Wind,Open,Y,MARISOL2026,10673.57,
CLM-002456,GC-002777,2026-07-18,2026-07-28,Wind + Flood,Open,Y,MARISOL2026,201995.95,
CLM-002457,GC-002747,2026-07-18,2026-07-25,Wind + Flood,Open,Y,MARISOL2026,233833.97,
CLM-002458,GC-002749,2026-07-18,2026-07-18,Wind,Open,Y,MARISOL2026,9361.47,
CLM-002459,GC-002752,2026-07-18,2026-07-27,Wind,Open,Y,MARISOL2026,21106.72,
CLM-002460,GC-002753,2026-07-18,2026-07-20,Wind,Open,Y,MARISOL2026,24215.98,
CLM-002461,GC-002754,2026-07-18,2026-07-22,Wind,Open,Y,MARISOL2026,165236.83,
CLM-002462,GC-002758,2026-07-18,2026-07-20,Wind + Flood,Open,Y,MARISOL2026,27250.72,
CLM-002463,GC-002759,2026-07-18,2026-08-01,Wind,Open,Y,MARISOL2026,16591.06,
CLM-002464,GC-002760,2026-07-18,2026-07-22,Wind + Flood,Open,Y,MARISOL2026,8359.29,
CLM-002465,GC-002763,2026-07-18,2026-07-23,Flood/Storm Surge,Open,Y,MARISOL2026,7834.75,
CLM-002466,GC-002765,2026-07-18,2026-07-19,Wind + Flood,Open,Y,MARISOL2026,16017.89,
CLM-002467,GC-002768,2026-07-18,2026-07-26,Wind,Open,Y,MARISOL2026,100406.82,
CLM-002468,GC-002769,2026-07-18,2026-07-23,Wind,Open,Y,MARISOL2026,29528.59,
CLM-002469,GC-002773,2026-07-18,2026-07-25,Wind,Open,Y,MARISOL2026,25726.35,
CLM-002470,GC-002774,2026-07-18,2026-07-18,Wind,Open,Y,MARISOL2026,18525.12,
CLM-002471,GC-002775,2026-07-18,2026-08-05,Wind,Open,Y,MARISOL2026,3312.09,
CLM-002472,GC-002838,2026-07-18,2026-07-27,Flood/Storm Surge,Open,Y,MARISOL2026,132745.44,
CLM-002473,GC-002743,2026-07-18,2026-07-18,Flood/Storm Surge,Open,Y,MARISOL2026,19186.39,
CLM-002474,GC-002841,2026-07-18,2026-07-20,Wind + Flood,Open,Y,MARISOL2026,7475.13,
CLM-002475,GC-002844,2026-07-18,2026-07-31,Wind,Open,Y,MARISOL2026,51851.99,
CLM-002476,GC-002882,2026-07-18,2026-07-23,Wind,Open,Y,MARISOL2026,30939.25,
CLM-002477,GC-002883,2026-07-18,2026-07-30,Wind + Flood,Open,Y,MARISOL2026,15047.61,
CLM-002478,GC-002886,2026-07-18,2026-08-04,Flood/Storm Surge,Open,Y,MARISOL2026,105791.49,
CLM-002479,GC-002887,2026-07-18,2026-08-02,Wind,Open,Y,MARISOL2026,44450.87,
CLM-002480,GC-002888,2026-07-18,2026-07-23,Wind + Flood,Open,Y,MARISOL2026,127550.53,
CLM-002481,GC-002889,2026-07-18,2026-07-25,Wind + Flood,Open,Y,MARISOL2026,38712.08,
CLM-002482,GC-002879,2026-07-18,2026-08-10,,Open,Y,MARISOL2026,28826.95,
CLM-002483,GC-002890,2026-07-18,2026-07-21,Wind + Flood,Open,Y,MARISOL2026,85887.52,
CLM-002484,GC-002893,2026-07-18,2026-07-26,Wind,Open,Y,MARISOL2026,6241.78,
CLM-002485,GC-002894,2026-07-18,2026-08-11,Wind,Open,Y,MARISOL2026,17281.49,
CLM-002486,GC-002895,2026-07-18,2026-07-21,Flood/Storm Surge,Open,Y,MARISOL2026,21360.83,
CLM-002487,GC-002897,2026-07-18,2026-07-22,Flood/Storm Surge,Open,Y,MARISOL2026,28724.61,
CLM-002488,GC-002898,2026-07-18,2026-07-19,Wind + Flood,Open,Y,MARISOL2026,131767.92,
CLM-002489,GC-002901,2026-07-18,2026-07-20,Wind,Open,Y,MARISOL2026,49392.1,
CLM-002490,GC-002892,2026-07-18,2026-07-26,Wind,Open,Y,MARISOL2026,28082.83,
CLM-002491,GC-002876,2026-07-18,2026-07-20,Wind,Open,Y,MARISOL2026,31382.67,
CLM-002492,GC-002875,2026-07-18,2026-07-23,Wind,Open,Y,MARISOL2026,23574.43,
CLM-002493,GC-002873,2026-07-18,2026-07-28,Wind + Flood,Open,Y,MARISOL2026,29718.13,
CLM-002494,GC-002845,2026-07-18,2026-07-24,Wind,Open,Y,MARISOL2026,12802.73,
CLM-002495,GC-002847,2026-07-18,2026-07-18,Wind,Closed,Y,MARISOL2026,234652.94,2026-08-08
CLM-002496,GC-002851,2026-07-18,2026-08-02,Wind + Flood,Open,Y,MARISOL2026,17252.57,
CLM-002497,GC-002852,2026-07-18,2026-07-22,Wind,Open,Y,MARISOL2026,4090.29,
CLM-002498,GC-002853,2026-07-18,2026-07-20,Wind,Open,Y,MARISOL2026,68088.06,
CLM-002499,GC-002855,2026-07-18,2026-07-27,Wind + Flood,Open,Y,MARISOL2026,56847.87,
CLM-002500,GC-002859,2026-07-18,2026-07-25,Wind,Open,Y,MARISOL2026,12044.81,
CLM-002501,GC-002861,2026-07-18,2026-08-04,Flood/Storm Surge,Open,Y,MARISOL2026,192287.16,
CLM-002502,GC-002866,2026-07-18,2026-07-30,Wind,Closed,Y,MARISOL2026,71752.52,2026-08-12
CLM-002503,GC-002867,2026-07-18,2026-07-23,Wind,Open,Y,MARISOL2026,18803.83,
CLM-002504,GC-002868,2026-07-18,2026-07-21,Wind,Open,Y,MARISOL2026,25578.29,
CLM-002505,GC-002869,2026-07-18,2026-07-22,Flood/Storm Surge,Open,Y,MARISOL2026,70925.82,
CLM-002506,GC-002870,2026-07-18,2026-07-23,Wind,Open,Y,MARISOL2026,10516.15,
CLM-002507,GC-002871,2026-07-18,2026-07-21,Wind + Flood,Open,Y,MARISOL2026,76641.82,
CLM-002508,GC-002872,2026-07-18,2026-07-20,Wind + Flood,Open,Y,MARISOL2026,76807.97,
CLM-002509,GC-002842,2026-07-18,2026-07-23,Flood/Storm Surge,Open,Y,MARISOL2026,56849.49,
CLM-002510,GC-002738,2026-07-18,2026-07-21,Wind + Flood,Open,Y,MARISOL2026,48347.75,
CLM-002511,GC-002737,2026-07-18,2026-07-21,Wind,Open,Y,MARISOL2026,342352.32,
CLM-002512,GC-002723,2026-07-18,2026-07-24,Wind + Flood,Open,Y,MARISOL2026,81162.27,
CLM-002513,GC-002592,2026-07-18,2026-08-03,Wind,Open,Y,MARISOL2026,23563.43,
CLM-002514,GC-002596,2026-07-18,2026-07-23,Wind,Open,Y,MARISOL2026,19518.47,
CLM-002515,GC-002597,2026-07-18,2026-08-08,Wind,Open,Y,MARISOL2026,361095.0,
CLM-002516,GC-002603,2026-07-18,2026-07-28,Flood/Storm Surge,Open,Y,MARISOL2026,118186.03,
CLM-002517,GC-002604,2026-07-18,2026-07-23,Wind + Flood,Open,Y,MARISOL2026,69770.22,
CLM-002518,GC-002606,2026-07-18,2026-07-20,Wind + Flood,Open,Y,MARISOL2026,52667.67,
CLM-002519,GC-002589,2026-07-18,2026-07-31,Flood/Storm Surge,Open,Y,MARISOL2026,276728.88,
CLM-002520,GC-002607,2026-07-18,2026-07-28,Wind,Open,Y,MARISOL2026,82118.96,
CLM-002521,GC-002610,2026-07-18,2026-07-27,Wind,Open,Y,MARISOL2026,74115.33,
CLM-002522,GC-002612,2026-07-18,2026-07-29,Wind + Flood,Open,Y,MARISOL2026,437547.86,
CLM-002523,GC-002613,2026-07-18,2026-07-22,Wind,Open,Y,MARISOL2026,57193.53,
CLM-002524,GC-002614,2026-07-18,2026-07-29,Wind,Open,Y,MARISOL2026,21581.5,
CLM-002525,GC-002615,2026-07-18,2026-07-25,Wind,Open,Y,MARISOL2026,56958.16,
CLM-002526,GC-002616,2026-07-18,2026-07-26,Flood/Storm Surge,Open,Y,MARISOL2026,346286.88,
CLM-002527,GC-002609,2026-07-18,2026-08-03,Wind + Flood,Open,Y,MARISOL2026,30775.62,
CLM-002528,GC-002587,2026-07-18,2026-07-26,Wind + Flood,Open,Y,MARISOL2026,16297.79,
CLM-002529,GC-002586,2026-07-18,2026-07-24,Flood/Storm Surge,Open,Y,MARISOL2026,77384.04,
CLM-002530,GC-002585,2026-07-18,2026-07-19,Wind,Open,Y,MARISOL2026,207005.87,
CLM-002531,GC-002552,2026-07-18,2026-07-19,Wind,Open,Y,MARISOL2026,28922.49,
CLM-002532,GC-002555,2026-07-18,2026-07-20,Wind,Open,Y,MARISOL2026,59996.78,
CLM-002533,GC-002556,2026-07-18,2026-07-22,Flood/Storm Surge,Open,Y,MARISOL2026,125490.01,
CLM-002534,GC-002557,2026-07-18,2026-07-28,Wind,Open,Y,MARISOL2026,1482495.0,
CLM-002535,GC-002558,2026-07-18,2026-07-21,Wind + Flood,Open,Y,MARISOL2026,16855.42,
CLM-002536,GC-002561,2026-07-18,2026-07-19,Wind,Open,Y,MARISOL2026,32209.02,
CLM-002537,GC-002563,2026-07-18,2026-08-01,Wind,Open,Y,MARISOL2026,16328.18,
CLM-002538,GC-002564,2026-07-18,2026-07-27,Wind,Open,Y,MARISOL2026,28488.65,
CLM-002539,GC-002566,2026-07-18,2026-07-20,Flood/Storm Surge,Open,Y,MARISOL2026,207518.38,
CLM-002540,GC-002573,2026-07-18,2026-07-21,Wind + Flood,Open,Y,MARISOL2026,62862.77,
CLM-002541,GC-002574,2026-07-18,2026-07-25,Wind,Open,Y,MARISOL2026,32288.0,
CLM-002542,GC-002575,2026-07-18,2026-07-19,Wind,Closed,Y,MARISOL2026,19697.61,2026-07-30
CLM-002543,GC-002580,2026-07-18,2026-07-29,Flood/Storm Surge,Open,Y,MARISOL2026,36017.68,
CLM-002544,GC-002581,2026-07-18,2026-07-28,Wind + Flood,Open,Y,MARISOL2026,78362.93,
CLM-002545,GC-002583,2026-07-18,2026-07-23,Wind,Open,Y,MARISOL2026,7968.02,
CLM-002546,GC-002621,2026-07-18,2026-08-09,Wind,Open,Y,MARISOL2026,13016.64,
CLM-002547,GC-002623,2026-07-18,2026-07-23,Wind,Closed,Y,MARISOL2026,15061.92,2026-07-31
CLM-002548,GC-002624,2026-07-18,2026-07-26,Wind + Flood,Open,Y,MARISOL2026,7065.86,
CLM-002549,GC-002632,2026-07-18,2026-08-02,Wind,Open,Y,MARISOL2026,11952.82,
CLM-002550,GC-002683,2026-07-18,2026-07-22,Wind,Open,Y,MARISOL2026,15163.76,
CLM-002551,GC-002689,2026-07-18,2026-07-24,Wind,Open,Y,MARISOL2026,2148.73,
CLM-002552,GC-002690,2026-07-18,2026-07-30,Wind,Open,Y,MARISOL2026,24198.0,
CLM-002553,GC-002694,2026-07-18,2026-07-27,Wind,Open,Y,MARISOL2026,192420.06,
CLM-002554,GC-002695,2026-07-18,2026-07-21,Wind,Open,Y,MARISOL2026,69998.19,
CLM-002555,GC-002700,2026-07-18,2026-07-23,Wind,Open,Y,MARISOL2026,33511.65,
CLM-002556,GC-002701,2026-07-18,2026-08-05,Wind,Open,Y,MARISOL2026,29833.93,
CLM-002557,GC-002707,2026-07-18,2026-07-22,Wind,Open,Y,MARISOL2026,203969.83,
CLM-002558,GC-002709,2026-07-18,2026-07-27,Wind,Open,Y,MARISOL2026,28956.73,
CLM-002559,GC-002711,2026-07-18,2026-08-17,,Open,Y,MARISOL2026,54820.3,
CLM-002560,GC-002712,2026-07-18,2026-07-25,Wind,Open,Y,MARISOL2026,39611.92,
CLM-002561,GC-002713,2026-07-18,2026-07-29,Wind + Flood,Open,Y,MARISOL2026,78916.77,
CLM-002562,GC-002714,2026-07-18,2026-07-23,Flood/Storm Surge,Open,Y,MARISOL2026,24110.15,
CLM-002563,GC-002718,2026-07-18,2026-07-21,Flood/Storm Surge,Open,Y,MARISOL2026,19964.65,
CLM-002564,GC-002721,2026-07-18,2026-08-01,Wind,Open,Y,MARISOL2026,62854.21,
CLM-002565,GC-002682,2026-07-18,2026-07-20,Wind,Open,Y,MARISOL2026,185844.02,
CLM-002566,GC-002185,2026-07-18,2026-07-22,Wind,Open,Y,MARISOL2026,39136.87,
CLM-002567,GC-002679,2026-07-18,2026-07-21,Wind,Open,Y,MARISOL2026,22167.02,
CLM-002568,GC-002667,2026-07-18,2026-07-24,Wind,Open,Y,MARISOL2026,32890.0,
CLM-002569,GC-002636,2026-07-18,2026-07-18,Wind,Open,Y,MARISOL2026,50366.33,
CLM-002570,GC-002637,2026-07-18,2026-07-22,Wind,Open,Y,MARISOL2026,13231.3,
CLM-002571,GC-002638,2026-07-18,2026-07-28,Wind,Open,Y,MARISOL2026,189192.04,
CLM-002572,GC-002639,2026-07-18,2026-07-22,Flood/Storm Surge,Open,Y,MARISOL2026,24335.06,
CLM-002573,GC-002641,2026-07-18,2026-07-21,Wind + Flood,Open,Y,MARISOL2026,110710.91,
CLM-002574,GC-002643,2026-07-18,2026-07-28,Wind + Flood,Open,Y,MARISOL2026,8596.57,
CLM-002575,GC-002647,2026-07-18,2026-07-19,Wind + Flood,Open,Y,MARISOL2026,36816.91,
CLM-002576,GC-002650,2026-07-18,2026-07-19,Flood/Storm Surge,Open,Y,MARISOL2026,53561.81,
CLM-002577,GC-002651,2026-07-18,2026-07-25,Wind + Flood,Open,Y,MARISOL2026,5663.37,
CLM-002578,GC-002655,2026-07-18,2026-07-26,Flood/Storm Surge,Open,Y,MARISOL2026,81107.28,
CLM-002579,GC-002656,2026-07-18,2026-07-29,Wind,Open,Y,MARISOL2026,34000.12,
CLM-002580,GC-002658,2026-07-18,2026-07-28,Wind + Flood,Open,Y,MARISOL2026,149616.93,
CLM-002581,GC-002662,2026-07-18,2026-07-27,Wind,Open,Y,MARISOL2026,88765.54,
CLM-002582,GC-002664,2026-07-18,2026-07-23,Wind + Flood,Open,Y,MARISOL2026,9025.35,
CLM-002583,GC-002666,2026-07-18,2026-07-19,Wind,Open,Y,MARISOL2026,190917.86,
CLM-002584,GC-002673,2026-07-18,2026-07-21,Wind,Open,Y,MARISOL2026,194706.41,
CLM-002585,GC-002183,2026-07-18,2026-07-26,Flood/Storm Surge,Open,Y,MARISOL2026,61705.08,
CLM-002586,GC-002177,2026-07-18,2026-07-22,Wind,Open,Y,MARISOL2026,50617.52,
CLM-002587,GC-002174,2026-07-18,2026-07-24,Wind + Flood,Open,Y,MARISOL2026,11706.91,
CLM-002588,GC-001661,2026-07-18,2026-07-21,Wind,Open,Y,MARISOL2026,51468.55,
CLM-002589,GC-001662,2026-07-18,2026-07-26,Flood/Storm Surge,Open,Y,MARISOL2026,42845.0,
CLM-002590,GC-001663,2026-07-18,2026-07-29,Wind,Open,Y,MARISOL2026,7238.56,
CLM-002591,GC-001664,2026-07-18,2026-07-20,Wind,Open,Y,MARISOL2026,28343.03,
CLM-002592,GC-001679,2026-07-18,2026-08-12,,Open,Y,MARISOL2026,340209.31,
CLM-002593,GC-001686,2026-07-18,2026-07-26,Wind,Open,Y,MARISOL2026,132544.87,
CLM-002594,GC-001657,2026-07-18,2026-07-19,Wind,Open,Y,MARISOL2026,45647.45,
CLM-002595,GC-001687,2026-07-18,2026-07-24,Wind,Open,Y,MARISOL2026,2958.24,
CLM-002596,GC-001690,2026-07-18,2026-07-20,Wind,Open,Y,MARISOL2026,36408.24,
CLM-002597,GC-001691,2026-07-18,2026-07-31,Wind + Flood,Open,Y,MARISOL2026,12643.26,
CLM-002598,GC-001696,2026-07-18,2026-07-23,Wind,Open,Y,MARISOL2026,26344.6,
CLM-002599,GC-001697,2026-07-18,2026-07-31,Flood/Storm Surge,Open,Y,MARISOL2026,820126.85,
CLM-002600,GC-001699,2026-07-18,2026-07-28,Wind,Open,Y,MARISOL2026,6020.94,
CLM-002601,GC-001704,2026-07-18,2026-07-23,Wind,Open,Y,MARISOL2026,27548.05,
CLM-002602,GC-001689,2026-07-18,2026-07-25,Wind,Open,Y,MARISOL2026,115485.35,
CLM-002603,GC-001656,2026-07-18,2026-07-26,Wind + Flood,Open,Y,MARISOL2026,13801.25,
CLM-002604,GC-001653,2026-07-18,2026-08-07,Wind + Flood,Open,Y,MARISOL2026,10529.82,
CLM-002605,GC-001650,2026-07-18,2026-07-20,Flood/Storm Surge,Open,Y,MARISOL2026,55362.03,
CLM-002606,GC-001624,2026-07-18,2026-07-18,Wind + Flood,Open,Y,MARISOL2026,22285.93,
CLM-002607,GC-001626,2026-07-18,2026-07-21,Wind + Flood,Open,Y,MARISOL2026,251834.25,
CLM-002608,GC-001628,2026-07-18,2026-07-24,Flood/Storm Surge,Open,Y,MARISOL2026,44050.24,
CLM-002609,GC-001630,2026-07-18,2026-07-18,Wind,Open,Y,MARISOL2026,8696.54,
CLM-002610,GC-001631,2026-07-18,2026-07-20,Wind + Flood,Open,Y,MARISOL2026,142189.41,
CLM-002611,GC-001634,2026-07-18,2026-07-27,Wind,Open,Y,MARISOL2026,41304.13,
CLM-002612,GC-001636,2026-07-18,2026-07-20,Wind,Open,Y,MARISOL2026,67005.64,
CLM-002613,GC-001638,2026-07-18,2026-07-30,Wind,Open,Y,MARISOL2026,12279.15,
CLM-002614,GC-001640,2026-07-18,2026-08-04,Wind + Flood,Open,Y,MARISOL2026,11527.72,
CLM-002615,GC-001642,2026-07-18,2026-07-21,Wind,Open,Y,MARISOL2026,93405.26,
CLM-002616,GC-001643,2026-07-18,2026-07-27,Flood/Storm Surge,Open,Y,MARISOL2026,148940.6,
CLM-002617,GC-001644,2026-07-18,2026-07-19,Wind,Open,Y,MARISOL2026,35617.68,
CLM-002618,GC-001645,2026-07-18,2026-07-20,Wind,Open,Y,MARISOL2026,39616.42,
CLM-002619,GC-001647,2026-07-18,2026-07-26,Wind,Open,Y,MARISOL2026,20856.11,
CLM-002620,GC-001648,2026-07-18,2026-07-25,Wind,Open,Y,MARISOL2026,50596.43,
CLM-002621,GC-001705,2026-07-18,2026-07-23,Wind,Open,Y,MARISOL2026,36710.98,
CLM-002622,GC-001621,2026-07-18,2026-07-20,Wind,Open,Y,MARISOL2026,43678.64,
CLM-002623,GC-001706,2026-07-18,2026-07-21,Flood/Storm Surge,Open,Y,MARISOL2026,28498.65,
CLM-002624,GC-001712,2026-07-18,2026-07-28,Wind,Open,Y,MARISOL2026,18774.92,
CLM-002625,GC-001764,2026-07-18,2026-08-03,Wind + Flood,Open,Y,MARISOL2026,77775.37,
CLM-002626,GC-001765,2026-07-18,2026-07-26,Flood/Storm Surge,Open,Y,MARISOL2026,26028.76,
CLM-002627,GC-001766,2026-07-18,2026-07-23,Wind,Open,Y,MARISOL2026,446847.55,
CLM-002628,GC-001768,2026-07-18,2026-07-29,Flood/Storm Surge,Open,Y,MARISOL2026,57292.81,
CLM-002629,GC-001771,2026-07-18,2026-07-22,Wind,Open,Y,MARISOL2026,15260.65,
CLM-002630,GC-001773,2026-07-18,2026-07-25,Wind,Open,Y,MARISOL2026,443414.52,
CLM-002631,GC-001759,2026-07-18,2026-08-03,Wind + Flood,Open,Y,MARISOL2026,19435.29,
CLM-002632,GC-001774,2026-07-18,2026-07-31,Wind,Open,Y,MARISOL2026,42502.17,
CLM-002633,GC-001779,2026-07-18,2026-07-20,Wind,Open,Y,MARISOL2026,9743.87,
CLM-002634,GC-001780,2026-07-18,2026-07-27,Wind + Flood,Open,Y,MARISOL2026,261790.36,
CLM-002635,GC-001781,2026-07-18,2026-07-23,Wind,Open,Y,MARISOL2026,22340.59,
CLM-002636,GC-001782,2026-07-18,2026-07-27,Wind,Open,Y,MARISOL2026,13878.87,
CLM-002637,GC-001784,2026-07-18,2026-07-22,Wind,Open,Y,MARISOL2026,36813.31,
CLM-002638,GC-001789,2026-07-18,2026-07-24,Wind + Flood,Open,Y,MARISOL2026,41408.62,
CLM-002639,GC-001778,2026-07-18,2026-07-21,Wind,Open,Y,MARISOL2026,15399.28,
CLM-002640,GC-001755,2026-07-18,2026-08-12,,Open,Y,MARISOL2026,62275.79,
CLM-002641,GC-001751,2026-07-18,2026-07-19,Flood/Storm Surge,Open,Y,MARISOL2026,70356.41,
CLM-002642,GC-001749,2026-07-18,2026-07-19,Wind + Flood,Open,Y,MARISOL2026,26520.76,
CLM-002643,GC-001713,2026-07-18,2026-07-25,Wind + Flood,Open,Y,MARISOL2026,27830.77,
CLM-002644,GC-001716,2026-07-18,2026-07-26,Wind,Open,Y,MARISOL2026,44051.62,
CLM-002645,GC-001717,2026-07-18,2026-07-28,Wind,Open,Y,MARISOL2026,80187.28,
CLM-002646,GC-001723,2026-07-18,2026-07-22,Wind,Open,Y,MARISOL2026,130166.44,
CLM-002647,GC-001724,2026-07-18,2026-07-22,Wind,Open,Y,MARISOL2026,19169.58,
CLM-002648,GC-001725,2026-07-18,2026-08-01,Wind,Open,Y,MARISOL2026,104036.91,
CLM-002649,GC-001728,2026-07-18,2026-07-19,Wind,Open,Y,MARISOL2026,39272.09,
CLM-002650,GC-001729,2026-07-18,2026-07-24,Wind,Open,Y,MARISOL2026,112083.8,
CLM-002651,GC-001732,2026-07-18,2026-08-10,,Open,Y,MARISOL2026,33489.78,
CLM-002652,GC-001733,2026-07-18,2026-07-20,Wind,Open,Y,MARISOL2026,14122.6,
CLM-002653,GC-001736,2026-07-18,2026-07-23,Wind,Open,Y,MARISOL2026,7561.86,
CLM-002654,GC-001739,2026-07-18,2026-07-26,Wind + Flood,Open,Y,MARISOL2026,339914.46,
CLM-002655,GC-001742,2026-07-18,2026-07-19,Wind,Open,Y,MARISOL2026,37522.87,
CLM-002656,GC-001746,2026-07-18,2026-08-10,Wind,Open,Y,MARISOL2026,158533.09,
CLM-002657,GC-001747,2026-07-18,2026-07-23,Wind,Open,Y,MARISOL2026,32016.93,
CLM-002658,GC-001710,2026-07-18,2026-07-27,Wind + Flood,Open,Y,MARISOL2026,31610.21,
CLM-002659,GC-001620,2026-07-18,2026-07-24,Flood/Storm Surge,Open,Y,MARISOL2026,23586.16,
CLM-002660,GC-001619,2026-07-18,2026-07-26,Flood/Storm Surge,Open,Y,MARISOL2026,16288.28,
CLM-002661,GC-001617,2026-07-18,2026-07-27,Wind,Open,Y,MARISOL2026,20167.17,
CLM-002662,GC-001507,2026-07-18,2026-07-24,Wind,Open,Y,MARISOL2026,66274.89,
CLM-002663,GC-001510,2026-07-18,2026-07-19,Wind,Open,Y,MARISOL2026,21410.77,
CLM-002664,GC-001513,2026-07-18,2026-08-02,Wind + Flood,Open,Y,MARISOL2026,23367.93,
CLM-002665,GC-001514,2026-07-18,2026-07-31,Flood/Storm Surge,Open,Y,MARISOL2026,7637.3,
CLM-002666,GC-001517,2026-07-18,2026-07-24,Flood/Storm Surge,Open,Y,MARISOL2026,69864.49,
CLM-002667,GC-001518,2026-07-18,2026-07-23,Wind,Open,Y,MARISOL2026,23624.82,
CLM-002668,GC-001503,2026-07-18,2026-07-24,Wind,Open,Y,MARISOL2026,30010.71,
CLM-002669,GC-001519,2026-07-18,2026-07-25,Wind,Closed,Y,MARISOL2026,30266.36,2026-08-09
CLM-002670,GC-001526,2026-07-18,2026-07-19,Wind,Open,Y,MARISOL2026,292400.88,
CLM-002671,GC-001527,2026-07-18,2026-07-24,Wind,Open,Y,MARISOL2026,175362.99,
CLM-002672,GC-001528,2026-07-18,2026-07-27,Wind + Flood,Open,Y,MARISOL2026,55307.81,
CLM-002673,GC-001529,2026-07-18,2026-07-28,Wind,Open,Y,MARISOL2026,47540.23,
CLM-002674,GC-001530,2026-07-18,2026-07-27,Flood/Storm Surge,Open,Y,MARISOL2026,54708.59,
CLM-002675,GC-001531,2026-07-18,2026-07-20,Wind,Open,Y,MARISOL2026,140357.05,
CLM-002676,GC-001520,2026-07-18,2026-08-04,Flood/Storm Surge,Open,Y,MARISOL2026,76170.2,
CLM-002677,GC-001501,2026-07-18,2026-07-23,Flood/Storm Surge,Open,Y,MARISOL2026,19193.27,
CLM-002678,GC-001499,2026-07-18,2026-07-19,Wind,Open,Y,MARISOL2026,68300.36,
CLM-002679,GC-001497,2026-07-18,2026-07-31,Wind,Open,Y,MARISOL2026,79127.05,
CLM-002680,GC-001458,2026-07-18,2026-08-02,Wind,Open,Y,MARISOL2026,115595.24,
CLM-002681,GC-001460,2026-07-18,2026-08-04,Wind + Flood,Open,Y,MARISOL2026,465927.47,
CLM-002682,GC-001464,2026-07-18,2026-07-29,Wind,Open,Y,MARISOL2026,30551.75,
CLM-002683,GC-001472,2026-07-18,2026-07-20,Wind,Open,Y,MARISOL2026,146682.37,
CLM-002684,GC-001474,2026-07-18,2026-07-23,Flood/Storm Surge,Open,Y,MARISOL2026,30922.24,
CLM-002685,GC-001475,2026-07-18,2026-07-22,Wind + Flood,Open,Y,MARISOL2026,117718.05,
CLM-002686,GC-001476,2026-07-18,2026-07-23,Wind,Open,Y,MARISOL2026,9393.72,
CLM-002687,GC-001477,2026-07-18,2026-07-28,Wind + Flood,Open,Y,MARISOL2026,15547.34,
CLM-002688,GC-001480,2026-07-18,2026-07-24,Wind + Flood,Open,Y,MARISOL2026,21709.7,
CLM-002689,GC-001487,2026-07-18,2026-07-20,Wind,Closed,Y,MARISOL2026,25366.05,2026-08-10
CLM-002690,GC-001489,2026-07-18,2026-07-28,Wind,Open,Y,MARISOL2026,22129.19,
CLM-002691,GC-001492,2026-07-18,2026-07-25,Flood/Storm Surge,Open,Y,MARISOL2026,58785.12,
CLM-002692,GC-001493,2026-07-18,2026-07-20,Wind,Open,Y,MARISOL2026,29575.14,
CLM-002693,GC-001495,2026-07-18,2026-07-21,Flood/Storm Surge,Open,Y,MARISOL2026,38187.8,
CLM-002694,GC-001496,2026-07-18,2026-07-21,Flood/Storm Surge,Open,Y,MARISOL2026,31335.94,
CLM-002695,GC-001534,2026-07-18,2026-07-26,Wind + Flood,Open,Y,MARISOL2026,23887.43,
CLM-002696,GC-001535,2026-07-18,2026-07-25,Wind,Open,Y,MARISOL2026,102298.62,
CLM-002697,GC-001538,2026-07-18,2026-08-03,Wind,Open,Y,MARISOL2026,24493.55,
CLM-002698,GC-001541,2026-07-18,2026-07-25,Wind,Open,Y,MARISOL2026,12898.72,
CLM-002699,GC-001589,2026-07-18,2026-07-30,Flood/Storm Surge,Open,Y,MARISOL2026,14813.62,
CLM-002700,GC-001590,2026-07-18,2026-07-22,Flood/Storm Surge,Open,Y,MARISOL2026,771110.67,
CLM-002701,GC-001591,2026-07-18,2026-07-20,Wind,Open,Y,MARISOL2026,172338.51,
CLM-002702,GC-001594,2026-07-18,2026-08-05,Flood/Storm Surge,Open,Y,MARISOL2026,10173.02,
CLM-002703,GC-001595,2026-07-18,2026-07-26,Wind,Open,Y,MARISOL2026,15000.75,
CLM-002704,GC-001596,2026-07-18,2026-07-18,Wind + Flood,Open,Y,MARISOL2026,56409.65,
CLM-002705,GC-001597,2026-07-18,2026-07-19,Wind + Flood,Open,Y,MARISOL2026,62487.87,
CLM-002706,GC-001600,2026-07-18,2026-08-02,Wind + Flood,Open,Y,MARISOL2026,10782.28,
CLM-002707,GC-001602,2026-07-18,2026-07-18,Wind,Open,Y,MARISOL2026,18133.69,
CLM-002708,GC-001604,2026-07-18,2026-08-10,Wind,Open,Y,MARISOL2026,38446.63,
CLM-002709,GC-001605,2026-07-18,2026-07-23,Wind,Open,Y,MARISOL2026,6281.82,
CLM-002710,GC-001610,2026-07-18,2026-07-20,Wind,Open,Y,MARISOL2026,66546.86,
CLM-002711,GC-001611,2026-07-18,2026-07-29,Wind,Open,Y,MARISOL2026,63174.87,
CLM-002712,GC-001614,2026-07-18,2026-07-22,Wind,Open,Y,MARISOL2026,94365.09,
CLM-002713,GC-001615,2026-07-18,2026-07-21,Wind + Flood,Open,Y,MARISOL2026,7933.04,
CLM-002714,GC-001585,2026-07-18,2026-07-19,Wind,Open,Y,MARISOL2026,6706.1,
CLM-002715,GC-001790,2026-07-18,2026-07-18,Flood/Storm Surge,Open,Y,MARISOL2026,30254.45,
CLM-002716,GC-001584,2026-07-18,2026-07-25,Flood/Storm Surge,Open,Y,MARISOL2026,25916.37,
CLM-002717,GC-001578,2026-07-18,2026-07-23,Wind,Open,Y,MARISOL2026,94783.93,
CLM-002718,GC-001542,2026-07-18,2026-07-22,Flood/Storm Surge,Open,Y,MARISOL2026,21481.75,
CLM-002719,GC-001543,2026-07-18,2026-07-21,Wind,Open,Y,MARISOL2026,216510.0,
CLM-002720,GC-001545,2026-07-18,2026-07-26,Wind,Open,Y,MARISOL2026,52107.08,
CLM-002721,GC-001546,2026-07-18,2026-07-20,Wind,Open,Y,MARISOL2026,7382.03,
CLM-002722,GC-001547,2026-07-18,2026-07-22,Wind,Open,Y,MARISOL2026,134029.36,
CLM-002723,GC-001551,2026-07-18,2026-07-24,Flood/Storm Surge,Open,Y,MARISOL2026,340718.98,
CLM-002724,GC-001555,2026-07-18,2026-07-25,Wind + Flood,Open,Y,MARISOL2026,7206.76,
CLM-002725,GC-001558,2026-07-18,2026-07-22,Flood/Storm Surge,Open,Y,MARISOL2026,35403.16,
CLM-002726,GC-001560,2026-07-18,2026-07-23,Wind,Open,Y,MARISOL2026,276462.76,
CLM-002727,GC-001565,2026-07-18,2026-07-23,Flood/Storm Surge,Open,Y,MARISOL2026,24968.69,
CLM-002728,GC-001566,2026-07-18,2026-07-31,Wind,Open,Y,MARISOL2026,13290.12,
CLM-002729,GC-001567,2026-07-18,2026-08-01,Flood/Storm Surge,Open,Y,MARISOL2026,35861.41,
CLM-002730,GC-001568,2026-07-18,2026-07-24,Flood/Storm Surge,Open,Y,MARISOL2026,234188.67,
CLM-002731,GC-001573,2026-07-18,2026-07-21,Wind + Flood,Open,Y,MARISOL2026,14612.01,
CLM-002732,GC-001576,2026-07-18,2026-07-20,Wind,Open,Y,MARISOL2026,48194.13,
CLM-002733,GC-001582,2026-07-18,2026-07-22,Flood/Storm Surge,Open,Y,MARISOL2026,36153.56,
CLM-002734,GC-001453,2026-07-18,2026-07-20,Wind,Open,Y,MARISOL2026,16861.0,
CLM-002735,GC-001791,2026-07-18,2026-07-20,Wind + Flood,Open,Y,MARISOL2026,34886.03,
CLM-002736,GC-001795,2026-07-18,2026-08-06,Wind + Flood,Open,Y,MARISOL2026,13202.96,
CLM-002737,GC-002034,2026-07-18,2026-07-27,Wind + Flood,Open,Y,MARISOL2026,121468.45,
CLM-002738,GC-002037,2026-07-18,2026-07-25,Wind,Open,Y,MARISOL2026,22517.58,
CLM-002739,GC-002040,2026-07-18,2026-07-24,Wind,Open,Y,MARISOL2026,205584.82,
CLM-002740,GC-002041,2026-07-18,2026-07-19,Wind + Flood,Open,Y,MARISOL2026,49055.49,
CLM-002741,GC-002044,2026-07-18,2026-08-10,Wind,Closed,Y,MARISOL2026,116760.0,2026-08-09
CLM-002742,GC-002045,2026-07-18,2026-07-25,Wind,Open,Y,MARISOL2026,128113.66,
CLM-002743,GC-002032,2026-07-18,2026-07-24,Wind,Open,Y,MARISOL2026,37837.72,
CLM-002744,GC-002049,2026-07-18,2026-07-22,Flood/Storm Surge,Open,Y,MARISOL2026,2340.97,
CLM-002745,GC-002056,2026-07-18,2026-07-25,Wind,Open,Y,MARISOL2026,21502.22,
CLM-002746,GC-002059,2026-07-18,2026-07-27,Wind,Open,Y,MARISOL2026,29829.98,
CLM-002747,GC-002060,2026-07-18,2026-07-22,Flood/Storm Surge,Open,Y,MARISOL2026,133986.81,
CLM-002748,GC-002064,2026-07-18,2026-07-21,Wind + Flood,Open,Y,MARISOL2026,57787.92,
CLM-002749,GC-002068,2026-07-18,2026-07-22,Wind + Flood,Open,Y,MARISOL2026,47418.51,
CLM-002750,GC-002073,2026-07-18,2026-07-29,Flood/Storm Surge,Open,Y,MARISOL2026,29009.12,
CLM-002751,GC-002051,2026-07-18,2026-07-24,Wind,Open,Y,MARISOL2026,33442.0,
CLM-002752,GC-002029,2026-07-18,2026-07-27,Wind,Open,Y,MARISOL2026,21371.05,
CLM-002753,GC-002028,2026-07-18,2026-07-21,Wind + Flood,Open,Y,MARISOL2026,31576.8,
CLM-002754,GC-002026,2026-07-18,2026-07-22,Wind,Open,Y,MARISOL2026,389153.88,
CLM-002755,GC-001988,2026-07-18,2026-07-21,Wind + Flood,Open,Y,MARISOL2026,34130.97,
CLM-002756,GC-001994,2026-07-18,2026-07-21,Flood/Storm Surge,Open,Y,MARISOL2026,109500.14,
CLM-002757,GC-001996,2026-07-18,2026-07-30,Wind,Open,Y,MARISOL2026,22590.86,
CLM-002758,GC-001997,2026-07-18,2026-07-30,Wind,Open,Y,MARISOL2026,30666.13,
CLM-002759,GC-001998,2026-07-18,2026-07-20,Wind + Flood,Open,Y,MARISOL2026,2715.1,
CLM-002760,GC-001999,2026-07-18,2026-07-25,Wind,Open,Y,MARISOL2026,35513.34,
CLM-002761,GC-002003,2026-07-18,2026-07-22,Wind,Open,Y,MARISOL2026,80780.23,
CLM-002762,GC-002004,2026-07-18,2026-07-20,Wind,Open,Y,MARISOL2026,26745.37,
CLM-002763,GC-002008,2026-07-18,2026-07-22,Flood/Storm Surge,Open,Y,MARISOL2026,30096.92,
CLM-002764,GC-002009,2026-07-18,2026-08-01,Wind,Open,Y,MARISOL2026,65220.28,
CLM-002765,GC-002014,2026-07-18,2026-07-24,Flood/Storm Surge,Open,Y,MARISOL2026,10100.23,
CLM-002766,GC-002017,2026-07-18,2026-07-20,Wind,Open,Y,MARISOL2026,8096.54,
CLM-002767,GC-002018,2026-07-18,2026-07-25,Wind,Open,Y,MARISOL2026,48561.96,
CLM-002768,GC-002020,2026-07-18,2026-07-23,Wind,Open,Y,MARISOL2026,27983.42,
CLM-002769,GC-002021,2026-07-18,2026-07-24,Wind + Flood,Open,Y,MARISOL2026,23251.03,
CLM-002770,GC-002078,2026-07-18,2026-08-01,Wind,Open,Y,MARISOL2026,380483.05,
CLM-002771,GC-001987,2026-07-18,2026-07-25,Flood/Storm Surge,Open,Y,MARISOL2026,515909.35,
CLM-002772,GC-002079,2026-07-18,2026-07-21,Wind,Open,Y,MARISOL2026,74632.58,
CLM-002773,GC-002086,2026-07-18,2026-08-03,Wind,Open,Y,MARISOL2026,31757.49,
CLM-002774,GC-002145,2026-07-18,2026-07-24,Wind + Flood,Open,Y,MARISOL2026,31204.6,
CLM-002775,GC-002146,2026-07-18,2026-07-28,Wind,Open,Y,MARISOL2026,22753.23,
CLM-002776,GC-002150,2026-07-18,2026-07-26,Wind,Open,Y,MARISOL2026,12320.03,
CLM-002777,GC-002152,2026-07-18,2026-07-23,Wind,Open,Y,MARISOL2026,114426.28,
CLM-002778,GC-002154,2026-07-18,2026-08-09,Wind,Open,Y,MARISOL2026,6928.6,
CLM-002779,GC-002156,2026-07-18,2026-07-28,Flood/Storm Surge,Open,Y,MARISOL2026,168695.03,
CLM-002780,GC-002144,2026-07-18,2026-07-26,Flood/Storm Surge,Open,Y,MARISOL2026,363871.68,
CLM-002781,GC-002160,2026-07-18,2026-07-20,Flood/Storm Surge,Open,Y,MARISOL2026,90326.74,
CLM-002782,GC-002162,2026-07-18,2026-07-23,Wind,Open,Y,MARISOL2026,123195.89,
CLM-002783,GC-002165,2026-07-18,2026-07-24,Wind,Open,Y,MARISOL2026,34700.19,
CLM-002784,GC-002166,2026-07-18,2026-08-04,Wind + Flood,Open,Y,MARISOL2026,8979.67,
CLM-002785,GC-002168,2026-07-18,2026-07-23,Wind,Closed,Y,MARISOL2026,54357.3,2026-07-31
CLM-002786,GC-002171,2026-07-18,2026-07-19,Wind + Flood,Closed,Y,MARISOL2026,43658.97,2026-08-08
CLM-002787,GC-002172,2026-07-18,2026-07-24,Wind,Open,Y,MARISOL2026,10360.03,
CLM-002788,GC-002161,2026-07-18,2026-07-22,Wind,Open,Y,MARISOL2026,164568.56,
CLM-002789,GC-002142,2026-07-18,2026-08-16,Wind,Open,Y,MARISOL2026,53493.47,
CLM-002790,GC-002139,2026-07-18,2026-07-26,Wind,Open,Y,MARISOL2026,41303.07,
CLM-002791,GC-002136,2026-07-18,2026-07-25,Wind,Open,Y,MARISOL2026,75215.92,
CLM-002792,GC-002089,2026-07-18,2026-07-19,Wind,Open,Y,MARISOL2026,10798.32,
CLM-002793,GC-002095,2026-07-18,2026-07-24,Wind + Flood,Open,Y,MARISOL2026,9890.62,
CLM-002794,GC-002097,2026-07-18,2026-07-26,Wind,Open,Y,MARISOL2026,47257.64,
CLM-002795,GC-002099,2026-07-18,2026-07-23,Wind + Flood,Open,Y,MARISOL2026,72170.97,
CLM-002796,GC-002105,2026-07-18,2026-07-24,Wind,Open,Y,MARISOL2026,7105.4,
CLM-002797,GC-002107,2026-07-18,2026-07-20,Wind,Open,Y,MARISOL2026,23706.13,
CLM-002798,GC-002109,2026-07-18,2026-07-24,Wind,Open,Y,MARISOL2026,11720.6,
CLM-002799,GC-002111,2026-07-18,2026-07-23,Wind,Open,Y,MARISOL2026,3884.24,
CLM-002800,GC-002114,2026-07-18,2026-07-26,Wind + Flood,Closed,Y,MARISOL2026,13023.8,2026-07-26
CLM-002801,GC-002116,2026-07-18,2026-07-25,Wind + Flood,Open,Y,MARISOL2026,29259.06,
CLM-002802,GC-002118,2026-07-18,2026-07-25,Wind,Open,Y,MARISOL2026,78637.81,
CLM-002803,GC-002122,2026-07-18,2026-08-03,Wind,Open,Y,MARISOL2026,13318.52,
CLM-002804,GC-002126,2026-07-18,2026-07-27,Wind,Open,Y,MARISOL2026,43588.7,
CLM-002805,GC-002133,2026-07-18,2026-07-26,Wind + Flood,Open,Y,MARISOL2026,198360.44,
CLM-002806,GC-002134,2026-07-18,2026-07-24,Wind,Open,Y,MARISOL2026,44233.81,
CLM-002807,GC-002083,2026-07-18,2026-07-21,Wind,Open,Y,MARISOL2026,21922.17,
CLM-002808,GC-001986,2026-07-18,2026-07-27,Wind,Open,Y,MARISOL2026,14538.23,
CLM-002809,GC-001983,2026-07-18,2026-07-22,Wind,Open,Y,MARISOL2026,6242.97,
CLM-002810,GC-001981,2026-07-18,2026-07-25,Wind,Open,Y,MARISOL2026,143704.08,
CLM-002811,GC-001852,2026-07-18,2026-07-27,Wind,Open,Y,MARISOL2026,65270.32,
CLM-002812,GC-001858,2026-07-18,2026-07-27,Wind + Flood,Open,Y,MARISOL2026,10883.35,
CLM-002813,GC-001859,2026-07-18,2026-07-31,Wind + Flood,Open,Y,MARISOL2026,76123.77,
CLM-002814,GC-001860,2026-07-18,2026-07-21,Flood/Storm Surge,Open,Y,MARISOL2026,42002.55,
CLM-002815,GC-001861,2026-07-18,2026-07-27,Flood/Storm Surge,Open,Y,MARISOL2026,20551.26,
CLM-002816,GC-001866,2026-07-18,2026-08-05,Flood/Storm Surge,Open,Y,MARISOL2026,89446.93,
CLM-002817,GC-001844,2026-07-18,2026-07-25,Wind,Open,Y,MARISOL2026,20648.48,
CLM-002818,GC-001868,2026-07-18,2026-08-01,Wind,Open,Y,MARISOL2026,11438.97,
CLM-002819,GC-001878,2026-07-18,2026-07-22,Wind,Closed,Y,MARISOL2026,9582.71,2026-07-31
CLM-002820,GC-001879,2026-07-18,2026-07-21,Wind,Open,Y,MARISOL2026,192953.14,
CLM-002821,GC-001881,2026-07-18,2026-07-23,Wind,Open,Y,MARISOL2026,3896.41,
CLM-002822,GC-001882,2026-07-18,2026-07-24,Flood/Storm Surge,Open,Y,MARISOL2026,39389.6,
CLM-002823,GC-001884,2026-07-18,2026-07-28,Wind,Open,Y,MARISOL2026,52229.84,
CLM-002824,GC-001885,2026-07-18,2026-07-25,Wind,Open,Y,MARISOL2026,108236.19,
CLM-002825,GC-001871,2026-07-18,2026-08-16,Wind,Open,Y,MARISOL2026,34944.46,
CLM-002826,GC-001843,2026-07-18,2026-08-05,Flood/Storm Surge,Open,Y,MARISOL2026,199766.16,
CLM-002827,GC-001841,2026-07-18,2026-07-19,Wind,Open,Y,MARISOL2026,20675.85,
CLM-002828,GC-001840,2026-07-18,2026-08-03,Wind,Open,Y,MARISOL2026,34408.06,
CLM-002829,GC-001797,2026-07-18,2026-07-26,Wind,Open,Y,MARISOL2026,17131.69,
CLM-002830,GC-001800,2026-07-18,2026-07-23,Flood/Storm Surge,Open,Y,MARISOL2026,10837.92,
CLM-002831,GC-001802,2026-07-18,2026-07-27,Wind,Open,Y,MARISOL2026,9944.57,
CLM-002832,GC-001804,2026-07-18,2026-07-19,Wind,Open,Y,MARISOL2026,13868.13,
CLM-002833,GC-001807,2026-07-18,2026-07-21,Wind,Open,Y,MARISOL2026,16951.92,
CLM-002834,GC-001812,2026-07-18,2026-07-19,Wind,Open,Y,MARISOL2026,83387.5,
CLM-002835,GC-001814,2026-07-18,2026-08-07,Flood/Storm Surge,Open,Y,MARISOL2026,141934.16,
CLM-002836,GC-001816,2026-07-18,2026-07-25,Wind,Open,Y,MARISOL2026,54290.41,
CLM-002837,GC-001819,2026-07-18,2026-08-03,Wind,Open,Y,MARISOL2026,152157.13,
CLM-002838,GC-001821,2026-07-18,2026-07-26,Flood/Storm Surge,Open,Y,MARISOL2026,26313.93,
CLM-002839,GC-001823,2026-07-18,2026-07-25,Wind,Open,Y,MARISOL2026,32221.37,
CLM-002840,GC-001831,2026-07-18,2026-07-25,Wind,Open,Y,MARISOL2026,8810.33,
CLM-002841,GC-001832,2026-07-18,2026-07-27,Wind,Open,Y,MARISOL2026,27877.66,
CLM-002842,GC-001836,2026-07-18,2026-07-20,Wind,Open,Y,MARISOL2026,111463.55,
CLM-002843,GC-001839,2026-07-18,2026-07-19,Wind,Open,Y,MARISOL2026,17847.16,
CLM-002844,GC-001886,2026-07-18,2026-07-25,Wind + Flood,Open,Y,MARISOL2026,14220.27,
CLM-002845,GC-001888,2026-07-18,2026-07-25,Wind,Open,Y,MARISOL2026,105556.18,
CLM-002846,GC-001891,2026-07-18,2026-07-31,Wind,Open,Y,MARISOL2026,108492.54,
CLM-002847,GC-001892,2026-07-18,2026-07-30,Wind,Open,Y,MARISOL2026,30949.28,
CLM-002848,GC-001940,2026-07-18,2026-07-28,Wind + Flood,Open,Y,MARISOL2026,50989.49,
CLM-002849,GC-001942,2026-07-18,2026-08-03,Wind,Open,Y,MARISOL2026,90814.78,
CLM-002850,GC-001943,2026-07-18,2026-07-22,Wind,Open,Y,MARISOL2026,28022.75,
CLM-002851,GC-001945,2026-07-18,2026-07-20,Wind,Open,Y,MARISOL2026,40986.74,
CLM-002852,GC-001947,2026-07-18,2026-07-27,Wind + Flood,Open,Y,MARISOL2026,17284.88,
CLM-002853,GC-001949,2026-07-18,2026-07-18,Wind,Open,Y,MARISOL2026,99118.75,
CLM-002854,GC-001952,2026-07-18,2026-07-25,Wind + Flood,Open,Y,MARISOL2026,39680.56,
CLM-002855,GC-001953,2026-07-18,2026-07-20,Wind + Flood,Open,Y,MARISOL2026,57974.69,
CLM-002856,GC-001956,2026-07-18,2026-07-22,Wind + Flood,Open,Y,MARISOL2026,102611.43,
CLM-002857,GC-001958,2026-07-18,2026-08-05,Wind + Flood,Open,Y,MARISOL2026,9820.59,
CLM-002858,GC-001959,2026-07-18,2026-08-06,Wind,Open,Y,MARISOL2026,74233.19,
CLM-002859,GC-001966,2026-07-18,2026-07-30,Wind,Open,Y,MARISOL2026,10654.86,
CLM-002860,GC-001969,2026-07-18,2026-07-20,Wind + Flood,Open,Y,MARISOL2026,448840.27,
CLM-002861,GC-001977,2026-07-18,2026-07-26,Wind,Open,Y,MARISOL2026,70745.11,
CLM-002862,GC-001978,2026-07-18,2026-07-26,Flood/Storm Surge,Closed,Y,MARISOL2026,48078.47,2026-08-14
CLM-002863,GC-001938,2026-07-18,2026-07-23,Wind,Open,Y,MARISOL2026,206639.33,
CLM-002864,GC-001794,2026-07-18,2026-07-20,Wind + Flood,Open,Y,MARISOL2026,15382.64,
CLM-002865,GC-001935,2026-07-18,2026-07-27,Wind,Open,Y,MARISOL2026,13715.13,
CLM-002866,GC-001932,2026-07-18,2026-07-29,Wind + Flood,Open,Y,MARISOL2026,20078.99,
CLM-002867,GC-001893,2026-07-18,2026-08-17,Wind + Flood,Open,Y,MARISOL2026,11142.02,
CLM-002868,GC-001895,2026-07-18,2026-07-28,Wind + Flood,Open,Y,MARISOL2026,47836.92,
CLM-002869,GC-001897,2026-07-18,2026-07-26,Wind,Open,Y,MARISOL2026,30529.21,
CLM-002870,GC-001900,2026-07-18,2026-07-26,Wind,Open,Y,MARISOL2026,312518.68,
CLM-002871,GC-001904,2026-07-18,2026-07-20,Wind,Open,Y,MARISOL2026,31443.62,
CLM-002872,GC-001907,2026-07-18,2026-07-21,Flood/Storm Surge,Open,Y,MARISOL2026,27401.01,
CLM-002873,GC-001908,2026-07-18,2026-07-25,Wind,Open,Y,MARISOL2026,216789.94,
CLM-002874,GC-001912,2026-07-18,2026-07-22,Wind,Open,Y,MARISOL2026,64603.13,
CLM-002875,GC-001914,2026-07-18,2026-07-29,Wind,Open,Y,MARISOL2026,74568.65,
CLM-002876,GC-001915,2026-07-18,2026-07-20,Flood/Storm Surge,Open,Y,MARISOL2026,45705.7,
CLM-002877,GC-001917,2026-07-18,2026-07-24,Wind,Open,Y,MARISOL2026,202927.51,
CLM-002878,GC-001919,2026-07-18,2026-08-06,Flood/Storm Surge,Open,Y,MARISOL2026,380114.66,
CLM-002879,GC-001920,2026-07-18,2026-07-28,Wind + Flood,Open,Y,MARISOL2026,27480.21,
CLM-002880,GC-001925,2026-07-18,2026-07-24,Flood/Storm Surge,Open,Y,MARISOL2026,19075.86,
CLM-002881,GC-001929,2026-07-18,2026-07-25,Wind + Flood,Open,Y,MARISOL2026,30464.49,
CLM-002882,GC-001934,2026-07-18,2026-07-23,Wind,Open,Y,MARISOL2026,56361.61,
CLM-002883,GC-004996,2026-07-18,2026-07-21,Wind,Open,Y,MARISOL2026,11175.34,
