claim_id,repair_category,estimated_cost,actual_cost,cost_date
CLM-000001,Plumbing,11178.77,13167.26,2021-05-27
CLM-000002,Electrical,659.76,740.92,2021-05-04
CLM-000004,Contents,25853.55,26154.24,2021-07-03
CLM-000006,Contents,8860.38,10163.16,2021-07-17
CLM-000007,Electrical,8403.41,9750.02,2021-08-03
CLM-000011,Electrical,7296.45,7100.78,2021-08-25
CLM-000012,Structural,12311.91,11237.27,2021-08-09
CLM-000015,Electrical,15558.62,13867.81,2021-09-12
CLM-000016,Structural,11302.81,11333.97,2021-09-22
CLM-000018,Roof,5609.9,6332.75,2021-11-05
CLM-000019,Roof,13920.75,15723.83,2021-10-04
CLM-000021,Structural,3090.1,3035.91,2021-10-04
CLM-000022,Roof,13360.92,,
CLM-000023,Contents,4133.61,4579.42,2021-10-25
CLM-000026,Electrical,3952.55,4133.87,2021-11-18
CLM-000027,Structural,2661.13,2700.64,2021-12-18
CLM-000028,Structural,39060.16,38747.78,2022-01-02
CLM-000029,Contents,14961.74,17077.61,2022-02-02
CLM-000030,Plumbing,4366.81,4727.71,2021-12-08
CLM-000031,Contents,738.85,834.97,2021-12-31
CLM-000032,Roof,27851.57,25367.44,2022-01-06
CLM-000033,Electrical,17396.04,20289.69,2021-12-13
CLM-000034,Contents,11803.33,11331.7,2021-12-20
CLM-000035,Plumbing,4470.84,4264.44,2021-12-30
CLM-000036,Roof,6106.4,6342.09,2022-01-17
CLM-000037,Contents,3624.03,3598.2,2022-01-08
CLM-000038,Contents,2727.5,2498.78,2022-01-01
CLM-000040,Roof,2518.28,2326.19,2022-01-28
CLM-000041,Roof,5879.94,5626.65,2022-02-06
CLM-000042,Structural,1190.54,1059.34,2022-03-06
CLM-000045,Structural,11553.91,,
CLM-000048,Contents,1189.31,1318.79,2022-04-09
CLM-000049,Contents,13885.41,15820.84,2022-05-16
CLM-000050,Plumbing,2882.08,3261.86,2022-04-16
CLM-000051,Structural,173890.97,182874.83,2022-04-28
CLM-000052,Roof,1586.66,1472.72,2022-04-19
CLM-000055,Structural,1244.51,1166.59,2022-06-06
CLM-000056,Structural,26277.45,,
CLM-000057,Contents,856.62,814.41,2022-05-24
CLM-000058,Contents,7626.32,8346.99,2022-06-12
CLM-000059,Plumbing,1104.37,,
CLM-000061,Structural,65451.24,72229.39,2022-05-31
CLM-000064,Plumbing,35559.84,35197.24,2022-05-17
CLM-000065,Contents,5658.45,6150.15,2022-07-20
CLM-000066,Structural,5459.63,5108.87,2022-06-08
CLM-000068,Roof,147149.39,172148.96,2022-07-05
CLM-000069,Contents,19849.37,19938.92,2022-07-16
CLM-000070,Electrical,6087.49,6933.9,2022-08-31
CLM-000071,Structural,9292.38,8875.38,2022-09-06
CLM-000072,Roof,4399.25,4011.48,2022-07-31
CLM-000074,Roof,1810.09,1736.82,2022-08-15
CLM-000076,Electrical,4481.89,,
CLM-000077,Electrical,10097.07,,
CLM-000078,Electrical,3938.93,4241.78,2022-08-30
CLM-000079,Electrical,13158.87,12564.83,2022-08-24
CLM-000081,Roof,6242.19,6947.51,2022-09-05
CLM-000082,Roof,1786.5,,
CLM-000083,Roof,2757.33,2692.4,2022-09-03
CLM-000084,Plumbing,2493.62,2362.45,2022-09-23
CLM-000085,Roof,11242.37,12956.33,2022-09-02
CLM-000086,Structural,2169.39,2280.17,2022-09-15
CLM-000087,Structural,16797.83,14937.41,2022-09-30
CLM-000089,Roof,4373.71,5090.21,2022-11-24
CLM-000090,Contents,5960.05,5297.95,2022-10-05
CLM-000091,Roof,11213.75,,
CLM-000093,Contents,61007.39,62012.78,2022-10-26
CLM-000094,Contents,3805.37,4246.17,2022-10-10
CLM-000095,Structural,6498.76,7449.71,2022-10-27
CLM-000096,Electrical,16145.51,15697.36,2022-10-21
CLM-000097,Plumbing,13579.42,15437.85,2022-10-24
CLM-000098,Plumbing,9703.77,10634.61,2022-11-14
CLM-000099,Electrical,2058.93,,
CLM-000101,Structural,13236.26,14973.08,2022-10-31
CLM-000102,Plumbing,2236.05,2062.57,2022-11-27
CLM-000103,Plumbing,2524.12,2470.36,2022-11-29
CLM-000105,Roof,12650.74,13914.01,2022-12-24
CLM-000106,Electrical,3071.51,3543.62,2023-01-09
CLM-000107,Contents,5062.46,5308.98,2022-12-16
CLM-000108,Structural,68971.32,,
CLM-000109,Electrical,2777.21,2586.68,2022-12-28
CLM-000111,Electrical,3027.17,3461.07,2022-12-06
CLM-000112,Electrical,22009.83,25447.98,2022-12-11
CLM-000114,Roof,4192.91,4569.42,2022-11-26
CLM-000115,Electrical,10721.22,11930.87,2022-11-29
CLM-000116,Roof,5490.42,5502.04,2023-01-02
CLM-000117,Electrical,13398.88,14215.0,2022-12-17
CLM-000118,Roof,6063.64,6855.86,2022-12-03
CLM-000119,Roof,6246.85,5526.6,2022-12-26
CLM-000121,Roof,7415.24,8501.2,2023-01-14
CLM-000122,Electrical,8719.38,,
CLM-000123,Plumbing,31069.79,36017.11,2023-02-26
CLM-000124,Roof,9926.87,10198.76,2023-01-12
CLM-000125,Structural,1042.19,,
CLM-000127,Structural,7395.42,6725.86,2023-01-07
CLM-000128,Contents,8425.17,7843.76,2023-01-10
CLM-000129,Structural,5478.46,5282.27,2023-02-11
CLM-000130,Plumbing,3857.98,4033.74,2023-01-28
CLM-000131,Contents,10789.62,11953.25,2023-02-17
CLM-000132,Roof,6402.24,6986.29,2023-03-01
CLM-000134,Roof,2941.77,3435.6,2023-02-14
CLM-000135,Plumbing,2966.32,3035.41,2023-01-14
CLM-000136,Plumbing,9674.33,9712.5,2023-01-28
CLM-000137,Plumbing,10375.57,10460.14,2023-03-16
CLM-000138,Electrical,6327.93,6888.68,2023-01-30
CLM-000139,Roof,4679.02,4915.74,2023-03-06
CLM-000140,Electrical,52066.26,47477.3,2023-01-28
CLM-000141,Structural,8662.09,9072.3,2023-02-23
CLM-000142,Electrical,5373.69,5701.23,2023-03-13
CLM-000144,Contents,2199.57,2274.59,2023-03-05
CLM-000146,Contents,7017.74,6434.72,2023-03-09
CLM-000147,Plumbing,5053.91,4978.52,2023-03-05
CLM-000149,Contents,1568.9,1639.12,2023-03-14
CLM-000151,Contents,3043.89,3480.94,2023-03-21
CLM-000152,Contents,6229.11,6919.09,2023-04-30
CLM-000153,Roof,2610.05,3001.59,2023-03-24
CLM-000154,Plumbing,5199.15,5875.33,2023-04-23
CLM-000155,Electrical,13318.34,12914.81,2023-04-03
CLM-000157,Contents,5084.64,5505.58,2023-05-04
CLM-000159,Plumbing,8422.8,9111.88,2023-06-02
CLM-000161,Electrical,6777.6,7978.45,2023-04-04
CLM-000163,Structural,13923.18,12711.09,2023-04-30
CLM-000165,Plumbing,1868.49,,
CLM-000166,Contents,1967.24,1799.67,2023-05-08
CLM-000167,Roof,836.42,923.22,2023-05-24
CLM-000168,Roof,9858.48,10935.07,2023-05-05
CLM-000170,Roof,55660.72,63307.06,2023-05-07
CLM-000172,Contents,14059.07,13584.61,2023-05-03
CLM-000173,Electrical,15064.28,16076.75,2023-05-29
CLM-000174,Electrical,36461.17,,
CLM-000175,Electrical,2996.48,3382.11,2023-05-10
CLM-000176,Plumbing,11648.76,13091.17,2023-06-27
CLM-000180,Electrical,438.52,448.57,2023-07-11
CLM-000181,Electrical,5405.68,5612.55,2023-06-25
CLM-000184,Contents,12197.22,11762.47,2023-06-14
CLM-000185,Roof,3929.63,4223.22,2023-07-17
CLM-000186,Electrical,6109.38,,
CLM-000187,Contents,3236.07,2872.35,2023-07-22
CLM-000188,Structural,12051.77,12580.8,2023-08-03
CLM-000189,Structural,5044.49,5215.22,2023-07-01
CLM-000192,Plumbing,8990.21,9569.25,2023-07-12
CLM-000193,Plumbing,5382.76,5951.15,2023-08-01
CLM-000195,Electrical,3614.24,,
CLM-000196,Structural,30172.46,35266.13,2023-06-27
CLM-000199,Plumbing,4141.13,4322.02,2023-07-18
CLM-000200,Structural,1136.75,1128.27,2023-08-22
CLM-000201,Roof,20702.4,18646.01,2023-08-18
CLM-000202,Roof,2282.9,2665.58,2023-08-25
CLM-000203,Structural,23859.78,21857.16,2023-09-06
CLM-000204,Plumbing,13482.16,14717.56,2023-08-20
CLM-000206,Roof,2665.6,2528.23,2023-08-16
CLM-000209,Plumbing,1399.3,1482.06,2023-08-14
CLM-000210,Structural,4262.96,,
CLM-000212,Roof,20764.1,22577.11,2023-09-27
CLM-000213,Structural,6003.16,,
CLM-000214,Structural,4972.79,5310.12,2023-09-03
CLM-000215,Structural,24090.77,26881.68,2023-09-17
CLM-000216,Structural,11876.58,12253.01,2023-08-24
CLM-000218,Plumbing,2162.82,2521.95,2023-12-03
CLM-000221,Contents,529.87,538.0,2023-09-24
CLM-000223,Contents,197308.61,186613.6,2023-11-20
CLM-000224,Roof,3779.19,4016.97,2023-10-06
CLM-000226,Electrical,4949.64,5437.47,2023-11-27
CLM-000227,Contents,1227.26,1200.75,2023-10-16
CLM-000228,Roof,4030.34,3982.32,2023-11-06
CLM-000230,Structural,16435.18,16048.88,2023-11-03
CLM-000231,Roof,3672.79,3275.32,2023-12-08
CLM-000234,Roof,7846.14,8339.5,2023-11-12
CLM-000235,Contents,10755.37,11231.28,2023-11-16
CLM-000236,Electrical,2569.18,2400.05,2023-12-05
CLM-000239,Electrical,9282.87,,
CLM-000244,Electrical,14079.54,13044.46,2023-11-23
CLM-000245,Electrical,6251.72,6606.31,2023-11-15
CLM-000246,Electrical,7006.2,,
CLM-000247,Plumbing,1450.77,1348.44,2023-12-12
CLM-000249,Roof,6157.44,,
CLM-000250,Electrical,2346.89,2171.04,2024-01-05
CLM-000251,Plumbing,9421.12,9577.92,2024-01-04
CLM-000254,Roof,1615.26,1900.64,2023-12-23
CLM-000258,Plumbing,6795.6,6298.85,2023-12-28
CLM-000259,Roof,584.46,559.84,2023-12-30
CLM-000260,Structural,4021.24,4210.95,2024-01-07
CLM-000261,Contents,481.67,482.59,2024-01-07
CLM-000265,Contents,12212.99,14294.61,2023-12-22
CLM-000266,Structural,12895.42,13038.55,2024-02-06
CLM-000267,Electrical,48532.75,52053.92,2024-01-18
CLM-000268,Electrical,5005.85,4973.15,2024-02-15
CLM-000270,Structural,1456.57,,
CLM-000272,Contents,899.0,1007.49,2024-01-26
CLM-000274,Contents,43037.38,39724.13,2024-02-14
CLM-000276,Roof,3068.67,3144.7,2024-01-30
CLM-000277,Contents,45837.92,43540.45,2024-02-02
CLM-000279,Electrical,6406.41,7441.04,2024-02-11
CLM-000280,Plumbing,24718.33,26039.2,2024-01-26
CLM-000281,Electrical,24467.77,28183.08,2024-01-24
CLM-000282,Plumbing,18712.33,17486.52,2024-02-08
CLM-000283,Structural,18823.27,20354.54,2024-01-14
CLM-000284,Roof,8801.13,10073.76,2024-01-13
CLM-000286,Structural,21177.07,20210.69,2024-02-04
CLM-000287,Plumbing,21469.57,23082.18,2024-03-11
CLM-000288,Structural,2848.68,,
CLM-000290,Electrical,9818.03,8969.46,2024-02-04
CLM-000292,Roof,5473.26,4954.75,2024-03-18
CLM-000293,Structural,11093.42,11100.66,2024-04-09
CLM-000295,Electrical,5392.23,5203.74,2024-03-23
CLM-000296,Structural,18612.53,16988.08,2024-03-17
CLM-000297,Roof,30604.18,,
CLM-000298,Structural,4884.2,5472.46,2024-04-13
CLM-000299,Electrical,5359.65,6291.17,2024-03-14
CLM-000303,Plumbing,2355.34,2724.82,2024-03-06
CLM-000304,Structural,14390.09,13274.79,2024-04-05
CLM-000307,Plumbing,38735.82,41454.88,2024-03-27
CLM-000308,Plumbing,4428.62,4752.55,2024-05-31
CLM-000310,Electrical,10458.44,11064.34,2024-04-03
CLM-000312,Roof,3553.63,,
CLM-000313,Contents,16445.98,17268.05,2024-04-24
CLM-000315,Plumbing,2129.9,2080.32,2024-03-30
CLM-000317,Roof,1297.37,1243.4,2024-03-29
CLM-000318,Structural,8233.39,8574.06,2024-04-26
CLM-000320,Plumbing,28613.8,27055.74,2024-04-20
CLM-000321,Structural,78357.87,81286.4,2024-04-07
CLM-000322,Plumbing,19118.66,21180.59,2024-05-16
CLM-000323,Plumbing,1102.2,1278.08,2024-05-06
CLM-000325,Electrical,8789.16,,
CLM-000326,Contents,9001.35,8888.85,2024-05-24
CLM-000327,Roof,6452.07,6794.18,2024-05-24
CLM-000329,Electrical,2917.77,,
CLM-000330,Structural,8996.72,8576.15,2024-04-23
CLM-000331,Contents,6423.06,7483.59,2024-05-23
CLM-000334,Electrical,2986.52,3367.0,2024-06-06
CLM-000335,Electrical,25245.94,24547.83,2024-05-13
CLM-000336,Structural,4421.56,4634.29,2024-05-06
CLM-000337,Plumbing,1414.1,1635.99,2024-05-19
CLM-000340,Contents,4922.57,5440.95,2024-05-13
CLM-000341,Plumbing,6168.94,5505.3,2024-07-25
CLM-000342,Plumbing,8992.71,9258.28,2024-08-03
CLM-000343,Plumbing,9136.19,10319.43,2024-07-23
CLM-000345,Contents,178.21,183.67,2024-05-27
CLM-000347,Contents,6835.67,6277.22,2024-06-29
CLM-000348,Contents,15678.97,15231.42,2024-05-21
CLM-000349,Roof,868.92,876.76,2024-06-10
CLM-000350,Plumbing,4372.31,5154.84,2024-06-12
CLM-000351,Roof,675.83,683.35,2024-08-05
CLM-000353,Electrical,1665.7,1505.19,2024-06-13
CLM-000354,Contents,3188.23,3222.04,2024-07-19
CLM-000361,Electrical,1331.12,1247.45,2024-06-22
CLM-000363,Roof,1386.54,1285.33,2024-06-18
CLM-000365,Electrical,3518.76,3284.05,2024-06-24
CLM-000368,Structural,2180.92,2376.42,2024-06-26
CLM-000369,Structural,10020.84,,
CLM-000371,Plumbing,1901.47,1728.38,2024-07-08
CLM-000372,Roof,2419.36,2240.06,2024-08-02
CLM-000373,Electrical,13368.82,14674.16,2024-08-19
CLM-000375,Electrical,1496.29,1518.7,2024-07-30
CLM-000376,Structural,26408.72,23765.89,2024-08-09
CLM-000378,Roof,33341.92,31575.4,2024-07-21
CLM-000379,Electrical,6005.38,6563.44,2024-08-12
CLM-000380,Plumbing,1464.59,1582.15,2024-08-13
CLM-000381,Electrical,2713.54,3082.73,2024-08-25
CLM-000383,Contents,1426.7,1311.29,2024-07-29
CLM-000384,Structural,289091.59,303472.66,2024-07-28
CLM-000385,Electrical,5930.43,5505.9,2024-07-29
CLM-000387,Plumbing,45314.14,45465.56,2024-08-23
CLM-000388,Structural,60364.08,59539.9,2024-08-26
CLM-000391,Structural,2700.81,2810.9,2024-08-11
CLM-000393,Roof,5319.65,5243.88,2024-08-16
CLM-000394,Structural,12234.91,12849.04,2024-08-30
CLM-000398,Electrical,17104.82,15604.09,2024-09-13
CLM-000399,Structural,4883.67,4868.49,2024-09-11
CLM-000400,Roof,3544.96,3295.5,2024-10-11
CLM-000402,Structural,7417.76,7995.06,2024-10-22
CLM-000404,Electrical,7059.31,8052.12,2024-09-05
CLM-000406,Contents,1790.05,2101.52,2024-09-08
CLM-000408,Structural,3451.23,3475.16,2024-09-13
CLM-000409,Roof,504.53,492.85,2024-12-02
CLM-000410,Contents,2347.48,2503.27,2024-10-12
CLM-000412,Contents,613.78,639.92,2024-09-21
CLM-000414,Electrical,2224.3,2228.78,2024-11-24
CLM-000416,Contents,5179.66,5026.36,2024-09-18
CLM-000417,Structural,12068.34,12931.24,2024-10-11
CLM-000419,Electrical,38151.04,39009.03,2024-09-26
CLM-000420,Structural,1136.29,1301.31,2024-10-23
CLM-000422,Roof,2199.27,2007.76,2024-10-31
CLM-000424,Electrical,12662.36,14055.86,2024-10-09
CLM-000425,Structural,27089.24,27273.13,2024-10-11
CLM-000426,Electrical,9390.61,9286.0,2024-10-07
CLM-000427,Roof,1181.62,1363.63,2024-10-08
CLM-000428,Electrical,2533.8,2789.04,2024-11-09
CLM-000429,Electrical,10621.94,10357.76,2024-11-07
CLM-000430,Plumbing,4073.94,4288.0,2024-10-29
CLM-000431,Electrical,9927.35,11672.65,2024-11-14
CLM-000432,Electrical,1724.16,1985.88,2024-10-28
CLM-000433,Contents,12232.73,13188.05,2024-10-22
CLM-000435,Electrical,1270.84,1239.22,2024-11-08
CLM-000438,Roof,14248.21,14428.3,2024-10-29
CLM-000440,Contents,3523.93,3488.28,2024-11-13
CLM-000441,Contents,5223.01,6098.6,2024-11-02
CLM-000443,Structural,16683.28,18802.68,2024-11-14
CLM-000444,Electrical,11156.12,11956.22,2024-12-02
CLM-000445,Electrical,2741.08,2877.75,2024-11-07
CLM-000446,Roof,7288.28,7107.43,2024-12-23
CLM-000448,Structural,4081.95,4143.19,2024-11-10
CLM-000449,Plumbing,3726.32,3634.94,2024-12-01
CLM-000451,Structural,20523.08,21619.74,2025-02-02
CLM-000452,Electrical,5837.41,5390.65,2024-11-20
CLM-000458,Roof,10831.5,10477.12,2024-12-12
CLM-000460,Plumbing,9819.26,10729.64,2024-11-29
CLM-000461,Roof,4717.21,4552.15,2025-01-19
CLM-000462,Roof,2070.7,2015.82,2024-12-06
CLM-000463,Plumbing,24255.67,27862.68,2024-12-08
CLM-000464,Electrical,7625.16,7888.27,2024-12-13
CLM-000465,Structural,7466.69,7824.21,2024-12-26
CLM-000467,Contents,432.53,387.12,2025-01-01
CLM-000468,Electrical,500.35,480.81,2024-12-24
CLM-000469,Structural,89640.61,87427.14,2025-02-03
CLM-000470,Electrical,1349.01,1564.27,2024-12-23
CLM-000472,Electrical,16918.64,19089.96,2024-12-19
CLM-000473,Plumbing,8286.72,8023.56,2025-01-02
CLM-000474,Roof,3376.12,3905.45,2024-12-15
CLM-000475,Structural,4217.14,3886.51,2024-12-28
CLM-000476,Contents,314120.73,340218.67,2025-01-17
CLM-000477,Electrical,10888.35,12644.37,2025-01-29
CLM-000481,Roof,10353.48,12198.43,2025-01-22
CLM-000482,Contents,14062.96,12612.12,2025-01-08
CLM-000484,Structural,8136.6,8441.42,2025-02-11
CLM-000485,Structural,189109.63,182084.64,2025-02-11
CLM-000486,Roof,6280.58,6589.24,2025-01-15
CLM-000488,Contents,12609.93,12448.95,2025-03-18
CLM-000491,Structural,4107.52,4473.75,2025-02-06
CLM-000492,Contents,18669.75,21645.0,2025-03-07
CLM-000493,Plumbing,9845.26,10573.95,2025-01-26
CLM-000494,Structural,5263.43,4991.75,2025-02-03
CLM-000495,Plumbing,24462.71,28333.53,2025-02-08
CLM-000497,Contents,3180.55,3681.5,2025-03-16
CLM-000500,Electrical,9650.21,8652.94,2025-02-14
CLM-000502,Electrical,2366.85,,
CLM-000503,Plumbing,2765.3,3141.85,2025-02-16
CLM-000505,Plumbing,5215.07,,
CLM-000506,Plumbing,11142.1,10149.71,2025-02-10
CLM-000508,Roof,4115.62,4673.67,2025-02-13
CLM-000509,Structural,3533.12,,
CLM-000510,Structural,988.27,922.96,2025-03-28
CLM-000511,Roof,5534.53,5458.11,2025-03-07
CLM-000512,Structural,3798.83,3960.2,2025-03-18
CLM-000513,Electrical,5504.65,4914.13,2025-02-27
CLM-000515,Roof,4689.99,,
CLM-000516,Structural,11551.44,12406.69,2025-03-04
CLM-000517,Plumbing,42907.94,,
CLM-000518,Contents,11218.69,11017.33,2025-03-27
CLM-000519,Contents,3165.38,3641.17,2025-03-07
CLM-000520,Structural,11391.54,,
CLM-000521,Structural,9841.74,10974.59,2025-03-17
CLM-000525,Electrical,4947.51,4992.36,2025-04-17
CLM-000526,Electrical,14930.76,13600.94,2025-03-26
CLM-000528,Plumbing,470.69,488.48,2025-04-03
CLM-000529,Roof,2658.63,2761.04,2025-03-18
CLM-000530,Electrical,4428.0,4286.61,2025-03-28
CLM-000531,Structural,3955.82,,
CLM-000532,Plumbing,3680.58,3610.35,2025-04-29
CLM-000533,Electrical,3508.24,3342.4,2025-04-14
CLM-000535,Plumbing,10188.04,10705.9,2025-06-10
CLM-000536,Electrical,38479.42,35940.63,2025-05-04
CLM-000539,Roof,5486.33,,
CLM-000540,Electrical,6435.3,6847.54,2025-06-14
CLM-000541,Plumbing,4912.63,5594.08,2025-05-19
CLM-000542,Structural,2695.75,2976.93,2025-04-20
CLM-000544,Electrical,31542.13,31710.43,2025-04-19
CLM-000545,Structural,8945.71,8802.16,2025-05-08
CLM-000546,Structural,4246.01,,
CLM-000548,Plumbing,6007.69,6619.76,2025-05-16
CLM-000550,Roof,7409.71,6546.85,2025-06-02
CLM-000552,Plumbing,15543.84,17370.84,2025-06-22
CLM-000558,Structural,10903.79,12786.79,2025-05-27
CLM-000560,Plumbing,3441.36,3184.34,2025-07-12
CLM-000562,Plumbing,3983.97,4170.74,2025-07-19
CLM-000570,Roof,7083.54,6928.26,2025-07-27
CLM-000571,Contents,2638.62,2775.25,2025-08-07
CLM-000572,Electrical,995.67,927.08,2025-07-27
CLM-000573,Electrical,4872.59,,
CLM-000576,Contents,5376.26,4963.87,2025-06-29
CLM-000577,Plumbing,485.51,556.73,2025-07-24
CLM-000578,Contents,4046.97,4181.53,2025-07-08
CLM-000579,Plumbing,5833.68,6634.24,2025-07-12
CLM-000580,Contents,15351.12,15765.25,2025-06-21
CLM-000581,Plumbing,65765.63,64209.1,2025-07-26
CLM-000582,Structural,4713.23,4726.01,2025-07-03
CLM-000583,Roof,40975.21,43688.93,2025-07-31
CLM-000584,Contents,7602.57,7363.39,2025-07-29
CLM-000585,Contents,6047.49,6469.16,2025-07-10
CLM-000586,Contents,4860.69,4335.22,2025-07-18
CLM-000587,Plumbing,6999.16,7527.79,2025-07-02
CLM-000590,Contents,1188.15,1293.65,2025-07-09
CLM-000591,Plumbing,6937.25,8040.38,2025-09-26
CLM-000592,Contents,2624.43,3072.25,2025-08-05
CLM-000595,Electrical,3561.78,3926.19,2025-07-21
CLM-000596,Contents,3088.59,2908.01,2025-07-30
CLM-000597,Plumbing,4710.75,5014.31,2025-07-24
CLM-000599,Structural,2844.77,,
CLM-000601,Electrical,1046.93,1050.87,2025-07-18
CLM-000603,Plumbing,13014.25,14809.1,2025-07-23
CLM-000606,Plumbing,14458.09,14911.88,2025-09-01
CLM-000608,Plumbing,4252.52,3944.92,2025-08-20
CLM-000610,Roof,23450.84,25241.68,2025-07-29
CLM-000612,Plumbing,56850.75,56603.25,2025-08-03
CLM-000614,Plumbing,3520.1,3253.99,2025-08-14
CLM-000615,Plumbing,7333.95,8611.4,2025-07-26
CLM-000617,Roof,35410.04,38320.29,2025-07-31
CLM-000618,Plumbing,2400.25,2738.06,2025-09-05
CLM-000619,Electrical,56076.21,57921.86,2025-09-28
CLM-000621,Roof,4027.16,4227.11,2025-08-13
CLM-000622,Structural,1296.85,1259.19,2025-09-16
CLM-000623,Contents,21656.79,19169.81,2025-10-28
CLM-000624,Electrical,9307.81,9182.04,2025-10-30
CLM-000625,Structural,1954.35,1991.51,2025-09-06
CLM-000626,Plumbing,847.53,920.16,2025-08-20
CLM-000627,Contents,15039.04,16955.15,2025-09-25
CLM-000628,Contents,3253.83,2988.36,2025-09-13
CLM-000631,Roof,2344.98,2637.87,2025-09-14
CLM-000633,Contents,6763.6,6505.37,2025-10-27
CLM-000635,Plumbing,11124.12,12602.55,2025-10-02
CLM-000636,Plumbing,18175.17,19889.11,2025-09-15
CLM-000637,Electrical,10976.55,12141.7,2025-09-20
CLM-000638,Plumbing,1313.62,1232.35,2025-09-24
CLM-000641,Structural,5854.32,5817.27,2025-10-03
CLM-000643,Structural,4604.55,4363.53,2025-09-26
CLM-000644,Plumbing,7879.87,7136.11,2025-10-15
CLM-000645,Plumbing,14184.72,14073.44,2025-10-15
CLM-000647,Electrical,23256.04,20754.72,2025-09-29
CLM-000648,Structural,1693.86,1980.44,2025-12-05
CLM-000649,Structural,13009.83,,
CLM-000650,Roof,2551.29,2525.3,2025-12-12
CLM-000651,Electrical,4491.53,3956.33,2025-10-04
CLM-000652,Contents,2810.43,3079.91,2025-11-01
CLM-000654,Electrical,8395.56,9795.78,2025-10-14
CLM-000655,Plumbing,1413.51,1667.34,2025-10-10
CLM-000656,Roof,3009.51,2686.73,2025-10-18
CLM-000659,Roof,6551.84,5949.42,2025-11-17
CLM-000660,Electrical,3724.66,3874.26,2025-11-01
CLM-000661,Contents,4335.68,3958.63,2026-01-13
CLM-000662,Contents,878.11,986.25,2025-11-06
CLM-000663,Contents,4789.79,5020.07,2025-10-24
CLM-000664,Structural,5411.02,5494.27,2025-11-07
CLM-000665,Roof,6914.23,7553.85,2025-11-07
CLM-000666,Electrical,3514.28,3818.84,2025-11-05
CLM-000667,Structural,9717.17,,
CLM-000668,Electrical,6977.1,6529.74,2025-10-24
CLM-000671,Structural,1338.96,1576.89,2025-11-23
CLM-000672,Structural,16694.1,19219.31,2025-11-06
CLM-000674,Electrical,15666.38,17172.28,2025-11-01
CLM-000676,Electrical,8540.86,8977.94,2025-12-04
CLM-000677,Roof,1666.25,1513.43,2025-11-21
CLM-000679,Plumbing,2037.97,2276.67,2025-12-03
CLM-000680,Roof,6624.47,6925.74,2025-11-27
CLM-000681,Structural,44081.27,45114.96,2025-12-06
CLM-000682,Contents,2347.39,2752.25,2026-02-19
CLM-000683,Structural,15257.62,17560.48,2025-12-22
CLM-000684,Roof,23102.67,22699.43,2025-12-09
CLM-000685,Contents,8722.87,9925.54,2026-01-16
CLM-000687,Contents,4048.18,4089.37,2025-12-17
CLM-000689,Electrical,17844.1,20781.17,2026-01-03
CLM-000691,Electrical,3021.35,3392.38,2025-11-20
CLM-000693,Electrical,1854.09,1919.31,2025-12-15
CLM-000694,Structural,31768.11,29717.83,2025-12-07
CLM-000696,Structural,7632.68,7454.72,2025-12-17
CLM-000697,Contents,25787.71,29644.8,2026-02-24
CLM-000698,Structural,18508.17,20364.13,2026-01-14
CLM-000704,Plumbing,31848.86,33309.34,2026-02-03
CLM-000705,Contents,1407.19,1556.1,2025-12-20
CLM-000707,Plumbing,2065.09,2155.73,2026-01-07
CLM-000708,Structural,12593.83,13387.65,2025-12-24
CLM-000713,Roof,4316.26,4746.77,2026-01-23
CLM-000714,Electrical,2027.19,1812.7,2026-03-05
CLM-000715,Structural,5959.09,5503.46,2026-02-24
CLM-000716,Electrical,636.94,638.98,2026-01-03
CLM-000717,Structural,311.57,332.13,2026-01-07
CLM-000718,Roof,11151.49,10537.15,2026-02-14
CLM-000719,Roof,9943.21,10629.17,2026-01-15
CLM-000720,Structural,3851.0,3508.91,2026-01-10
CLM-000721,Plumbing,4160.03,,
CLM-000722,Contents,5977.64,6911.65,2026-02-10
CLM-000723,Roof,21907.02,23795.57,2026-01-20
CLM-000725,Roof,3739.96,4207.19,2026-01-30
CLM-000726,Contents,3111.18,2993.28,2026-03-09
CLM-000728,Plumbing,4901.29,4434.5,2026-02-20
CLM-000730,Plumbing,23873.85,26744.53,2026-02-04
CLM-000731,Electrical,256.5,246.17,2026-04-03
CLM-000732,Plumbing,9722.01,9449.34,2026-03-16
CLM-000734,Structural,15930.93,,
CLM-000735,Structural,20519.75,,
CLM-000737,Roof,15871.3,14856.8,2026-03-10
CLM-000739,Plumbing,62856.56,64449.44,2026-03-05
CLM-000740,Contents,3252.3,3463.04,2026-04-06
CLM-000741,Electrical,8847.06,9060.04,2026-02-16
CLM-000742,Structural,3250.21,,
CLM-000743,Structural,4266.18,4070.9,2026-03-03
CLM-000744,Roof,2447.31,2160.46,2026-02-22
CLM-000745,Plumbing,3132.93,2790.64,2026-02-09
CLM-000746,Roof,2471.74,2892.86,2026-03-09
CLM-000747,Electrical,9915.68,10916.19,2026-03-02
CLM-000748,Plumbing,1569.01,1723.66,2026-02-28
CLM-000749,Structural,13360.19,13966.02,2026-02-18
CLM-000750,Structural,8048.17,9196.62,2026-05-14
CLM-000751,Electrical,5296.96,5641.87,2026-03-14
CLM-000752,Structural,55983.71,53176.12,2026-03-09
CLM-000753,Contents,199.7,231.94,2026-04-18
CLM-000754,Structural,3855.11,4063.91,2026-05-08
CLM-000755,Roof,30939.34,28874.86,2026-03-08
CLM-000757,Plumbing,5503.4,5156.26,2026-03-26
CLM-000759,Roof,8444.61,8120.27,2026-03-23
CLM-000761,Plumbing,20887.13,21030.74,2026-04-18
CLM-000762,Electrical,16888.38,16857.39,2026-06-17
CLM-000763,Roof,8209.5,9165.48,2026-03-21
CLM-000765,Plumbing,1622.83,1498.56,2026-04-27
CLM-000766,Roof,141434.12,124834.98,2026-04-06
CLM-000767,Electrical,9454.88,10330.43,2026-04-03
CLM-000768,Structural,8623.46,8351.65,2026-04-26
CLM-000769,Contents,1690.04,1495.87,2026-05-01
CLM-000770,Structural,2681.99,3064.89,2026-05-10
CLM-000771,Structural,21446.98,24417.06,2026-04-01
CLM-000775,Roof,7935.13,7964.18,2026-05-26
CLM-000776,Electrical,6714.32,6384.57,2026-05-06
CLM-000777,Contents,2172.61,2537.27,2026-05-08
CLM-000778,Structural,3711.51,4101.88,2026-04-24
CLM-000779,Roof,16427.14,16377.6,2026-04-17
CLM-000781,Plumbing,4307.76,4202.93,2026-04-14
CLM-000784,Plumbing,2087.86,2341.51,2026-05-16
CLM-000785,Contents,4194.32,3903.31,2026-05-08
CLM-000786,Contents,4868.99,4362.42,2026-05-18
CLM-000787,Electrical,4775.33,5144.49,2026-04-16
CLM-000788,Roof,2791.17,3202.09,2026-04-18
CLM-000792,Plumbing,12434.89,11384.1,2026-04-23
CLM-000793,Roof,51373.34,54371.94,2026-05-25
CLM-000794,Structural,2070.7,2351.19,2026-04-27
CLM-000797,Contents,6118.39,6714.61,2026-05-14
CLM-000798,Roof,5765.33,6522.46,2026-06-02
CLM-000799,Contents,2630.65,3049.5,2026-05-13
CLM-000801,Roof,9474.08,9736.02,2026-05-04
CLM-000803,Roof,12843.32,15029.13,2026-05-30
CLM-000804,Contents,13375.52,15156.68,2026-05-29
CLM-000805,Roof,4262.0,4637.05,2026-05-14
CLM-000807,Plumbing,10122.29,10775.59,2026-06-18
CLM-000808,Plumbing,1008.12,1171.58,2026-05-20
CLM-000809,Structural,3887.28,4279.99,2026-07-01
CLM-000810,Contents,4604.29,,
CLM-000811,Roof,9162.43,8304.1,2026-06-02
CLM-000817,Contents,7643.63,8843.4,2026-07-13
CLM-000819,Contents,7768.84,,
CLM-000820,Structural,3943.31,3850.13,2026-06-28
CLM-000821,Electrical,4626.57,4944.17,2026-06-25
CLM-000822,Electrical,15070.3,14001.0,2026-06-20
CLM-000823,Electrical,4620.84,4646.37,2026-06-07
CLM-000824,Structural,2865.06,,
CLM-000825,Electrical,7302.27,7079.37,2026-08-07
CLM-000826,Structural,9171.25,,
CLM-000827,Structural,2280.95,,
CLM-000828,Roof,4563.03,4557.83,2026-07-07
CLM-000829,Plumbing,1367.91,,
CLM-000830,Plumbing,7843.31,8681.4,2026-08-02
CLM-000831,Plumbing,7968.19,,
CLM-000832,Structural,18192.48,18742.28,2026-06-16
CLM-000833,Roof,11492.92,12990.79,2026-06-23
CLM-000834,Structural,108008.01,104475.88,2026-06-30
CLM-000836,Contents,10118.57,,
CLM-000837,Electrical,11031.75,,
CLM-000838,Roof,1398.37,,
CLM-000840,Plumbing,318.58,358.67,2026-08-11
CLM-000841,Roof,3271.26,,
CLM-000842,Electrical,9493.47,10344.71,2026-06-30
CLM-000843,Roof,7650.71,,
CLM-000844,Contents,4781.7,4661.1,2026-07-01
CLM-000846,Electrical,5939.98,6228.12,2026-07-17
CLM-000847,Plumbing,4482.44,5246.98,2026-07-08
CLM-000849,Structural,6457.41,7401.81,2026-07-20
CLM-000851,Plumbing,896.79,,
CLM-000852,Plumbing,20684.73,23246.87,2026-07-28
CLM-000853,Contents,11080.81,12580.76,2026-07-23
CLM-000854,Structural,19899.6,,
CLM-000858,Electrical,1190.54,,
CLM-000859,Roof,4540.82,,
CLM-000860,Plumbing,2985.2,3129.62,2026-07-31
CLM-000862,Roof,5563.28,,
CLM-000863,Exterior/Siding,70129.19,,
CLM-000864,Exterior/Siding,1748.57,,
CLM-000864,Water Mitigation,2698.71,,
CLM-000864,Roof,5119.72,,
CLM-000865,Structural,20486.68,20566.41,2026-08-15
CLM-000866,Roof,25004.13,,
CLM-000866,Structural,62521.82,,
CLM-000867,Exterior/Siding,31339.06,,
CLM-000867,Structural,58173.9,,
CLM-000868,Roof,14839.24,,
CLM-000869,Contents,12114.13,,
CLM-000870,Roof,3162.59,,
CLM-000870,Contents,4649.44,,
CLM-000871,Roof,10330.5,,
CLM-000871,Structural,11542.63,,
CLM-000871,Exterior/Siding,38701.95,,
CLM-000872,Exterior/Siding,5275.91,5295.75,2026-08-12
CLM-000872,Water Mitigation,14841.06,14608.84,2026-08-12
CLM-000873,Water Mitigation,25355.94,,
CLM-000874,Water Mitigation,257818.53,,
CLM-000875,Roof,2086.95,,
CLM-000875,Exterior/Siding,4900.84,,
CLM-000876,Exterior/Siding,26572.62,,
CLM-000877,Contents,13929.6,,
CLM-000877,Exterior/Siding,18005.69,,
CLM-000877,Roof,26271.38,,
CLM-000878,Structural,6772.91,,
CLM-000878,Exterior/Siding,12674.26,,
CLM-000879,Structural,5746.75,5240.47,2026-08-01
CLM-000879,Roof,6808.3,6000.47,2026-08-01
CLM-000879,Contents,11084.1,12060.96,2026-08-01
CLM-000880,Water Mitigation,40983.4,,
CLM-000881,Water Mitigation,43028.75,,
CLM-000881,Roof,74720.24,,
CLM-000882,Contents,135041.67,,
CLM-000883,Exterior/Siding,6228.04,,
CLM-000883,Roof,10097.02,,
CLM-000883,Contents,22120.53,,
CLM-000884,Contents,196117.54,,
CLM-000884,Structural,448097.22,,
CLM-000885,Exterior/Siding,11215.64,,
CLM-000886,Exterior/Siding,5106.33,,
CLM-000886,Roof,14582.37,,
CLM-000887,Exterior/Siding,12976.81,,
CLM-000887,Structural,24814.35,,
CLM-000888,Water Mitigation,51151.8,,
CLM-000889,Water Mitigation,25047.53,22252.35,2026-08-02
CLM-000890,Structural,24631.62,,
CLM-000891,Roof,32353.49,,
CLM-000891,Water Mitigation,34737.16,,
CLM-000891,Exterior/Siding,74160.61,,
CLM-000892,Roof,5809.19,,
CLM-000892,Contents,6339.67,,
CLM-000892,Exterior/Siding,15927.28,,
CLM-000893,Exterior/Siding,15098.71,,
CLM-000894,Structural,19607.18,,
CLM-000894,Roof,34692.61,,
CLM-000895,Structural,7855.61,,
CLM-000895,Exterior/Siding,13084.82,,
CLM-000896,Exterior/Siding,139456.9,,
CLM-000896,Roof,218941.1,,
CLM-000897,Exterior/Siding,390377.62,,
CLM-000898,Contents,65222.12,,
CLM-000899,Water Mitigation,15316.45,,
CLM-000899,Structural,54964.05,,
CLM-000900,Contents,251005.3,,
CLM-000901,Water Mitigation,27999.72,,
CLM-000901,Roof,47742.79,,
CLM-000901,Structural,70780.47,,
CLM-000902,Contents,84453.62,,
CLM-000902,Exterior/Siding,115633.75,,
CLM-000902,Roof,173364.77,,
CLM-000903,Water Mitigation,13138.77,,
CLM-000903,Contents,17923.22,,
CLM-000903,Roof,44250.58,,
CLM-000904,Contents,69123.08,,
CLM-000904,Structural,136157.09,,
CLM-000905,Roof,15430.24,,
CLM-000905,Water Mitigation,20361.6,,
CLM-000905,Exterior/Siding,35149.7,,
CLM-000906,Structural,83808.65,,
CLM-000907,Contents,42968.14,,
CLM-000908,Exterior/Siding,23718.87,,
CLM-000909,Water Mitigation,49207.53,,
CLM-000909,Structural,114024.77,,
CLM-000910,Contents,20787.86,,
CLM-000911,Exterior/Siding,54401.7,,
CLM-000911,Structural,110823.23,,
CLM-000912,Roof,8794.23,,
CLM-000912,Water Mitigation,10616.44,,
CLM-000912,Exterior/Siding,17383.49,,
CLM-000913,Roof,25972.27,,
CLM-000913,Structural,41976.44,,
CLM-000913,Water Mitigation,73558.54,,
CLM-000914,Structural,5434.78,,
CLM-000914,Exterior/Siding,8448.5,,
CLM-000915,Structural,8976.38,,
CLM-000916,Structural,12484.49,,
CLM-000917,Structural,14367.46,,
CLM-000917,Exterior/Siding,21323.87,,
CLM-000918,Exterior/Siding,5803.37,,
CLM-000918,Roof,6690.57,,
CLM-000918,Structural,12598.74,,
CLM-000919,Water Mitigation,111754.68,,
CLM-000919,Roof,300459.63,,
CLM-000920,Structural,10522.62,,
CLM-000920,Contents,27884.1,,
CLM-000921,Contents,22520.53,,
CLM-000922,Structural,6609.87,6613.4,2026-08-10
CLM-000923,Water Mitigation,26210.64,,
CLM-000924,Water Mitigation,60591.33,,
CLM-000924,Structural,112414.99,,
CLM-000925,Roof,30291.35,,
CLM-000925,Exterior/Siding,41818.61,,
CLM-000926,Exterior/Siding,33330.22,,
CLM-000927,Water Mitigation,12660.13,,
CLM-000927,Structural,15436.67,,
CLM-000928,Contents,63664.24,,
CLM-000928,Water Mitigation,100346.44,,
CLM-000929,Exterior/Siding,8207.39,,
CLM-000930,Exterior/Siding,21636.3,,
CLM-000930,Contents,46766.9,,
CLM-000931,Water Mitigation,59165.47,,
CLM-000932,Roof,13590.64,,
CLM-000932,Exterior/Siding,32097.3,,
CLM-000933,Roof,1031901.75,,
CLM-000934,Structural,11355.32,,
CLM-000935,Water Mitigation,6023.07,,
CLM-000936,Exterior/Siding,135875.87,,
CLM-000937,Structural,21065.5,,
CLM-000937,Contents,26889.12,,
CLM-000937,Water Mitigation,66997.18,,
CLM-000938,Water Mitigation,5886.74,,
CLM-000939,Structural,51027.37,,
CLM-000939,Exterior/Siding,73136.14,,
CLM-000940,Water Mitigation,54219.52,,
CLM-000940,Contents,73473.56,,
CLM-000941,Structural,9439.42,,
CLM-000941,Exterior/Siding,13139.19,,
CLM-000941,Water Mitigation,21756.37,,
CLM-000942,Water Mitigation,32028.06,,
CLM-000942,Contents,40996.46,,
CLM-000942,Exterior/Siding,87167.06,,
CLM-000943,Structural,73513.96,,
CLM-000944,Water Mitigation,25144.45,,
CLM-000944,Exterior/Siding,42895.7,,
CLM-000945,Structural,14063.7,,
CLM-000945,Contents,23757.25,,
CLM-000946,Exterior/Siding,12978.21,,
CLM-000946,Water Mitigation,26073.19,,
CLM-000947,Water Mitigation,32393.56,,
CLM-000947,Roof,47075.83,,
CLM-000948,Water Mitigation,163455.89,,
CLM-000949,Water Mitigation,328932.0,,
CLM-000949,Roof,889984.02,,
CLM-000950,Roof,67799.61,,
CLM-000950,Structural,142160.7,,
CLM-000951,Structural,175748.99,,
CLM-000952,Contents,3358.49,,
CLM-000952,Roof,5148.65,,
CLM-000952,Water Mitigation,8153.72,,
CLM-000953,Water Mitigation,2767.18,,
CLM-000953,Contents,4213.31,,
CLM-000954,Roof,35126.24,,
CLM-000955,Structural,27752.89,,
CLM-000955,Roof,45245.9,,
CLM-000955,Contents,62897.75,,
CLM-000956,Structural,4315.37,,
CLM-000956,Contents,7879.31,,
CLM-000957,Exterior/Siding,66487.13,,
CLM-000958,Structural,228840.62,,
CLM-000958,Exterior/Siding,354140.57,,
CLM-000959,Contents,30212.14,,
CLM-000960,Exterior/Siding,215812.07,,
CLM-000961,Exterior/Siding,93203.03,,
CLM-000962,Contents,39851.67,,
CLM-000962,Water Mitigation,84649.99,,
CLM-000963,Structural,74145.69,,
CLM-000963,Roof,151286.78,,
CLM-000963,Water Mitigation,180796.93,,
CLM-000964,Structural,22351.59,,
CLM-000965,Roof,48930.71,,
CLM-000965,Water Mitigation,79112.62,,
CLM-000966,Structural,39887.65,,
CLM-000967,Roof,16168.66,,
CLM-000968,Water Mitigation,195584.59,,
CLM-000969,Exterior/Siding,209754.76,,
CLM-000970,Roof,27969.82,,
CLM-000971,Structural,11826.71,,
CLM-000972,Exterior/Siding,238920.83,,
CLM-000972,Roof,664531.14,,
CLM-000973,Contents,28004.16,,
CLM-000973,Exterior/Siding,40786.15,,
CLM-000974,Contents,8061.38,,
CLM-000975,Contents,87292.8,,
CLM-000976,Roof,5625.64,,
CLM-000977,Exterior/Siding,2266.57,,
CLM-000977,Structural,6358.27,,
CLM-000978,Exterior/Siding,43149.52,,
CLM-000979,Water Mitigation,3748.68,,
CLM-000979,Contents,5375.84,,
CLM-000980,Structural,245047.93,,
CLM-000981,Water Mitigation,16152.7,,
CLM-000981,Structural,39522.1,,
CLM-000982,Structural,81076.54,,
CLM-000983,Water Mitigation,11451.25,,
CLM-000984,Exterior/Siding,20307.73,,
CLM-000984,Water Mitigation,45143.98,,
CLM-000985,Exterior/Siding,55549.09,,
CLM-000985,Water Mitigation,76367.62,,
CLM-000985,Structural,114949.66,,
CLM-000986,Structural,88222.87,78851.75,2026-08-09
CLM-000986,Roof,130853.77,125295.86,2026-08-09
CLM-000987,Contents,5127.01,,
CLM-000987,Water Mitigation,14020.25,,
CLM-000988,Exterior/Siding,46938.15,,
CLM-000989,Roof,10520.76,,
CLM-000990,Water Mitigation,31139.71,,
CLM-000991,Exterior/Siding,127678.7,,
CLM-000991,Roof,419515.64,,
CLM-000992,Roof,26381.44,,
CLM-000993,Contents,12174.49,,
CLM-000993,Roof,23829.67,,
CLM-000994,Contents,48904.82,,
CLM-000995,Water Mitigation,18639.02,,
CLM-000996,Water Mitigation,23290.87,,
CLM-000996,Roof,52650.95,,
CLM-000997,Exterior/Siding,16398.51,,
CLM-000997,Roof,49229.37,,
CLM-000998,Water Mitigation,19252.24,,
CLM-000999,Exterior/Siding,108708.62,,
CLM-001000,Water Mitigation,47634.84,,
CLM-001001,Contents,5722.89,,
CLM-001002,Contents,9475.37,,
CLM-001002,Water Mitigation,16041.81,,
CLM-001003,Contents,89888.88,,
CLM-001003,Water Mitigation,191617.05,,
CLM-001004,Exterior/Siding,40875.65,,
CLM-001005,Contents,5399.17,,
CLM-001005,Roof,10747.24,,
CLM-001006,Structural,26944.83,,
CLM-001006,Exterior/Siding,38203.67,,
CLM-001006,Contents,48833.29,,
CLM-001007,Roof,134594.65,131785.7,2026-08-04
CLM-001007,Contents,228914.71,207396.29,2026-08-04
CLM-001008,Contents,8028.91,,
CLM-001008,Water Mitigation,13551.77,,
CLM-001008,Structural,28978.73,,
CLM-001009,Structural,15035.49,,
CLM-001009,Contents,22054.38,,
CLM-001009,Roof,39269.14,,
CLM-001010,Roof,18118.81,,
CLM-001010,Exterior/Siding,33585.73,,
CLM-001010,Structural,50791.07,,
CLM-001011,Structural,44707.61,,
CLM-001012,Exterior/Siding,37206.95,,
CLM-001013,Roof,36907.88,,
CLM-001013,Exterior/Siding,64776.1,,
CLM-001014,Contents,14303.71,,
CLM-001015,Contents,178932.22,,
CLM-001015,Water Mitigation,407877.32,,
CLM-001016,Water Mitigation,19296.25,,
CLM-001016,Contents,34961.26,,
CLM-001016,Roof,78181.41,,
CLM-001017,Contents,2643.35,,
CLM-001018,Exterior/Siding,30954.12,,
CLM-001018,Contents,49270.33,,
CLM-001019,Water Mitigation,37778.94,,
CLM-001019,Contents,93123.05,,
CLM-001020,Contents,37455.03,,
CLM-001021,Exterior/Siding,20406.81,,
CLM-001022,Water Mitigation,50427.26,,
CLM-001023,Exterior/Siding,5274.7,,
CLM-001024,Water Mitigation,24117.85,,
CLM-001025,Roof,88200.81,,
CLM-001026,Water Mitigation,20678.75,,
CLM-001026,Contents,29386.91,,
CLM-001026,Roof,89128.67,,
CLM-001027,Structural,27813.59,,
CLM-001027,Water Mitigation,40231.28,,
CLM-001027,Roof,60791.47,,
CLM-001028,Structural,19505.29,,
CLM-001028,Water Mitigation,29103.0,,
CLM-001029,Roof,9243.89,10746.04,2026-08-01
CLM-001029,Exterior/Siding,19335.68,19193.83,2026-08-01
CLM-001030,Roof,17016.28,,
CLM-001031,Exterior/Siding,16242.89,,
CLM-001032,Structural,27030.97,,
CLM-001033,Exterior/Siding,39611.88,,
CLM-001034,Water Mitigation,13340.06,,
CLM-001034,Structural,28249.38,,
CLM-001035,Structural,3865.12,,
CLM-001035,Water Mitigation,12152.27,,
CLM-001036,Structural,9518.3,,
CLM-001036,Roof,19069.03,,
CLM-001036,Contents,36493.05,,
CLM-001037,Contents,10586.04,,
CLM-001037,Structural,23372.93,,
CLM-001038,Contents,10572.81,,
CLM-001038,Roof,23088.59,,
CLM-001039,Contents,12701.18,,
CLM-001039,Roof,27686.14,,
CLM-001039,Water Mitigation,37278.41,,
CLM-001040,Roof,123628.06,,
CLM-001040,Exterior/Siding,194415.63,,
CLM-001041,Structural,85245.03,,
CLM-001042,Contents,6383.61,,
CLM-001042,Exterior/Siding,7359.85,,
CLM-001042,Water Mitigation,19188.81,,
CLM-001043,Exterior/Siding,8205.77,,
CLM-001043,Roof,16484.67,,
CLM-001044,Contents,39812.78,,
CLM-001045,Roof,10987.61,,
CLM-001045,Exterior/Siding,16004.99,,
CLM-001045,Contents,37525.42,,
CLM-001046,Exterior/Siding,12611.01,,
CLM-001046,Water Mitigation,11368.51,,
CLM-001046,Contents,32422.27,,
CLM-001047,Structural,30432.35,,
CLM-001048,Water Mitigation,30839.46,,
CLM-001048,Structural,47354.75,,
CLM-001049,Roof,15180.18,,
CLM-001050,Exterior/Siding,45241.86,,
CLM-001051,Exterior/Siding,118330.34,,
CLM-001052,Roof,6386.96,,
CLM-001052,Exterior/Siding,15757.1,,
CLM-001053,Water Mitigation,18266.33,,
CLM-001054,Exterior/Siding,18953.82,,
CLM-001055,Contents,75660.35,,
CLM-001056,Exterior/Siding,23880.65,,
CLM-001056,Structural,41034.09,,
CLM-001057,Roof,652845.56,,
CLM-001058,Exterior/Siding,7501.49,,
CLM-001059,Structural,15560.76,,
CLM-001059,Contents,33285.13,,
CLM-001060,Structural,62047.96,,
CLM-001061,Structural,22354.13,23475.51,2026-07-20
CLM-001061,Water Mitigation,42550.59,42315.74,2026-07-20
CLM-001062,Water Mitigation,3280.34,,
CLM-001063,Structural,657228.23,,
CLM-001063,Exterior/Siding,1115661.06,,
CLM-001064,Contents,19381.16,,
CLM-001064,Roof,49733.1,,
CLM-001065,Structural,6587.17,7139.57,2026-08-08
CLM-001065,Exterior/Siding,9189.69,10358.06,2026-08-08
CLM-001066,Exterior/Siding,47306.72,,
CLM-001067,Roof,49317.34,,
CLM-001068,Roof,66625.94,,
CLM-001068,Structural,110398.97,,
CLM-001069,Roof,8915.6,,
CLM-001070,Water Mitigation,3445.46,,
CLM-001070,Contents,5924.58,,
CLM-001070,Roof,8370.91,,
CLM-001071,Water Mitigation,684371.21,,
CLM-001072,Water Mitigation,18342.54,,
CLM-001073,Roof,16623.97,,
CLM-001074,Water Mitigation,37045.15,,
CLM-001075,Structural,10104.81,,
CLM-001075,Water Mitigation,21496.02,,
CLM-001076,Exterior/Siding,9099.72,,
CLM-001077,Exterior/Siding,139540.86,128199.01,2026-07-31
CLM-001078,Exterior/Siding,11484.32,13478.9,2026-08-04
CLM-001079,Exterior/Siding,160763.38,,
CLM-001080,Roof,36511.03,,
CLM-001081,Water Mitigation,32125.36,,
CLM-001081,Contents,48973.03,,
CLM-001082,Contents,48078.81,,
CLM-001082,Exterior/Siding,79240.2,,
CLM-001082,Roof,103445.21,,
CLM-001083,Structural,47768.19,,
CLM-001084,Structural,11349.61,,
CLM-001084,Roof,26169.58,,
CLM-001085,Contents,10868.06,,
CLM-001085,Water Mitigation,22166.37,,
CLM-001086,Roof,30889.41,,
CLM-001087,Contents,19624.41,,
CLM-001088,Contents,99965.08,,
CLM-001089,Structural,43256.49,,
CLM-001089,Contents,64399.85,,
CLM-001090,Structural,33413.6,,
CLM-001091,Roof,11112.32,,
CLM-001092,Contents,8351.95,,
CLM-001093,Roof,8406.9,,
CLM-001093,Contents,12514.01,,
CLM-001094,Contents,23740.65,,
CLM-001095,Roof,54307.86,,
CLM-001096,Structural,5838.37,,
CLM-001096,Roof,10321.28,,
CLM-001097,Exterior/Siding,23810.82,,
CLM-001097,Contents,42552.73,,
CLM-001097,Structural,93604.34,,
CLM-001098,Exterior/Siding,9039.02,,
CLM-001099,Contents,85549.41,,
CLM-001099,Exterior/Siding,210534.36,,
CLM-001100,Structural,16205.73,,
CLM-001100,Contents,19303.21,,
CLM-001100,Water Mitigation,49255.38,,
CLM-001101,Exterior/Siding,173517.79,,
CLM-001102,Roof,2789.9,,
CLM-001102,Structural,7915.32,,
CLM-001103,Exterior/Siding,72172.44,,
CLM-001103,Roof,113048.29,,
CLM-001103,Structural,250391.32,,
CLM-001104,Exterior/Siding,29738.52,,
CLM-001105,Exterior/Siding,15467.55,,
CLM-001105,Roof,21426.85,,
CLM-001106,Structural,33664.69,,
CLM-001106,Contents,89710.53,,
CLM-001107,Exterior/Siding,93364.94,,
CLM-001108,Roof,29415.88,,
CLM-001109,Water Mitigation,7109.6,,
CLM-001109,Structural,20271.0,,
CLM-001110,Structural,164280.4,,
CLM-001111,Roof,24630.59,,
CLM-001112,Water Mitigation,54455.38,,
CLM-001112,Exterior/Siding,72339.25,,
CLM-001113,Contents,6932.1,,
CLM-001113,Water Mitigation,14467.4,,
CLM-001114,Water Mitigation,9833.59,,
CLM-001114,Contents,11802.07,,
CLM-001115,Exterior/Siding,21518.96,,
CLM-001115,Roof,54158.65,,
CLM-001116,Contents,75613.4,,
CLM-001116,Roof,145879.59,,
CLM-001117,Structural,8256.38,,
CLM-001118,Exterior/Siding,17856.61,,
CLM-001119,Roof,89950.1,,
CLM-001120,Structural,19485.15,,
CLM-001120,Contents,26650.91,,
CLM-001121,Exterior/Siding,319331.84,,
CLM-001122,Water Mitigation,4064.36,,
CLM-001122,Exterior/Siding,6881.7,,
CLM-001122,Structural,14448.51,,
CLM-001123,Water Mitigation,11336.84,,
CLM-001124,Structural,60850.81,,
CLM-001124,Water Mitigation,104475.8,,
CLM-001125,Water Mitigation,244464.09,,
CLM-001126,Structural,28996.33,,
CLM-001126,Exterior/Siding,76427.21,,
CLM-001127,Contents,12776.1,,
CLM-001128,Exterior/Siding,56682.88,,
CLM-001128,Contents,161395.35,,
CLM-001129,Contents,21731.27,,
CLM-001129,Water Mitigation,35191.36,,
CLM-001130,Contents,14725.63,,
CLM-001131,Exterior/Siding,5896.98,,
CLM-001131,Contents,9050.92,,
CLM-001132,Structural,238329.9,,
CLM-001133,Structural,443820.64,,
CLM-001134,Exterior/Siding,21539.19,,
CLM-001134,Contents,55917.36,,
CLM-001135,Contents,9130.75,,
CLM-001135,Structural,10589.49,,
CLM-001136,Roof,79797.42,,
CLM-001137,Water Mitigation,11207.99,,
CLM-001137,Exterior/Siding,12840.44,,
CLM-001138,Contents,7643.63,,
CLM-001138,Water Mitigation,15005.84,,
CLM-001138,Roof,28660.28,,
CLM-001139,Structural,3159.47,,
CLM-001139,Roof,8856.49,,
CLM-001140,Contents,17875.53,,
CLM-001141,Water Mitigation,40608.93,,
CLM-001142,Exterior/Siding,3513.23,,
CLM-001142,Water Mitigation,6233.83,,
CLM-001143,Roof,35425.86,,
CLM-001144,Roof,27135.48,,
CLM-001144,Exterior/Siding,33658.53,,
CLM-001144,Structural,74436.34,,
CLM-001145,Exterior/Siding,38702.29,,
CLM-001145,Structural,99733.78,,
CLM-001146,Roof,20985.41,,
CLM-001147,Exterior/Siding,9154.62,,
CLM-001148,Roof,5766.62,,
CLM-001148,Contents,10181.6,,
CLM-001149,Water Mitigation,36308.77,,
CLM-001149,Structural,53714.64,,
CLM-001149,Roof,78870.8,,
CLM-001150,Water Mitigation,52905.28,,
CLM-001151,Structural,13582.65,,
CLM-001151,Exterior/Siding,29280.22,,
CLM-001152,Water Mitigation,25352.69,,
CLM-001152,Exterior/Siding,38492.38,,
CLM-001152,Contents,65222.05,,
CLM-001153,Contents,41255.04,,
CLM-001153,Exterior/Siding,95580.23,,
CLM-001154,Roof,19203.02,,
CLM-001154,Contents,62160.93,,
CLM-001155,Water Mitigation,1026864.45,,
CLM-001156,Contents,63911.46,,
CLM-001156,Water Mitigation,62066.44,,
CLM-001156,Exterior/Siding,147630.77,,
CLM-001157,Exterior/Siding,73643.01,,
CLM-001157,Contents,115589.22,,
CLM-001157,Water Mitigation,302457.26,,
CLM-001158,Exterior/Siding,98937.67,,
CLM-001159,Contents,37771.47,,
CLM-001160,Water Mitigation,10387.73,9461.18,2026-08-13
CLM-001161,Exterior/Siding,75675.92,,
CLM-001161,Roof,100109.59,,
CLM-001162,Exterior/Siding,310588.53,,
CLM-001162,Contents,634530.13,,
CLM-001162,Structural,1310172.13,,
CLM-001163,Contents,27431.63,,
CLM-001163,Exterior/Siding,38822.63,,
CLM-001164,Structural,25203.09,,
CLM-001164,Water Mitigation,43824.5,,
CLM-001165,Water Mitigation,5768.26,,
CLM-001165,Contents,10508.58,,
CLM-001165,Structural,19225.43,,
CLM-001166,Water Mitigation,22723.01,,
CLM-001167,Structural,25187.62,,
CLM-001167,Roof,49256.08,,
CLM-001168,Structural,28598.17,,
CLM-001168,Roof,50278.61,,
CLM-001168,Exterior/Siding,110377.43,,
CLM-001169,Contents,45970.79,,
CLM-001169,Structural,81826.68,,
CLM-001169,Water Mitigation,156171.02,,
CLM-001170,Exterior/Siding,19710.77,,
CLM-001170,Structural,51694.87,,
CLM-001171,Contents,20958.93,,
CLM-001172,Exterior/Siding,57670.38,,
CLM-001173,Contents,18705.55,,
CLM-001173,Water Mitigation,44455.93,,
CLM-001174,Exterior/Siding,31596.47,,
CLM-001175,Water Mitigation,165661.23,,
CLM-001175,Roof,239896.27,,
CLM-001176,Structural,14040.08,,
CLM-001176,Roof,18446.26,,
CLM-001177,Structural,64705.04,,
CLM-001177,Roof,82310.01,,
CLM-001177,Water Mitigation,185218.12,,
CLM-001178,Exterior/Siding,8448.64,,
CLM-001179,Water Mitigation,41475.86,,
CLM-001180,Roof,6498.94,,
CLM-001180,Exterior/Siding,7858.98,,
CLM-001180,Contents,14750.37,,
CLM-001181,Structural,8888.52,,
CLM-001181,Contents,15183.06,,
CLM-001182,Structural,28856.82,,
CLM-001183,Exterior/Siding,6238.45,,
CLM-001183,Structural,8766.58,,
CLM-001184,Structural,35107.78,,
CLM-001185,Contents,12579.13,,
CLM-001185,Water Mitigation,17293.81,,
CLM-001185,Exterior/Siding,36453.02,,
CLM-001186,Contents,29521.06,,
CLM-001187,Roof,5460.14,,
CLM-001188,Water Mitigation,37343.55,,
CLM-001189,Contents,13012.78,,
CLM-001189,Structural,21478.64,,
CLM-001190,Exterior/Siding,26262.86,,
CLM-001191,Contents,20543.52,,
CLM-001191,Exterior/Siding,30672.35,,
CLM-001192,Structural,168421.49,,
CLM-001192,Roof,518677.16,,
CLM-001193,Water Mitigation,79211.7,,
CLM-001194,Roof,8291.78,,
CLM-001194,Structural,11817.68,,
CLM-001195,Structural,20773.68,,
CLM-001195,Water Mitigation,29122.93,,
CLM-001196,Roof,84118.49,,
CLM-001197,Contents,14832.04,,
CLM-001198,Water Mitigation,69180.91,,
CLM-001199,Contents,8076.89,,
CLM-001199,Exterior/Siding,14411.72,,
CLM-001199,Water Mitigation,18780.38,,
CLM-001200,Roof,127128.55,,
CLM-001201,Contents,60423.39,,
CLM-001202,Contents,88445.23,,
CLM-001203,Exterior/Siding,102834.45,,
CLM-001203,Water Mitigation,232084.35,,
CLM-001204,Contents,68169.77,,
CLM-001204,Structural,115659.04,,
CLM-001205,Contents,84963.63,,
CLM-001205,Roof,172066.48,,
CLM-001206,Structural,2399.25,,
CLM-001206,Roof,8592.88,,
CLM-001207,Exterior/Siding,39509.04,,
CLM-001208,Structural,26457.33,,
CLM-001209,Water Mitigation,42266.54,47368.69,2026-08-17
CLM-001210,Contents,89658.12,,
CLM-001211,Water Mitigation,10148.72,,
CLM-001212,Contents,11789.63,,
CLM-001213,Exterior/Siding,294668.12,,
CLM-001213,Contents,328567.31,,
CLM-001213,Structural,624340.51,,
CLM-001214,Water Mitigation,58589.77,,
CLM-001215,Exterior/Siding,22486.13,,
CLM-001216,Exterior/Siding,128576.96,,
CLM-001217,Structural,8681.71,,
CLM-001217,Roof,17154.81,,
CLM-001218,Exterior/Siding,98395.39,,
CLM-001219,Water Mitigation,22368.99,,
CLM-001220,Roof,18099.37,,
CLM-001221,Exterior/Siding,14742.38,,
CLM-001221,Water Mitigation,43053.59,,
CLM-001222,Contents,88519.82,,
CLM-001223,Structural,2935.76,,
CLM-001223,Exterior/Siding,5313.06,,
CLM-001223,Contents,12518.44,,
CLM-001224,Exterior/Siding,20332.45,,
CLM-001224,Water Mitigation,53341.6,,
CLM-001225,Structural,56469.67,,
CLM-001225,Roof,69702.49,,
CLM-001226,Structural,158046.72,,
CLM-001227,Water Mitigation,21066.74,,
CLM-001228,Roof,70644.54,,
CLM-001229,Water Mitigation,161282.58,,
CLM-001229,Roof,281230.47,,
CLM-001230,Roof,33978.06,,
CLM-001230,Water Mitigation,63431.26,,
CLM-001231,Exterior/Siding,9453.18,,
CLM-001231,Water Mitigation,27496.41,,
CLM-001232,Roof,8830.55,,
CLM-001233,Exterior/Siding,8868.82,,
CLM-001234,Contents,57377.07,,
CLM-001234,Structural,83805.2,,
CLM-001234,Water Mitigation,211892.57,,
CLM-001235,Exterior/Siding,266766.0,,
CLM-001236,Contents,55340.19,,
CLM-001236,Exterior/Siding,78327.73,,
CLM-001237,Water Mitigation,23251.24,,
CLM-001238,Contents,46960.5,,
CLM-001239,Roof,5549.79,,
CLM-001239,Exterior/Siding,9769.98,,
CLM-001240,Contents,744548.02,,
CLM-001241,Water Mitigation,15317.41,,
CLM-001241,Structural,37201.77,,
CLM-001242,Exterior/Siding,8738.23,,
CLM-001242,Structural,14625.4,,
CLM-001243,Structural,284360.98,,
CLM-001244,Contents,11157.73,,
CLM-001245,Water Mitigation,36869.32,,
CLM-001246,Roof,7985.48,,
CLM-001246,Structural,18908.24,,
CLM-001246,Exterior/Siding,31838.35,,
CLM-001247,Water Mitigation,274255.51,,
CLM-001247,Contents,627297.55,,
CLM-001248,Structural,279831.23,,
CLM-001249,Roof,189760.65,,
CLM-001250,Structural,75181.42,,
CLM-001251,Contents,2081.47,,
CLM-001251,Structural,4235.04,,
CLM-001252,Contents,11966.64,,
CLM-001253,Structural,6588.03,,
CLM-001253,Water Mitigation,8996.83,,
CLM-001253,Contents,22233.11,,
CLM-001254,Structural,18736.1,18356.43,2026-08-02
CLM-001254,Contents,27378.48,24177.97,2026-08-02
CLM-001255,Contents,980304.96,,
CLM-001256,Roof,2239.5,,
CLM-001256,Structural,4022.98,,
CLM-001256,Contents,10096.26,,
CLM-001257,Contents,1327.08,,
CLM-001257,Roof,3237.7,,
CLM-001258,Exterior/Siding,22644.55,,
CLM-001259,Water Mitigation,10232.21,,
CLM-001259,Roof,15593.17,,
CLM-001260,Contents,129092.18,,
CLM-001260,Roof,242705.88,,
CLM-001261,Exterior/Siding,9613.9,9598.48,2026-08-03
CLM-001261,Contents,23358.91,24099.87,2026-08-03
CLM-001262,Water Mitigation,24368.51,,
CLM-001262,Contents,40778.41,,
CLM-001263,Water Mitigation,19228.25,,
CLM-001264,Water Mitigation,5532.35,,
CLM-001264,Structural,10859.48,,
CLM-001265,Exterior/Siding,10040.62,,
CLM-001266,Water Mitigation,29406.67,,
CLM-001267,Contents,13647.53,,
CLM-001267,Structural,24792.81,,
CLM-001268,Exterior/Siding,22130.55,,
CLM-001269,Contents,57757.58,,
CLM-001270,Exterior/Siding,11009.68,,
CLM-001270,Water Mitigation,16793.26,,
CLM-001271,Roof,17759.27,,
CLM-001272,Structural,23081.69,,
CLM-001273,Exterior/Siding,6817.34,,
CLM-001274,Structural,43868.9,,
CLM-001274,Water Mitigation,66611.13,,
CLM-001274,Contents,97484.82,,
CLM-001275,Structural,96391.42,,
CLM-001276,Roof,14648.16,,
CLM-001276,Exterior/Siding,23354.91,,
CLM-001277,Structural,9929.01,,
CLM-001277,Exterior/Siding,21866.2,,
CLM-001278,Exterior/Siding,19298.36,,
CLM-001278,Water Mitigation,22063.46,,
CLM-001278,Structural,45653.17,,
CLM-001279,Water Mitigation,27049.5,,
CLM-001280,Roof,6165.9,,
CLM-001281,Structural,29894.81,,
CLM-001282,Roof,16430.75,,
CLM-001283,Exterior/Siding,62889.46,,
CLM-001284,Water Mitigation,39776.19,,
CLM-001284,Contents,55010.23,,
CLM-001284,Roof,103444.47,,
CLM-001285,Structural,49896.14,,
CLM-001286,Structural,64342.39,,
CLM-001286,Roof,135674.32,,
CLM-001287,Structural,18710.37,,
CLM-001287,Exterior/Siding,29204.51,,
CLM-001288,Structural,44590.67,,
CLM-001289,Structural,23282.67,,
CLM-001289,Water Mitigation,38378.22,,
CLM-001290,Structural,7357.36,,
CLM-001291,Water Mitigation,10813.06,,
CLM-001291,Exterior/Siding,16180.83,,
CLM-001291,Roof,33306.8,,
CLM-001292,Contents,11522.49,,
CLM-001292,Structural,14821.28,,
CLM-001292,Roof,23991.97,,
CLM-001293,Contents,38069.52,,
CLM-001294,Contents,926478.78,,
CLM-001295,Structural,37401.03,,
CLM-001296,Structural,58027.11,53710.87,2026-07-29
CLM-001297,Water Mitigation,20213.8,,
CLM-001298,Exterior/Siding,101224.7,90617.4,2026-08-08
CLM-001299,Water Mitigation,86235.95,,
CLM-001300,Exterior/Siding,3091.82,,
CLM-001300,Contents,4547.95,,
CLM-001300,Roof,8945.7,,
CLM-001301,Exterior/Siding,24160.59,,
CLM-001302,Water Mitigation,11713.48,,
CLM-001303,Exterior/Siding,61376.59,,
CLM-001303,Contents,196960.42,,
CLM-001304,Roof,3521.69,,
CLM-001304,Contents,8013.88,,
CLM-001305,Water Mitigation,27275.56,,
CLM-001306,Exterior/Siding,44037.87,,
CLM-001307,Exterior/Siding,19104.09,,
CLM-001308,Water Mitigation,304163.66,,
CLM-001308,Exterior/Siding,556071.85,,
CLM-001309,Structural,9880.93,,
CLM-001309,Roof,21429.03,,
CLM-001310,Exterior/Siding,9292.96,,
CLM-001310,Roof,12363.91,,
CLM-001311,Water Mitigation,59714.92,,
CLM-001311,Roof,165519.41,,
CLM-001312,Contents,243512.69,,
CLM-001312,Roof,339529.29,,
CLM-001313,Structural,16367.97,,
CLM-001314,Structural,65354.37,,
CLM-001315,Contents,48386.24,,
CLM-001316,Contents,21378.22,,
CLM-001317,Water Mitigation,33605.65,,
CLM-001317,Exterior/Siding,99405.14,,
CLM-001318,Roof,3459.06,,
CLM-001319,Exterior/Siding,51368.24,,
CLM-001319,Water Mitigation,140451.82,,
CLM-001320,Water Mitigation,19952.23,21645.2,2026-08-09
CLM-001320,Contents,29940.92,26760.8,2026-08-09
CLM-001321,Structural,59142.87,,
CLM-001321,Contents,137294.6,,
CLM-001321,Water Mitigation,227211.06,,
CLM-001322,Contents,15141.04,,
CLM-001323,Structural,21610.51,,
CLM-001323,Roof,37738.02,,
CLM-001323,Water Mitigation,69069.34,,
CLM-001324,Contents,20866.29,,
CLM-001324,Exterior/Siding,32456.7,,
CLM-001324,Structural,69800.33,,
CLM-001325,Structural,6431.7,,
CLM-001325,Exterior/Siding,11914.2,,
CLM-001326,Structural,13424.82,,
CLM-001327,Contents,9871.56,,
CLM-001327,Exterior/Siding,11926.94,,
CLM-001327,Roof,33878.96,,
CLM-001328,Structural,31750.9,,
CLM-001328,Exterior/Siding,52846.7,,
CLM-001329,Roof,9558.7,,
CLM-001329,Structural,29138.65,,
CLM-001330,Contents,54674.86,,
CLM-001331,Water Mitigation,40676.19,,
CLM-001331,Contents,103906.67,,
CLM-001332,Roof,57461.3,,
CLM-001333,Contents,11325.21,,
CLM-001334,Structural,14118.9,,
CLM-001335,Roof,142813.81,144544.6,2026-08-05
CLM-001336,Exterior/Siding,10808.16,,
CLM-001336,Contents,18532.89,,
CLM-001337,Contents,108944.93,,
CLM-001338,Structural,16870.24,,
CLM-001339,Roof,69762.16,,
CLM-001340,Exterior/Siding,58149.36,,
CLM-001341,Structural,26635.5,,
CLM-001342,Exterior/Siding,12684.97,,
CLM-001343,Roof,49753.58,,
CLM-001344,Roof,11153.94,,
CLM-001345,Exterior/Siding,13667.52,,
CLM-001346,Structural,4869.86,,
CLM-001346,Exterior/Siding,8552.27,,
CLM-001347,Exterior/Siding,22296.33,,
CLM-001347,Roof,59441.71,,
CLM-001348,Structural,2634.26,,
CLM-001348,Water Mitigation,3737.84,,
CLM-001348,Roof,6034.53,,
CLM-001349,Exterior/Siding,28589.89,,
CLM-001349,Roof,64309.23,,
CLM-001350,Structural,72279.16,,
CLM-001351,Water Mitigation,8291.57,,
CLM-001352,Roof,34583.64,,
CLM-001353,Exterior/Siding,7313.81,,
CLM-001354,Structural,4111.26,,
CLM-001354,Contents,12981.93,,
CLM-001355,Contents,160873.47,,
CLM-001355,Water Mitigation,252272.17,,
CLM-001356,Structural,33245.36,,
CLM-001357,Structural,16391.01,,
CLM-001358,Exterior/Siding,4984.98,,
CLM-001358,Contents,7093.44,,
CLM-001359,Exterior/Siding,3434.97,,
CLM-001359,Structural,7137.25,,
CLM-001359,Contents,10515.93,,
CLM-001360,Roof,55498.76,,
CLM-001360,Water Mitigation,113930.77,,
CLM-001361,Roof,20341.08,,
CLM-001361,Structural,50624.93,,
CLM-001362,Structural,120700.67,,
CLM-001363,Structural,32088.29,,
CLM-001364,Exterior/Siding,21889.95,,
CLM-001364,Contents,39763.3,,
CLM-001365,Structural,17272.42,,
CLM-001366,Structural,93367.68,,
CLM-001367,Structural,37232.04,,
CLM-001368,Roof,44194.19,,
CLM-001369,Exterior/Siding,5268.21,,
CLM-001369,Contents,12900.72,,
CLM-001370,Structural,11305.05,,
CLM-001370,Exterior/Siding,15577.85,,
CLM-001371,Water Mitigation,17589.16,,
CLM-001371,Structural,52954.54,,
CLM-001372,Exterior/Siding,8024.75,,
CLM-001373,Roof,12655.4,,
CLM-001373,Exterior/Siding,24468.73,,
CLM-001374,Contents,14766.31,,
CLM-001374,Exterior/Siding,20061.85,,
CLM-001375,Exterior/Siding,37486.74,,
CLM-001376,Contents,13339.74,,
CLM-001377,Exterior/Siding,122456.67,,
CLM-001377,Contents,221542.66,,
CLM-001378,Contents,30953.49,,
CLM-001378,Roof,70287.3,,
CLM-001379,Structural,8444.73,,
CLM-001379,Water Mitigation,22775.92,,
CLM-001380,Roof,12509.25,,
CLM-001380,Water Mitigation,28462.39,,
CLM-001380,Structural,37306.44,,
CLM-001381,Structural,1309.15,,
CLM-001381,Exterior/Siding,3078.85,,
CLM-001381,Water Mitigation,4013.97,,
CLM-001382,Roof,10052.31,,
CLM-001383,Exterior/Siding,14354.56,,
CLM-001383,Contents,32926.89,,
CLM-001384,Roof,10054.53,,
CLM-001385,Structural,19721.34,,
CLM-001386,Roof,42804.98,,
CLM-001386,Exterior/Siding,76338.79,,
CLM-001386,Structural,160468.73,,
CLM-001387,Structural,21436.88,,
CLM-001387,Exterior/Siding,27814.01,,
CLM-001387,Roof,68554.45,,
CLM-001388,Exterior/Siding,12331.09,,
CLM-001389,Exterior/Siding,100923.66,,
CLM-001390,Roof,19209.2,,
CLM-001391,Water Mitigation,15207.9,,
CLM-001392,Contents,31155.97,,
CLM-001392,Exterior/Siding,97044.74,,
CLM-001393,Roof,40806.39,,
CLM-001394,Contents,2591.32,,
CLM-001394,Roof,4089.33,,
CLM-001394,Structural,7086.25,,
CLM-001395,Contents,18264.09,,
CLM-001396,Water Mitigation,166664.24,,
CLM-001397,Contents,121261.31,,
CLM-001397,Water Mitigation,239284.32,,
CLM-001398,Contents,38720.41,,
CLM-001399,Water Mitigation,2389.96,,
CLM-001399,Structural,7550.77,,
CLM-001400,Contents,3193.52,,
CLM-001400,Structural,4773.53,,
CLM-001400,Water Mitigation,11260.89,,
CLM-001401,Exterior/Siding,24282.08,,
CLM-001402,Exterior/Siding,5102.57,,
CLM-001403,Water Mitigation,7331.77,,
CLM-001403,Structural,10417.74,,
CLM-001404,Contents,16551.72,17596.46,2026-07-31
CLM-001405,Structural,459583.74,,
CLM-001406,Contents,6131.33,,
CLM-001406,Water Mitigation,7110.59,,
CLM-001406,Exterior/Siding,11525.05,,
CLM-001407,Contents,16888.47,,
CLM-001407,Structural,27773.76,,
CLM-001408,Exterior/Siding,9651.18,,
CLM-001408,Structural,12362.12,,
CLM-001409,Roof,23293.59,,
CLM-001410,Water Mitigation,5008.17,,
CLM-001410,Contents,10180.14,,
CLM-001411,Water Mitigation,14102.05,,
CLM-001412,Exterior/Siding,9097.5,8306.07,2026-08-10
CLM-001412,Contents,16264.59,15515.03,2026-08-10
CLM-001412,Water Mitigation,25162.58,24064.0,2026-08-10
CLM-001413,Roof,80261.26,,
CLM-001413,Exterior/Siding,105981.83,,
CLM-001414,Contents,2808.46,,
CLM-001414,Water Mitigation,8419.01,,
CLM-001415,Exterior/Siding,73718.57,,
CLM-001415,Contents,129172.6,,
CLM-001416,Contents,45549.63,,
CLM-001417,Roof,29490.14,,
CLM-001417,Contents,44774.11,,
CLM-001418,Exterior/Siding,32171.84,,
CLM-001418,Structural,70164.01,,
CLM-001419,Contents,22435.6,,
CLM-001420,Roof,26056.26,,
CLM-001420,Structural,25815.37,,
CLM-001420,Water Mitigation,68072.06,,
CLM-001421,Water Mitigation,6582.24,,
CLM-001421,Structural,12197.11,,
CLM-001422,Contents,371448.31,,
CLM-001423,Water Mitigation,38122.76,,
CLM-001423,Structural,48494.7,,
CLM-001424,Exterior/Siding,38092.14,,
CLM-001425,Roof,28937.91,,
CLM-001426,Structural,11161.77,,
CLM-001426,Water Mitigation,23382.28,,
CLM-001427,Contents,2412.06,,
CLM-001427,Roof,2277.6,,
CLM-001427,Structural,7174.73,,
CLM-001428,Contents,9783.23,,
CLM-001429,Structural,93234.24,,
CLM-001429,Contents,301206.04,,
CLM-001430,Water Mitigation,12326.38,,
CLM-001430,Exterior/Siding,19267.13,,
CLM-001430,Contents,31298.02,,
CLM-001431,Roof,36429.92,,
CLM-001432,Water Mitigation,4788.33,,
CLM-001432,Exterior/Siding,7782.81,,
CLM-001432,Contents,11581.3,,
CLM-001433,Roof,126509.67,,
CLM-001434,Exterior/Siding,11392.85,,
CLM-001435,Roof,84700.4,,
CLM-001436,Contents,8579.34,,
CLM-001436,Water Mitigation,27040.43,,
CLM-001437,Exterior/Siding,5966.87,,
CLM-001437,Structural,20294.72,,
CLM-001438,Contents,21249.49,,
CLM-001438,Roof,66260.41,,
CLM-001439,Water Mitigation,4895.72,,
CLM-001439,Structural,8795.2,,
CLM-001440,Water Mitigation,16352.05,,
CLM-001441,Water Mitigation,174821.97,,
CLM-001441,Contents,267175.53,,
CLM-001441,Roof,543639.34,,
CLM-001442,Contents,77057.4,,
CLM-001443,Structural,18795.3,,
CLM-001443,Exterior/Siding,26034.2,,
CLM-001443,Water Mitigation,49795.49,,
CLM-001444,Contents,78646.59,76377.62,2026-08-12
CLM-001445,Contents,27728.35,,
CLM-001446,Water Mitigation,74892.56,,
CLM-001446,Contents,130213.83,,
CLM-001447,Water Mitigation,23903.36,,
CLM-001447,Roof,53531.61,,
CLM-001448,Water Mitigation,10549.92,,
CLM-001448,Roof,30007.53,,
CLM-001449,Contents,37689.95,,
CLM-001450,Exterior/Siding,42702.24,,
CLM-001451,Structural,3371.65,,
CLM-001451,Roof,7090.68,,
CLM-001452,Water Mitigation,24106.62,,
CLM-001452,Structural,39059.19,,
CLM-001453,Water Mitigation,21619.02,,
CLM-001453,Structural,42615.04,,
CLM-001454,Contents,75765.76,,
CLM-001454,Structural,170345.61,,
CLM-001455,Contents,4111.39,,
CLM-001455,Water Mitigation,9561.35,,
CLM-001456,Exterior/Siding,10620.61,,
CLM-001456,Structural,26966.49,,
CLM-001457,Roof,15823.45,,
CLM-001457,Structural,25728.94,,
CLM-001458,Exterior/Siding,143531.88,,
CLM-001458,Contents,175044.06,,
CLM-001458,Structural,323242.95,,
CLM-001459,Roof,25336.27,,
CLM-001460,Structural,18155.04,,
CLM-001460,Water Mitigation,36013.27,,
CLM-001461,Roof,9518.45,,
CLM-001462,Contents,51128.25,,
CLM-001463,Contents,132989.79,,
CLM-001464,Contents,67451.25,,
CLM-001465,Exterior/Siding,125618.86,,
CLM-001465,Roof,162637.5,,
CLM-001466,Exterior/Siding,30983.04,,
CLM-001466,Contents,53862.15,,
CLM-001467,Roof,40733.49,44784.93,2026-08-06
CLM-001467,Contents,79281.11,80049.52,2026-08-06
CLM-001468,Roof,11194.13,,
CLM-001468,Contents,13745.23,,
CLM-001468,Water Mitigation,27258.43,,
CLM-001469,Contents,9909.59,,
CLM-001469,Water Mitigation,14231.99,,
CLM-001470,Roof,9951.54,,
CLM-001470,Water Mitigation,16073.03,,
CLM-001471,Structural,5831.12,,
CLM-001471,Contents,9333.16,,
CLM-001471,Roof,16984.76,,
CLM-001472,Contents,7034.63,,
CLM-001473,Structural,14077.33,,
CLM-001473,Water Mitigation,27004.78,,
CLM-001473,Contents,43372.5,,
CLM-001474,Exterior/Siding,4018.48,,
CLM-001474,Roof,7073.87,,
CLM-001475,Structural,42117.19,,
CLM-001476,Exterior/Siding,135112.64,,
CLM-001477,Exterior/Siding,152736.52,,
CLM-001477,Roof,300628.6,,
CLM-001478,Water Mitigation,84323.72,,
CLM-001479,Structural,10873.97,,
CLM-001479,Contents,36830.15,,
CLM-001480,Structural,54442.51,,
CLM-001481,Contents,135619.41,,
CLM-001481,Roof,218495.13,,
CLM-001481,Water Mitigation,348974.17,,
CLM-001482,Roof,40350.34,,
CLM-001482,Contents,66342.36,,
CLM-001483,Exterior/Siding,4621.68,,
CLM-001483,Structural,7454.62,,
CLM-001483,Contents,11478.55,,
CLM-001484,Roof,22312.03,,
CLM-001485,Structural,118545.65,,
CLM-001485,Exterior/Siding,179254.17,,
CLM-001485,Water Mitigation,360896.15,,
CLM-001486,Exterior/Siding,2250.13,,
CLM-001487,Water Mitigation,196724.98,,
CLM-001487,Structural,354786.53,,
CLM-001488,Exterior/Siding,46087.3,,
CLM-001489,Roof,11135.79,,
CLM-001489,Contents,21222.81,,
CLM-001490,Water Mitigation,3198.1,,
CLM-001490,Exterior/Siding,5874.63,,
CLM-001491,Contents,25898.65,,
CLM-001492,Water Mitigation,4310.1,,
CLM-001493,Structural,68127.7,,
CLM-001494,Exterior/Siding,9234.08,,
CLM-001494,Roof,22164.82,,
CLM-001495,Structural,11995.78,,
CLM-001495,Contents,25043.65,,
CLM-001496,Roof,6436.27,,
CLM-001496,Exterior/Siding,11524.12,,
CLM-001497,Roof,31262.46,,
CLM-001498,Roof,153654.57,,
CLM-001499,Contents,7767.34,,
CLM-001499,Structural,9550.16,,
CLM-001499,Water Mitigation,20649.62,,
CLM-001500,Water Mitigation,63953.09,,
CLM-001501,Water Mitigation,15186.29,,
CLM-001501,Exterior/Siding,26745.79,,
CLM-001502,Water Mitigation,263956.08,,
CLM-001503,Water Mitigation,19503.07,,
CLM-001504,Contents,7838.04,,
CLM-001504,Structural,17986.53,,
CLM-001504,Water Mitigation,31880.69,,
CLM-001505,Roof,25856.46,29599.22,2026-08-06
CLM-001506,Water Mitigation,24090.7,,
CLM-001506,Roof,29148.8,,
CLM-001507,Contents,14364.22,,
CLM-001507,Roof,23522.96,,
CLM-001508,Contents,378878.3,,
CLM-001508,Exterior/Siding,722205.45,,
CLM-001509,Roof,29155.95,,
CLM-001509,Exterior/Siding,82096.14,,
CLM-001510,Roof,42460.48,,
CLM-001511,Structural,8712.22,,
CLM-001511,Roof,16253.61,,
CLM-001512,Roof,18206.79,,
CLM-001513,Exterior/Siding,194180.27,,
CLM-001514,Contents,67968.19,,
CLM-001515,Contents,16491.13,,
CLM-001515,Exterior/Siding,14038.66,,
CLM-001515,Water Mitigation,43252.82,,
CLM-001516,Roof,6937.03,,
CLM-001516,Structural,11059.38,,
CLM-001517,Water Mitigation,12013.44,,
CLM-001518,Structural,13421.17,11986.18,2026-08-07
CLM-001518,Contents,38132.23,36387.75,2026-08-07
CLM-001519,Structural,16422.51,,
CLM-001520,Water Mitigation,110309.6,,
CLM-001521,Roof,7692.09,,
CLM-001522,Structural,15174.99,,
CLM-001522,Contents,20936.63,,
CLM-001522,Roof,35375.34,,
CLM-001523,Contents,11102.54,,
CLM-001523,Exterior/Siding,19187.94,,
CLM-001524,Contents,25880.24,,
CLM-001525,Roof,39756.05,,
CLM-001526,Exterior/Siding,13065.26,,
CLM-001526,Roof,20676.62,,
CLM-001526,Contents,32044.13,,
CLM-001527,Structural,8428.12,,
CLM-001527,Exterior/Siding,11990.96,,
CLM-001527,Roof,31415.99,,
CLM-001528,Roof,22088.62,,
CLM-001528,Water Mitigation,55552.19,,
CLM-001529,Exterior/Siding,2705.48,,
CLM-001529,Roof,5273.74,,
CLM-001530,Roof,24948.75,,
CLM-001530,Water Mitigation,50702.94,,
CLM-001531,Roof,27633.66,,
CLM-001532,Contents,3690.15,,
CLM-001532,Water Mitigation,7624.46,,
CLM-001533,Water Mitigation,21227.68,,
CLM-001533,Exterior/Siding,43317.63,,
CLM-001534,Roof,13519.22,,
CLM-001535,Exterior/Siding,21498.33,,
CLM-001535,Roof,51719.89,,
CLM-001536,Roof,24343.74,,
CLM-001537,Roof,184143.67,,
CLM-001538,Contents,94749.29,,
CLM-001539,Water Mitigation,17294.06,,
CLM-001540,Contents,186181.34,,
CLM-001540,Roof,561083.03,,
CLM-001541,Water Mitigation,29533.04,,
CLM-001541,Exterior/Siding,33769.31,,
CLM-001542,Contents,359906.85,,
CLM-001542,Water Mitigation,956662.29,,
CLM-001543,Exterior/Siding,782.93,,
CLM-001543,Water Mitigation,2002.08,,
CLM-001544,Water Mitigation,18416.84,,
CLM-001545,Roof,128233.55,,
CLM-001545,Structural,313473.01,,
CLM-001546,Water Mitigation,844663.22,,
CLM-001547,Structural,12726.97,,
CLM-001547,Exterior/Siding,17363.84,,
CLM-001547,Contents,38962.18,,
CLM-001548,Roof,24198.57,,
CLM-001549,Roof,28950.52,,
CLM-001549,Water Mitigation,46009.94,,
CLM-001550,Contents,5789.37,,
CLM-001550,Roof,11554.43,,
CLM-001550,Exterior/Siding,13878.35,,
CLM-001551,Water Mitigation,38906.89,,
CLM-001551,Structural,84003.88,,
CLM-001552,Exterior/Siding,85930.63,,
CLM-001552,Structural,122770.15,,
CLM-001552,Roof,262424.99,,
CLM-001553,Roof,23409.37,,
CLM-001554,Roof,19260.1,,
CLM-001554,Exterior/Siding,55669.99,,
CLM-001555,Water Mitigation,58603.68,,
CLM-001556,Water Mitigation,7671.98,,
CLM-001556,Structural,9886.84,,
CLM-001556,Exterior/Siding,21409.4,,
CLM-001557,Exterior/Siding,51876.5,,
CLM-001558,Water Mitigation,17325.31,,
CLM-001559,Contents,2956.52,,
CLM-001559,Roof,5033.14,,
CLM-001560,Contents,4877.09,,
CLM-001560,Water Mitigation,7281.5,,
CLM-001561,Contents,185552.48,,
CLM-001561,Structural,394602.15,,
CLM-001562,Contents,12563.55,,
CLM-001562,Roof,23510.18,,
CLM-001562,Water Mitigation,45076.97,,
CLM-001563,Structural,42491.14,,
CLM-001564,Contents,32463.42,,
CLM-001564,Structural,59457.81,,
CLM-001565,Water Mitigation,5207.07,,
CLM-001565,Exterior/Siding,12265.64,,
CLM-001565,Structural,16325.57,,
CLM-001566,Contents,49554.21,,
CLM-001567,Roof,12140.85,,
CLM-001567,Exterior/Siding,31477.17,,
CLM-001568,Exterior/Siding,3004.27,,
CLM-001569,Structural,5478.49,,
CLM-001570,Structural,7237.67,,
CLM-001571,Exterior/Siding,8070.86,,
CLM-001571,Contents,12433.0,,
CLM-001571,Roof,23503.49,,
CLM-001572,Water Mitigation,22311.21,,
CLM-001573,Structural,4423.22,,
CLM-001573,Exterior/Siding,6278.42,,
CLM-001573,Contents,13064.37,,
CLM-001574,Exterior/Siding,12123.22,,
CLM-001574,Structural,21670.96,,
CLM-001575,Exterior/Siding,12524.2,,
CLM-001576,Contents,20156.38,,
CLM-001576,Exterior/Siding,27567.32,,
CLM-001576,Roof,52152.0,,
CLM-001577,Structural,61403.22,,
CLM-001578,Water Mitigation,32984.2,,
CLM-001579,Exterior/Siding,50036.01,,
CLM-001580,Exterior/Siding,20652.16,21544.3,2026-08-10
CLM-001581,Structural,3418.29,,
CLM-001581,Roof,7611.81,,
CLM-001581,Exterior/Siding,10182.21,,
CLM-001582,Structural,218710.47,,
CLM-001583,Contents,34163.33,,
CLM-001584,Structural,8803.66,,
CLM-001584,Exterior/Siding,15957.44,,
CLM-001585,Roof,8322.04,,
CLM-001586,Exterior/Siding,19211.39,,
CLM-001586,Structural,36439.54,,
CLM-001587,Contents,18274.38,,
CLM-001588,Structural,13496.81,,
CLM-001588,Exterior/Siding,23801.43,,
CLM-001589,Structural,40330.77,,
CLM-001589,Contents,62540.56,,
CLM-001590,Structural,144917.06,,
CLM-001591,Roof,37171.62,,
CLM-001591,Structural,72871.04,,
CLM-001592,Contents,22635.64,,
CLM-001592,Roof,36455.56,,
CLM-001592,Water Mitigation,77115.23,,
CLM-001593,Roof,27065.69,,
CLM-001594,Structural,14638.13,,
CLM-001594,Contents,26470.89,,
CLM-001595,Contents,15427.49,,
CLM-001596,Exterior/Siding,7212.66,,
CLM-001596,Structural,10164.52,,
CLM-001596,Roof,23574.94,,
CLM-001597,Water Mitigation,2797.45,,
CLM-001597,Contents,4280.58,,
CLM-001597,Exterior/Siding,7771.79,,
CLM-001598,Structural,18118.25,,
CLM-001598,Roof,46828.37,,
CLM-001599,Water Mitigation,4590.96,,
CLM-001599,Contents,9841.01,,
CLM-001600,Contents,8303.9,,
CLM-001600,Exterior/Siding,15206.11,,
CLM-001601,Structural,7113.61,,
CLM-001601,Contents,10579.7,,
CLM-001601,Roof,19632.22,,
CLM-001602,Exterior/Siding,28831.63,,
CLM-001603,Contents,14329.11,,
CLM-001604,Contents,23608.99,,
CLM-001605,Structural,37778.0,,
CLM-001605,Contents,96152.56,,
CLM-001606,Roof,52127.86,,
CLM-001607,Roof,14101.78,,
CLM-001607,Water Mitigation,29898.6,,
CLM-001608,Roof,8611.16,,
CLM-001609,Contents,3710.93,,
CLM-001609,Exterior/Siding,6584.33,,
CLM-001610,Water Mitigation,121390.86,,
CLM-001610,Contents,275510.49,,
CLM-001611,Structural,42008.5,,
CLM-001612,Water Mitigation,12083.27,,
CLM-001612,Structural,22307.27,,
CLM-001613,Structural,49706.56,,
CLM-001614,Structural,33767.45,,
CLM-001614,Roof,92003.56,,
CLM-001615,Structural,96710.71,,
CLM-001616,Exterior/Siding,49579.89,,
CLM-001617,Roof,110429.98,,
CLM-001618,Structural,29854.49,,
CLM-001618,Exterior/Siding,48287.96,,
CLM-001618,Water Mitigation,89343.9,,
CLM-001619,Contents,14156.65,,
CLM-001620,Structural,13717.84,,
CLM-001621,Exterior/Siding,11207.86,,
CLM-001621,Water Mitigation,25109.37,,
CLM-001622,Roof,92037.6,,
CLM-001623,Exterior/Siding,1672.87,,
CLM-001623,Structural,2762.55,,
CLM-001623,Water Mitigation,6358.77,,
CLM-001624,Exterior/Siding,13746.71,,
CLM-001625,Water Mitigation,11481.18,,
CLM-001625,Contents,19292.42,,
CLM-001626,Water Mitigation,81821.11,73402.37,2026-07-22
CLM-001627,Exterior/Siding,85161.89,,
CLM-001628,Structural,21338.62,,
CLM-001629,Structural,35499.08,31428.59,2026-08-04
CLM-001630,Structural,26281.07,,
CLM-001631,Roof,88128.25,,
CLM-001632,Contents,56451.78,,
CLM-001632,Structural,63574.31,,
CLM-001632,Roof,147832.49,,
CLM-001633,Exterior/Siding,32828.46,,
CLM-001634,Roof,42271.69,,
CLM-001635,Structural,26717.35,,
CLM-001636,Exterior/Siding,10351.33,,
CLM-001637,Water Mitigation,113839.49,,
CLM-001638,Structural,2465.31,,
CLM-001638,Exterior/Siding,4046.47,,
CLM-001638,Roof,7579.17,,
CLM-001639,Exterior/Siding,103324.32,,
CLM-001639,Roof,269360.14,,
CLM-001640,Exterior/Siding,119934.69,,
CLM-001640,Contents,183729.35,,
CLM-001641,Structural,38577.29,,
CLM-001642,Structural,4760.57,,
CLM-001642,Water Mitigation,13324.52,,
CLM-001643,Exterior/Siding,46613.8,,
CLM-001644,Water Mitigation,83214.66,,
CLM-001645,Contents,4509.16,,
CLM-001646,Exterior/Siding,31541.18,31324.18,2026-08-11
CLM-001647,Roof,25491.29,25054.58,2026-08-05
CLM-001647,Structural,33352.88,36069.68,2026-08-05
CLM-001648,Exterior/Siding,685.42,,
CLM-001648,Contents,1281.14,,
CLM-001649,Exterior/Siding,256291.77,,
CLM-001650,Structural,37273.53,,
CLM-001650,Roof,74052.98,,
CLM-001651,Structural,12818.42,,
CLM-001652,Structural,29509.12,,
CLM-001653,Contents,58337.27,,
CLM-001653,Structural,77318.09,,
CLM-001653,Roof,171932.92,,
CLM-001654,Structural,18502.09,,
CLM-001654,Water Mitigation,16943.37,,
CLM-001654,Contents,34482.62,,
CLM-001655,Roof,17517.36,,
CLM-001656,Contents,5851.29,,
CLM-001657,Roof,13605.94,,
CLM-001658,Exterior/Siding,11763.73,,
CLM-001658,Roof,21140.5,,
CLM-001659,Exterior/Siding,24774.6,,
CLM-001659,Roof,48200.3,,
CLM-001660,Contents,48055.03,,
CLM-001660,Roof,138948.11,,
CLM-001661,Structural,4758.13,,
CLM-001661,Roof,7640.47,,
CLM-001662,Water Mitigation,26867.52,,
CLM-001663,Exterior/Siding,34218.03,,
CLM-001663,Water Mitigation,75041.92,,
CLM-001664,Roof,84030.88,,
CLM-001664,Exterior/Siding,138987.21,,
CLM-001665,Water Mitigation,7142.71,,
CLM-001666,Structural,20571.63,,
CLM-001666,Water Mitigation,33364.69,,
CLM-001666,Exterior/Siding,83938.4,,
CLM-001667,Roof,56789.5,,
CLM-001668,Contents,13394.73,,
CLM-001669,Exterior/Siding,18920.07,,
CLM-001670,Exterior/Siding,92386.14,,
CLM-001671,Roof,115913.54,,
CLM-001672,Exterior/Siding,12565.41,,
CLM-001672,Water Mitigation,21556.05,,
CLM-001673,Roof,18910.06,,
CLM-001673,Exterior/Siding,43730.12,,
CLM-001674,Water Mitigation,20974.88,,
CLM-001674,Contents,44712.16,,
CLM-001675,Structural,10342.39,,
CLM-001676,Exterior/Siding,148751.32,,
CLM-001677,Roof,24865.5,,
CLM-001678,Roof,31193.75,,
CLM-001679,Structural,21091.96,,
CLM-001680,Contents,32541.19,,
CLM-001681,Water Mitigation,5978.87,,
CLM-001682,Roof,34854.69,,
CLM-001683,Exterior/Siding,5951.42,,
CLM-001683,Contents,6208.81,,
CLM-001683,Roof,16261.77,,
CLM-001684,Water Mitigation,11543.96,,
CLM-001684,Contents,13446.23,,
CLM-001684,Structural,37484.73,,
CLM-001685,Structural,7367.92,,
CLM-001685,Contents,15958.38,,
CLM-001685,Water Mitigation,31474.66,,
CLM-001686,Contents,20824.69,,
CLM-001686,Water Mitigation,35203.9,,
CLM-001687,Structural,14393.67,,
CLM-001687,Roof,28243.31,,
CLM-001688,Contents,5177.3,,
CLM-001689,Water Mitigation,18153.76,,
CLM-001690,Structural,10155.04,,
CLM-001690,Contents,20675.22,,
CLM-001691,Exterior/Siding,18588.29,,
CLM-001691,Roof,51566.91,,
CLM-001692,Contents,9587.01,,
CLM-001692,Water Mitigation,13567.79,,
CLM-001693,Water Mitigation,23136.03,,
CLM-001694,Exterior/Siding,29350.85,,
CLM-001695,Water Mitigation,61292.4,,
CLM-001695,Structural,89593.46,,
CLM-001696,Structural,34212.42,,
CLM-001697,Roof,3646.1,,
CLM-001697,Water Mitigation,9271.79,,
CLM-001697,Contents,12576.44,,
CLM-001698,Exterior/Siding,3204.56,,
CLM-001699,Exterior/Siding,192708.73,,
CLM-001699,Contents,318818.11,,
CLM-001700,Structural,37931.8,,
CLM-001700,Contents,94851.94,,
CLM-001701,Structural,273919.27,,
CLM-001701,Roof,524471.82,,
CLM-001702,Contents,31841.07,,
CLM-001703,Water Mitigation,33487.83,,
CLM-001703,Roof,69715.03,,
CLM-001703,Contents,179319.97,,
CLM-001704,Water Mitigation,9383.49,,
CLM-001704,Contents,13566.77,,
CLM-001705,Exterior/Siding,12309.41,,
CLM-001706,Exterior/Siding,350953.41,,
CLM-001706,Contents,803787.59,,
CLM-001707,Water Mitigation,27444.44,,
CLM-001708,Exterior/Siding,2212.67,,
CLM-001709,Exterior/Siding,36297.53,,
CLM-001710,Structural,2880.85,,
CLM-001710,Roof,6754.29,,
CLM-001711,Exterior/Siding,84864.14,,
CLM-001712,Structural,12025.85,,
CLM-001713,Exterior/Siding,962.83,,
CLM-001713,Water Mitigation,2855.88,,
CLM-001714,Water Mitigation,12360.84,,
CLM-001714,Contents,19489.02,,
CLM-001714,Exterior/Siding,56189.99,,
CLM-001715,Roof,9471.74,,
CLM-001716,Exterior/Siding,29041.87,,
CLM-001717,Exterior/Siding,194170.69,,
CLM-001718,Contents,146592.44,,
CLM-001719,Water Mitigation,19848.11,,
CLM-001720,Exterior/Siding,39026.45,,
CLM-001720,Roof,69815.18,,
CLM-001720,Structural,92767.01,,
CLM-001721,Water Mitigation,10305.54,,
CLM-001722,Water Mitigation,110767.17,,
CLM-001723,Water Mitigation,13834.34,,
CLM-001723,Exterior/Siding,26401.61,,
CLM-001724,Structural,14982.87,,
CLM-001725,Contents,29940.41,,
CLM-001726,Exterior/Siding,61718.11,,
CLM-001726,Roof,159366.34,,
CLM-001727,Contents,18207.89,,
CLM-001728,Contents,442104.36,,
CLM-001728,Structural,1022094.97,,
CLM-001729,Exterior/Siding,6550.65,,
CLM-001729,Roof,8571.2,,
CLM-001729,Structural,30539.75,,
CLM-001730,Structural,30831.86,31247.58,2026-07-31
CLM-001730,Water Mitigation,50633.96,49822.26,2026-07-31
CLM-001730,Roof,97442.79,91498.84,2026-07-31
CLM-001731,Roof,1914.72,,
CLM-001731,Water Mitigation,4001.86,,
CLM-001731,Contents,9068.98,,
CLM-001732,Contents,20407.12,,
CLM-001732,Exterior/Siding,38425.88,,
CLM-001733,Contents,180296.49,,
CLM-001734,Contents,4566.02,,
CLM-001734,Exterior/Siding,10888.16,,
CLM-001735,Structural,37739.99,,
CLM-001736,Roof,2592.13,,
CLM-001736,Contents,4289.92,,
CLM-001737,Exterior/Siding,54162.64,,
CLM-001737,Structural,116101.47,,
CLM-001738,Contents,75316.33,,
CLM-001739,Roof,14318.16,,
CLM-001740,Water Mitigation,8843.9,,
CLM-001740,Exterior/Siding,19547.5,,
CLM-001741,Structural,59603.84,,
CLM-001741,Exterior/Siding,111105.66,,
CLM-001742,Structural,52526.12,,
CLM-001743,Structural,9064.78,,
CLM-001743,Roof,27041.53,,
CLM-001744,Exterior/Siding,7400.45,,
CLM-001744,Roof,14604.05,,
CLM-001744,Contents,26195.29,,
CLM-001745,Contents,21668.59,,
CLM-001746,Structural,2579.2,,
CLM-001746,Exterior/Siding,8562.13,,
CLM-001747,Roof,198157.84,,
CLM-001748,Exterior/Siding,55687.68,,
CLM-001749,Structural,19020.97,,
CLM-001749,Exterior/Siding,49235.57,,
CLM-001750,Roof,8725.3,,
CLM-001750,Structural,15525.89,,
CLM-001751,Structural,15893.09,,
CLM-001752,Contents,37634.14,,
CLM-001753,Roof,13759.6,,
CLM-001753,Contents,20837.65,,
CLM-001754,Contents,28026.3,,
CLM-001754,Structural,29466.1,,
CLM-001754,Roof,64630.18,,
CLM-001755,Water Mitigation,20177.89,,
CLM-001756,Roof,14295.8,,
CLM-001757,Roof,1165903.43,,
CLM-001758,Water Mitigation,40970.27,,
CLM-001759,Water Mitigation,52984.66,,
CLM-001760,Structural,32236.52,,
CLM-001760,Roof,75526.03,,
CLM-001760,Contents,99829.8,,
CLM-001761,Water Mitigation,56444.08,,
CLM-001762,Structural,19532.83,,
CLM-001762,Exterior/Siding,29187.79,,
CLM-001763,Exterior/Siding,13021.79,,
CLM-001764,Roof,63772.06,,
CLM-001764,Structural,168394.04,,
CLM-001765,Water Mitigation,20978.52,,
CLM-001766,Roof,35426.27,,
CLM-001767,Exterior/Siding,85726.68,,
CLM-001768,Contents,3009.67,,
CLM-001768,Roof,6030.71,,
CLM-001769,Structural,34597.47,,
CLM-001769,Contents,81212.21,,
CLM-001770,Roof,5759.86,,
CLM-001770,Contents,7220.42,,
CLM-001770,Structural,12272.83,,
CLM-001771,Exterior/Siding,130161.47,,
CLM-001772,Water Mitigation,46432.6,,
CLM-001773,Structural,796014.91,,
CLM-001774,Exterior/Siding,52091.59,,
CLM-001774,Contents,107884.45,,
CLM-001775,Water Mitigation,3675.55,,
CLM-001775,Roof,5866.66,,
CLM-001776,Water Mitigation,3465.71,,
CLM-001776,Exterior/Siding,5518.34,,
CLM-001777,Structural,36742.79,34785.12,2026-07-31
CLM-001778,Contents,29290.24,,
CLM-001779,Contents,10548.36,,
CLM-001779,Exterior/Siding,23037.02,,
CLM-001780,Structural,5030.13,,
CLM-001780,Roof,11329.97,,
CLM-001780,Exterior/Siding,18362.59,,
CLM-001781,Roof,25902.28,,
CLM-001782,Exterior/Siding,19050.84,17945.63,2026-07-25
CLM-001783,Roof,523139.6,,
CLM-001784,Contents,5840.54,,
CLM-001784,Water Mitigation,8108.67,,
CLM-001784,Exterior/Siding,25291.6,,
CLM-001785,Exterior/Siding,3842.18,,
CLM-001785,Structural,6429.21,,
CLM-001786,Structural,40055.85,,
CLM-001787,Water Mitigation,5504.4,,
CLM-001788,Water Mitigation,10569.95,,
CLM-001788,Structural,32367.54,,
CLM-001789,Contents,39200.87,,
CLM-001790,Roof,3773.75,,
CLM-001790,Contents,5928.94,,
CLM-001790,Water Mitigation,15036.38,,
CLM-001791,Exterior/Siding,8610.51,,
CLM-001791,Water Mitigation,18201.67,,
CLM-001792,Exterior/Siding,8433.21,,
CLM-001792,Roof,20777.78,,
CLM-001793,Water Mitigation,44721.4,,
CLM-001793,Contents,125528.11,,
CLM-001794,Roof,118358.58,,
CLM-001795,Roof,3350.78,,
CLM-001795,Structural,5653.74,,
CLM-001796,Exterior/Siding,27488.8,,
CLM-001797,Exterior/Siding,13020.95,,
CLM-001798,Structural,194822.17,,
CLM-001799,Roof,15803.95,,
CLM-001799,Structural,17098.57,,
CLM-001799,Water Mitigation,34989.4,,
CLM-001800,Structural,14433.41,,
CLM-001800,Water Mitigation,30861.57,,
CLM-001801,Contents,44935.53,,
CLM-001802,Water Mitigation,7588.79,,
CLM-001802,Exterior/Siding,21312.13,,
CLM-001803,Roof,12405.69,,
CLM-001804,Water Mitigation,6147.82,,
CLM-001804,Roof,11160.68,,
CLM-001805,Roof,38958.52,,
CLM-001805,Water Mitigation,96613.93,,
CLM-001806,Structural,10530.03,,
CLM-001806,Water Mitigation,22667.29,,
CLM-001807,Structural,6793.07,,
CLM-001807,Contents,9705.23,,
CLM-001807,Exterior/Siding,27106.75,,
CLM-001808,Roof,143698.48,,
CLM-001808,Contents,282915.88,,
CLM-001809,Water Mitigation,81187.43,,
CLM-001809,Roof,134711.56,,
CLM-001810,Roof,40823.36,,
CLM-001811,Exterior/Siding,7003.27,,
CLM-001811,Structural,16207.88,,
CLM-001812,Water Mitigation,29556.47,,
CLM-001812,Contents,85323.0,,
CLM-001813,Roof,102609.96,,
CLM-001813,Water Mitigation,207870.81,,
CLM-001814,Roof,134153.02,,
CLM-001814,Contents,181450.96,,
CLM-001814,Structural,286498.57,,
CLM-001815,Structural,4269.54,,
CLM-001815,Water Mitigation,4621.56,,
CLM-001815,Roof,16808.12,,
CLM-001816,Contents,32846.33,,
CLM-001817,Exterior/Siding,9942.98,,
CLM-001817,Contents,20586.74,,
CLM-001818,Roof,19888.65,,
CLM-001818,Structural,39885.41,,
CLM-001819,Contents,47522.36,,
CLM-001820,Roof,1225659.51,,
CLM-001821,Structural,28505.16,,
CLM-001821,Contents,47265.73,,
CLM-001822,Structural,25305.01,,
CLM-001823,Water Mitigation,18237.9,20349.78,2026-07-23
CLM-001823,Exterior/Siding,32304.07,30752.95,2026-07-23
CLM-001824,Exterior/Siding,36627.91,,
CLM-001825,Water Mitigation,22520.28,,
CLM-001825,Structural,46545.27,,
CLM-001826,Contents,61040.24,,
CLM-001827,Structural,294846.9,,
CLM-001828,Exterior/Siding,62752.01,,
CLM-001828,Water Mitigation,141629.15,,
CLM-001829,Structural,5534.72,,
CLM-001829,Water Mitigation,8432.47,,
CLM-001830,Water Mitigation,14450.74,,
CLM-001830,Roof,28938.56,,
CLM-001831,Contents,165907.91,,
CLM-001831,Structural,348962.1,,
CLM-001832,Exterior/Siding,24003.08,,
CLM-001833,Water Mitigation,3595.76,,
CLM-001834,Water Mitigation,10010.64,,
CLM-001835,Contents,163579.76,,
CLM-001836,Structural,1327.96,,
CLM-001836,Exterior/Siding,2517.79,,
CLM-001837,Structural,3542.99,,
CLM-001837,Contents,6918.89,,
CLM-001838,Water Mitigation,23574.75,,
CLM-001839,Structural,6505.77,,
CLM-001839,Water Mitigation,7735.1,,
CLM-001839,Contents,15736.04,,
CLM-001840,Contents,3647.96,,
CLM-001840,Water Mitigation,4839.31,,
CLM-001840,Exterior/Siding,12119.44,,
CLM-001841,Exterior/Siding,601892.84,,
CLM-001842,Structural,23203.47,,
CLM-001842,Roof,51822.13,,
CLM-001843,Exterior/Siding,23262.78,,
CLM-001844,Structural,12406.56,,
CLM-001844,Water Mitigation,29253.88,,
CLM-001845,Water Mitigation,100500.0,,
CLM-001846,Contents,19714.27,,
CLM-001846,Exterior/Siding,30121.94,,
CLM-001846,Structural,60523.4,,
CLM-001847,Water Mitigation,12262.89,,
CLM-001847,Roof,14948.32,,
CLM-001848,Exterior/Siding,196489.09,,
CLM-001848,Water Mitigation,263825.35,,
CLM-001849,Water Mitigation,50318.9,,
CLM-001849,Roof,106557.28,,
CLM-001850,Structural,28327.14,,
CLM-001850,Exterior/Siding,63310.07,,
CLM-001851,Contents,63285.43,,
CLM-001852,Contents,1117664.58,,
CLM-001853,Roof,36811.68,,
CLM-001854,Contents,48819.36,,
CLM-001855,Structural,40336.5,,
CLM-001855,Contents,38632.35,,
CLM-001855,Water Mitigation,93914.16,,
CLM-001856,Exterior/Siding,293571.54,,
CLM-001857,Water Mitigation,37506.77,,
CLM-001858,Water Mitigation,301989.44,,
CLM-001859,Structural,57155.89,,
CLM-001859,Exterior/Siding,69405.2,,
CLM-001859,Roof,147923.85,,
CLM-001860,Contents,27335.48,,
CLM-001861,Structural,123478.01,,
CLM-001862,Roof,28407.34,,
CLM-001862,Exterior/Siding,58367.94,,
CLM-001863,Roof,22387.58,,
CLM-001863,Structural,31938.47,,
CLM-001863,Water Mitigation,47077.96,,
CLM-001864,Water Mitigation,77544.17,,
CLM-001865,Contents,6628.89,,
CLM-001866,Roof,7617.52,,
CLM-001867,Contents,24154.46,,
CLM-001868,Contents,29774.9,,
CLM-001868,Water Mitigation,54276.88,,
CLM-001869,Roof,29922.55,,
CLM-001870,Water Mitigation,89509.79,,
CLM-001870,Structural,105022.69,,
CLM-001870,Roof,250393.18,,
CLM-001871,Structural,154483.29,,
CLM-001872,Roof,16036.51,,
CLM-001872,Water Mitigation,42393.41,,
CLM-001873,Structural,110857.62,,
CLM-001873,Exterior/Siding,318705.75,,
CLM-001874,Exterior/Siding,22957.48,25989.12,2026-08-07
CLM-001875,Roof,16700.83,,
CLM-001875,Contents,30153.75,,
CLM-001876,Exterior/Siding,7566.97,,
CLM-001876,Structural,22314.34,,
CLM-001877,Exterior/Siding,12315.76,,
CLM-001877,Contents,16374.76,,
CLM-001878,Structural,11818.56,,
CLM-001879,Exterior/Siding,30266.82,34959.26,2026-07-29
CLM-001880,Structural,30905.67,,
CLM-001881,Water Mitigation,8730.53,,
CLM-001882,Contents,271760.37,,
CLM-001883,Water Mitigation,45008.6,,
CLM-001883,Roof,72902.9,,
CLM-001884,Structural,28912.61,,
CLM-001885,Roof,76265.75,,
CLM-001885,Contents,150841.74,,
CLM-001886,Structural,109088.36,,
CLM-001887,Structural,11015.63,,
CLM-001887,Water Mitigation,28235.09,,
CLM-001888,Exterior/Siding,13660.52,,
CLM-001888,Structural,29836.27,,
CLM-001889,Contents,128258.38,144832.28,2026-08-15
CLM-001890,Water Mitigation,70032.24,,
CLM-001891,Structural,6777.5,,
CLM-001891,Roof,12081.18,,
CLM-001891,Water Mitigation,18132.05,,
CLM-001892,Exterior/Siding,30525.7,,
CLM-001892,Roof,64106.3,,
CLM-001893,Structural,3828.93,,
CLM-001893,Water Mitigation,4049.25,,
CLM-001893,Roof,11009.12,,
CLM-001894,Structural,1250.42,,
CLM-001894,Roof,3031.78,,
CLM-001895,Roof,61973.52,,
CLM-001895,Water Mitigation,116859.55,,
CLM-001896,Exterior/Siding,131573.86,,
CLM-001897,Roof,6208.77,,
CLM-001898,Contents,11374.33,,
CLM-001898,Structural,23592.17,,
CLM-001898,Exterior/Siding,41092.1,,
CLM-001899,Contents,30863.22,34900.6,2026-08-08
CLM-001900,Structural,5323.43,,
CLM-001900,Contents,9183.22,,
CLM-001901,Structural,21957.4,,
CLM-001902,Exterior/Siding,131031.43,118207.69,2026-08-12
CLM-001903,Contents,13499.31,,
CLM-001903,Roof,26970.65,,
CLM-001904,Roof,4922.04,,
CLM-001904,Contents,9935.49,,
CLM-001904,Water Mitigation,15608.56,,
CLM-001905,Water Mitigation,43994.51,,
CLM-001905,Exterior/Siding,83355.68,,
CLM-001906,Exterior/Siding,10788.14,,
CLM-001906,Structural,18347.44,,
CLM-001907,Exterior/Siding,25746.46,,
CLM-001908,Roof,19195.91,,
CLM-001908,Structural,35612.97,,
CLM-001909,Structural,39479.0,,
CLM-001909,Roof,87985.48,,
CLM-001910,Water Mitigation,9268.22,,
CLM-001910,Exterior/Siding,15976.54,,
CLM-001911,Roof,50186.06,,
CLM-001912,Structural,12043.88,,
CLM-001912,Roof,32783.09,,
CLM-001912,Contents,43462.6,,
CLM-001913,Structural,11546.24,,
CLM-001913,Roof,21689.38,,
CLM-001913,Water Mitigation,41325.91,,
CLM-001914,Structural,1740.56,,
CLM-001914,Water Mitigation,2225.99,,
CLM-001915,Contents,6237.9,,
CLM-001915,Exterior/Siding,13173.4,,
CLM-001915,Roof,24400.04,,
CLM-001916,Exterior/Siding,50767.42,,
CLM-001917,Contents,203903.01,,
CLM-001917,Structural,542954.78,,
CLM-001918,Exterior/Siding,32882.83,,
CLM-001918,Water Mitigation,58142.99,,
CLM-001919,Water Mitigation,25908.86,,
CLM-001920,Roof,24076.9,,
CLM-001921,Contents,21189.47,,
CLM-001922,Exterior/Siding,27213.07,,
CLM-001922,Water Mitigation,36146.6,,
CLM-001922,Contents,84045.87,,
CLM-001923,Exterior/Siding,3611.13,,
CLM-001923,Roof,8642.82,,
CLM-001923,Contents,13911.57,,
CLM-001924,Contents,162181.74,,
CLM-001924,Roof,251514.94,,
CLM-001925,Roof,13101.97,,
CLM-001926,Water Mitigation,6398.36,,
CLM-001926,Exterior/Siding,7502.82,,
CLM-001927,Exterior/Siding,10853.41,,
CLM-001927,Structural,19168.57,,
CLM-001928,Contents,163781.85,,
CLM-001929,Water Mitigation,182019.66,,
CLM-001929,Structural,419941.38,,
CLM-001930,Structural,27771.8,,
CLM-001930,Water Mitigation,33842.11,,
CLM-001931,Exterior/Siding,36106.88,,
CLM-001931,Structural,47360.74,,
CLM-001932,Exterior/Siding,12961.95,,
CLM-001933,Water Mitigation,1374.57,,
CLM-001933,Structural,2315.86,,
CLM-001933,Contents,3949.65,,
CLM-001934,Structural,25164.09,,
CLM-001934,Contents,43057.08,,
CLM-001934,Water Mitigation,77013.05,,
CLM-001935,Water Mitigation,18061.45,,
CLM-001935,Contents,20512.76,,
CLM-001935,Exterior/Siding,63759.99,,
CLM-001936,Roof,16987.42,18617.29,2026-07-28
CLM-001936,Contents,24970.76,23864.57,2026-07-28
CLM-001936,Exterior/Siding,49151.56,55603.68,2026-07-28
CLM-001937,Contents,1229699.35,,
CLM-001937,Water Mitigation,3263194.33,,
CLM-001938,Contents,53643.48,,
CLM-001938,Structural,69563.71,,
CLM-001938,Water Mitigation,127944.33,,
CLM-001939,Contents,153345.56,,
CLM-001940,Structural,315309.95,,
CLM-001940,Water Mitigation,643528.62,,
CLM-001941,Water Mitigation,41672.76,,
CLM-001942,Structural,22226.89,,
CLM-001942,Roof,51769.79,,
CLM-001943,Contents,13524.37,,
CLM-001944,Exterior/Siding,18873.49,,
CLM-001945,Structural,26008.93,,
CLM-001945,Exterior/Siding,37148.46,,
CLM-001946,Water Mitigation,227480.22,,
CLM-001946,Structural,528104.45,,
CLM-001947,Contents,515087.06,,
CLM-001947,Exterior/Siding,919124.77,,
CLM-001947,Structural,1892133.73,,
CLM-001948,Exterior/Siding,177479.56,,
CLM-001948,Roof,411804.3,,
CLM-001949,Exterior/Siding,80378.22,,
CLM-001950,Contents,350990.8,,
CLM-001951,Contents,42633.46,,
CLM-001952,Structural,40829.72,,
CLM-001953,Exterior/Siding,5222.6,,
CLM-001953,Roof,8164.45,,
CLM-001953,Water Mitigation,11766.28,,
CLM-001954,Structural,155215.99,160770.11,2026-08-14
CLM-001955,Structural,86322.88,,
CLM-001955,Exterior/Siding,112859.72,,
CLM-001956,Roof,18594.36,,
CLM-001957,Roof,16336.07,,
CLM-001958,Structural,44395.55,,
CLM-001959,Water Mitigation,23792.56,,
CLM-001959,Roof,33754.89,,
CLM-001960,Exterior/Siding,6572.11,,
CLM-001960,Roof,8260.62,,
CLM-001960,Contents,15931.32,,
CLM-001961,Structural,70929.08,,
CLM-001962,Exterior/Siding,87263.88,,
CLM-001963,Water Mitigation,138949.58,,
CLM-001964,Contents,53619.73,,
CLM-001964,Roof,62160.53,,
CLM-001964,Exterior/Siding,150550.7,,
CLM-001965,Water Mitigation,36542.59,33199.58,2026-08-04
CLM-001965,Roof,42545.14,46912.56,2026-08-04
CLM-001965,Contents,100978.72,92575.85,2026-08-04
CLM-001966,Water Mitigation,25431.09,,
CLM-001966,Contents,51227.0,,
CLM-001966,Roof,96818.42,,
CLM-001967,Structural,38697.55,,
CLM-001967,Contents,38235.61,,
CLM-001967,Exterior/Siding,97603.24,,
CLM-001968,Exterior/Siding,17281.23,,
CLM-001969,Roof,65770.15,,
CLM-001970,Roof,15672.21,,
CLM-001971,Structural,38701.84,,
CLM-001971,Contents,86216.55,,
CLM-001972,Contents,476766.07,,
CLM-001973,Contents,18417.37,,
CLM-001973,Exterior/Siding,50147.74,,
CLM-001974,Roof,30218.64,,
CLM-001975,Exterior/Siding,18632.1,,
CLM-001976,Exterior/Siding,30660.47,,
CLM-001976,Structural,75938.23,,
CLM-001976,Contents,131668.68,,
CLM-001977,Roof,310184.93,,
CLM-001978,Water Mitigation,13082.5,,
CLM-001979,Contents,9079.08,,
CLM-001979,Water Mitigation,20111.3,,
CLM-001980,Structural,8908.64,,
CLM-001980,Water Mitigation,19620.15,,
CLM-001981,Roof,25652.42,,
CLM-001981,Structural,39517.83,,
CLM-001982,Water Mitigation,30269.52,,
CLM-001983,Roof,285475.83,,
CLM-001983,Contents,479866.69,,
CLM-001984,Structural,28694.65,,
CLM-001985,Contents,19757.65,,
CLM-001985,Water Mitigation,30075.27,,
CLM-001985,Roof,62858.51,,
CLM-001986,Contents,17977.53,,
CLM-001986,Exterior/Siding,38803.93,,
CLM-001987,Roof,34992.89,,
CLM-001988,Water Mitigation,21655.4,,
CLM-001989,Structural,115803.14,,
CLM-001990,Roof,5557.92,,
CLM-001990,Exterior/Siding,6672.08,,
CLM-001990,Water Mitigation,18881.22,,
CLM-001991,Water Mitigation,2607.14,,
CLM-001991,Exterior/Siding,5068.93,,
CLM-001991,Structural,6800.62,,
CLM-001992,Roof,153872.15,,
CLM-001992,Structural,263954.48,,
CLM-001992,Water Mitigation,628010.48,,
CLM-001993,Structural,37961.77,,
CLM-001993,Roof,96982.78,,
CLM-001994,Exterior/Siding,24837.0,,
CLM-001995,Contents,3352.7,,
CLM-001995,Exterior/Siding,4820.17,,
CLM-001996,Water Mitigation,66489.23,,
CLM-001996,Roof,171488.78,,
CLM-001997,Structural,29001.14,,
CLM-001998,Water Mitigation,25495.05,,
CLM-001999,Water Mitigation,53017.64,,
CLM-002000,Exterior/Siding,7084.02,,
CLM-002000,Roof,6932.07,,
CLM-002000,Contents,20292.23,,
CLM-002001,Contents,7796.18,,
CLM-002002,Exterior/Siding,124444.42,,
CLM-002003,Water Mitigation,15655.89,,
CLM-002003,Roof,31281.39,,
CLM-002004,Contents,17493.22,,
CLM-002004,Exterior/Siding,41003.71,,
CLM-002005,Roof,9105.71,,
CLM-002006,Roof,7611.63,,
CLM-002007,Water Mitigation,203011.7,,
CLM-002008,Structural,2568.33,,
CLM-002008,Water Mitigation,6611.13,,
CLM-002009,Contents,8472.77,,
CLM-002009,Water Mitigation,20277.92,,
CLM-002009,Roof,32403.66,,
CLM-002010,Structural,39701.57,,
CLM-002010,Water Mitigation,50852.77,,
CLM-002010,Roof,109210.36,,
CLM-002011,Contents,12694.15,,
CLM-002011,Structural,26134.78,,
CLM-002012,Structural,64176.21,,
CLM-002013,Water Mitigation,10490.23,,
CLM-002013,Exterior/Siding,21851.13,,
CLM-002014,Roof,18962.94,,
CLM-002014,Contents,29167.43,,
CLM-002015,Structural,66367.37,,
CLM-002015,Water Mitigation,151463.45,,
CLM-002016,Structural,64350.88,,
CLM-002017,Roof,249855.36,,
CLM-002018,Contents,38434.86,,
CLM-002019,Contents,5149.76,,
CLM-002019,Roof,12003.01,,
CLM-002020,Structural,118962.59,,
CLM-002021,Water Mitigation,37697.22,,
CLM-002022,Exterior/Siding,404139.68,,
CLM-002023,Exterior/Siding,49228.81,,
CLM-002023,Structural,54984.14,,
CLM-002023,Water Mitigation,140580.26,,
CLM-002024,Contents,610490.4,,
CLM-002025,Water Mitigation,79917.16,,
CLM-002025,Exterior/Siding,180318.9,,
CLM-002026,Structural,18188.8,,
CLM-002026,Roof,24457.6,,
CLM-002026,Exterior/Siding,50987.37,,
CLM-002027,Water Mitigation,17481.61,,
CLM-002028,Exterior/Siding,79165.36,,
CLM-002029,Roof,29095.9,,
CLM-002029,Exterior/Siding,36522.96,,
CLM-002029,Water Mitigation,61159.46,,
CLM-002030,Structural,21457.03,,
CLM-002030,Contents,45030.77,,
CLM-002031,Water Mitigation,4148.55,,
CLM-002031,Exterior/Siding,8578.01,,
CLM-002032,Water Mitigation,12109.88,,
CLM-002033,Structural,24647.92,,
CLM-002034,Roof,2797.1,,
CLM-002034,Exterior/Siding,2463.4,,
CLM-002034,Water Mitigation,6019.86,,
CLM-002035,Contents,5037.25,,
CLM-002035,Roof,18058.02,,
CLM-002036,Exterior/Siding,136118.21,,
CLM-002037,Exterior/Siding,364145.13,,
CLM-002038,Structural,6969.89,,
CLM-002038,Exterior/Siding,8291.38,,
CLM-002038,Water Mitigation,18422.44,,
CLM-002039,Roof,16518.23,,
CLM-002040,Exterior/Siding,4433.54,,
CLM-002041,Contents,20942.91,,
CLM-002042,Contents,42725.96,,
CLM-002043,Contents,262944.83,,
CLM-002043,Water Mitigation,347601.52,,
CLM-002044,Water Mitigation,3202.91,,
CLM-002045,Contents,32593.27,,
CLM-002045,Roof,62707.26,,
CLM-002046,Exterior/Siding,152401.44,,
CLM-002047,Water Mitigation,16394.98,,
CLM-002047,Contents,46136.62,,
CLM-002048,Exterior/Siding,229412.3,,
CLM-002049,Water Mitigation,28108.5,,
CLM-002049,Contents,37907.31,,
CLM-002049,Structural,83524.94,,
CLM-002050,Water Mitigation,11130.92,,
CLM-002051,Exterior/Siding,3348.8,,
CLM-002051,Water Mitigation,10336.84,,
CLM-002052,Water Mitigation,2738.9,,
CLM-002052,Structural,6735.69,,
CLM-002053,Exterior/Siding,55497.12,,
CLM-002054,Water Mitigation,42498.6,,
CLM-002055,Contents,3094.52,3090.46,2026-08-04
CLM-002055,Roof,3398.56,3620.54,2026-08-04
CLM-002055,Structural,8287.72,8797.88,2026-08-04
CLM-002056,Water Mitigation,25123.75,,
CLM-002057,Structural,61831.91,,
CLM-002058,Contents,5921.55,,
CLM-002058,Structural,11362.82,,
CLM-002059,Contents,48798.25,,
CLM-002060,Water Mitigation,6414.33,,
CLM-002061,Structural,10309.78,,
CLM-002061,Exterior/Siding,21185.28,,
CLM-002061,Roof,35611.49,,
CLM-002062,Structural,7958.21,,
CLM-002062,Contents,7419.77,,
CLM-002062,Water Mitigation,18496.81,,
CLM-002063,Water Mitigation,38000.67,,
CLM-002063,Structural,93148.08,,
CLM-002064,Water Mitigation,8574.15,,
CLM-002064,Roof,16843.31,,
CLM-002065,Structural,38881.2,,
CLM-002066,Structural,25199.13,,
CLM-002067,Structural,8738.63,,
CLM-002067,Exterior/Siding,17716.4,,
CLM-002068,Exterior/Siding,61437.25,,
CLM-002068,Water Mitigation,89514.06,,
CLM-002068,Contents,139422.34,,
CLM-002069,Structural,83229.03,,
CLM-002070,Exterior/Siding,178110.97,,
CLM-002071,Structural,7655.72,,
CLM-002071,Water Mitigation,10849.19,,
CLM-002072,Roof,5423.41,,
CLM-002072,Exterior/Siding,13750.79,,
CLM-002073,Structural,27923.42,,
CLM-002074,Contents,33878.71,,
CLM-002074,Structural,60857.84,,
CLM-002075,Structural,221249.41,,
CLM-002076,Structural,17691.6,,
CLM-002077,Water Mitigation,8287.03,,
CLM-002078,Structural,122160.12,,
CLM-002078,Roof,331381.55,,
CLM-002079,Contents,9543.21,,
CLM-002080,Contents,146626.71,,
CLM-002081,Exterior/Siding,4695.43,,
CLM-002082,Roof,16982.24,18679.11,2026-07-26
CLM-002082,Structural,29527.99,28608.16,2026-07-26
CLM-002083,Structural,15160.06,,
CLM-002083,Roof,26520.06,,
CLM-002084,Contents,10547.83,,
CLM-002084,Water Mitigation,17038.41,,
CLM-002085,Water Mitigation,20360.52,,
CLM-002086,Roof,3691.79,,
CLM-002086,Structural,6390.79,,
CLM-002086,Water Mitigation,12083.52,,
CLM-002087,Structural,1953.43,,
CLM-002087,Exterior/Siding,3206.33,,
CLM-002087,Contents,7132.77,,
CLM-002088,Exterior/Siding,27539.69,,
CLM-002089,Roof,16640.7,,
CLM-002089,Contents,33319.83,,
CLM-002090,Roof,14603.02,,
CLM-002090,Contents,26333.18,,
CLM-002091,Structural,293795.32,,
CLM-002092,Exterior/Siding,32625.95,,
CLM-002092,Water Mitigation,91921.63,,
CLM-002093,Water Mitigation,94949.48,95661.32,2026-08-17
CLM-002093,Roof,206628.54,207031.06,2026-08-17
CLM-002094,Exterior/Siding,28496.7,,
CLM-002095,Water Mitigation,45005.75,,
CLM-002096,Structural,23120.79,,
CLM-002097,Roof,9990.95,,
CLM-002098,Contents,30728.33,,
CLM-002098,Structural,54064.06,,
CLM-002099,Roof,17856.59,,
CLM-002100,Water Mitigation,34312.38,,
CLM-002101,Roof,67230.15,,
CLM-002101,Water Mitigation,89715.89,,
CLM-002102,Exterior/Siding,9560.43,8668.03,2026-08-11
CLM-002102,Water Mitigation,17492.1,19218.29,2026-08-11
CLM-002102,Contents,28390.93,33086.0,2026-08-11
CLM-002103,Water Mitigation,43386.44,,
CLM-002103,Roof,83649.28,,
CLM-002104,Exterior/Siding,26211.91,,
CLM-002105,Contents,49053.47,,
CLM-002106,Contents,23994.97,,
CLM-002106,Exterior/Siding,48027.42,,
CLM-002106,Water Mitigation,77571.94,,
CLM-002107,Roof,273293.83,,
CLM-002108,Water Mitigation,5527.18,,
CLM-002109,Contents,102869.33,,
CLM-002110,Contents,22941.57,,
CLM-002111,Structural,151541.77,,
CLM-002112,Water Mitigation,12805.54,,
CLM-002113,Water Mitigation,27296.28,,
CLM-002113,Structural,34696.37,,
CLM-002113,Roof,82407.19,,
CLM-002114,Exterior/Siding,83539.87,,
CLM-002114,Water Mitigation,118123.47,,
CLM-002115,Structural,146959.71,,
CLM-002116,Structural,19214.02,,
CLM-002116,Roof,29164.87,,
CLM-002117,Exterior/Siding,10640.93,,
CLM-002118,Water Mitigation,21047.21,,
CLM-002119,Contents,21064.86,,
CLM-002119,Exterior/Siding,48827.78,,
CLM-002120,Roof,18488.22,,
CLM-002120,Water Mitigation,58689.05,,
CLM-002121,Water Mitigation,72598.65,,
CLM-002121,Structural,142021.71,,
CLM-002122,Contents,24333.54,,
CLM-002122,Water Mitigation,43107.33,,
CLM-002122,Structural,96858.29,,
CLM-002123,Water Mitigation,9205.6,,
CLM-002124,Exterior/Siding,50301.33,,
CLM-002125,Exterior/Siding,59668.14,,
CLM-002126,Exterior/Siding,2211.97,,
CLM-002126,Contents,2482.73,,
CLM-002126,Structural,6007.67,,
CLM-002127,Exterior/Siding,10821.53,,
CLM-002127,Structural,36520.88,,
CLM-002128,Roof,75653.9,,
CLM-002129,Contents,1299.06,,
CLM-002130,Structural,10511.84,,
CLM-002130,Water Mitigation,23721.08,,
CLM-002131,Structural,8130.44,,
CLM-002132,Contents,10385.35,,
CLM-002132,Structural,11175.31,,
CLM-002132,Roof,27313.6,,
CLM-002133,Roof,658195.47,,
CLM-002134,Water Mitigation,307633.92,,
CLM-002135,Exterior/Siding,26986.15,,
CLM-002135,Water Mitigation,47475.49,,
CLM-002136,Roof,100792.39,,
CLM-002137,Water Mitigation,178043.71,,
CLM-002138,Water Mitigation,22599.24,,
CLM-002139,Roof,4882.95,,
CLM-002139,Contents,11018.44,,
CLM-002139,Structural,26236.11,,
CLM-002140,Exterior/Siding,10188.54,,
CLM-002140,Roof,26228.8,,
CLM-002141,Contents,37327.0,,
CLM-002142,Exterior/Siding,9013.55,,
CLM-002142,Roof,22841.17,,
CLM-002143,Structural,122676.82,129007.56,2026-08-07
CLM-002144,Roof,4333.76,4452.45,2026-08-17
CLM-002144,Exterior/Siding,7097.56,6351.55,2026-08-17
CLM-002144,Structural,9347.46,8347.29,2026-08-17
CLM-002145,Contents,17246.54,,
CLM-002146,Structural,4041.32,,
CLM-002146,Roof,9661.21,,
CLM-002147,Contents,72715.86,,
CLM-002147,Exterior/Siding,196137.21,,
CLM-002148,Exterior/Siding,135664.02,,
CLM-002148,Contents,221979.26,,
CLM-002149,Contents,21257.89,,
CLM-002149,Roof,38171.47,,
CLM-002150,Roof,61408.83,,
CLM-002151,Exterior/Siding,56379.82,,
CLM-002152,Structural,46735.9,,
CLM-002152,Exterior/Siding,88572.09,,
CLM-002152,Contents,184615.41,,
CLM-002153,Structural,13022.63,,
CLM-002153,Water Mitigation,23718.38,,
CLM-002154,Contents,59941.12,,
CLM-002155,Structural,7681.85,,
CLM-002155,Exterior/Siding,15698.58,,
CLM-002156,Contents,44038.94,,
CLM-002156,Exterior/Siding,132802.63,,
CLM-002157,Water Mitigation,19028.82,,
CLM-002157,Exterior/Siding,37265.46,,
CLM-002158,Water Mitigation,24447.93,,
CLM-002158,Structural,61487.6,,
CLM-002159,Structural,6387.43,,
CLM-002160,Water Mitigation,33091.96,,
CLM-002161,Water Mitigation,27413.23,,
CLM-002162,Water Mitigation,51789.16,,
CLM-002162,Roof,157870.51,,
CLM-002163,Contents,36433.87,,
CLM-002163,Structural,57091.61,,
CLM-002164,Exterior/Siding,2467.97,,
CLM-002164,Structural,2905.64,,
CLM-002164,Roof,4853.23,,
CLM-002165,Contents,29629.77,,
CLM-002165,Exterior/Siding,40371.73,,
CLM-002165,Water Mitigation,64326.43,,
CLM-002166,Water Mitigation,3314.41,,
CLM-002167,Roof,24527.93,,
CLM-002167,Exterior/Siding,61796.47,,
CLM-002168,Exterior/Siding,41822.8,,
CLM-002169,Structural,471499.38,,
CLM-002170,Water Mitigation,6041.43,,
CLM-002170,Exterior/Siding,8332.27,,
CLM-002170,Roof,22958.11,,
CLM-002171,Exterior/Siding,19710.88,,
CLM-002172,Roof,17770.67,,
CLM-002172,Contents,34387.46,,
CLM-002172,Exterior/Siding,48004.48,,
CLM-002173,Water Mitigation,40627.35,,
CLM-002173,Roof,73134.07,,
CLM-002173,Contents,158806.59,,
CLM-002174,Contents,2487.12,,
CLM-002174,Water Mitigation,4807.34,,
CLM-002174,Structural,9600.55,,
CLM-002175,Exterior/Siding,10243.49,,
CLM-002176,Contents,135176.32,,
CLM-002177,Water Mitigation,27154.39,,
CLM-002178,Roof,15598.01,,
CLM-002179,Contents,85513.16,,
CLM-002180,Contents,18504.07,,
CLM-002180,Water Mitigation,28477.92,,
CLM-002180,Exterior/Siding,81114.72,,
CLM-002181,Exterior/Siding,4989.62,,
CLM-002181,Structural,12359.97,,
CLM-002181,Contents,14492.17,,
CLM-002182,Water Mitigation,10408.33,,
CLM-002182,Exterior/Siding,10677.22,,
CLM-002182,Roof,27542.53,,
CLM-002183,Water Mitigation,6661.54,,
CLM-002183,Roof,10881.2,,
CLM-002184,Exterior/Siding,8452.38,,
CLM-002184,Water Mitigation,11086.42,,
CLM-002184,Roof,27054.94,,
CLM-002185,Structural,865.84,,
CLM-002185,Contents,1009.27,,
CLM-002185,Exterior/Siding,1882.81,,
CLM-002186,Contents,123416.74,,
CLM-002186,Structural,350585.7,,
CLM-002187,Exterior/Siding,10798.71,,
CLM-002187,Contents,24790.28,,
CLM-002188,Water Mitigation,52047.46,,
CLM-002189,Contents,11962.6,,
CLM-002190,Roof,284490.17,,
CLM-002190,Water Mitigation,860405.79,,
CLM-002191,Exterior/Siding,5504.37,,
CLM-002192,Water Mitigation,4774.07,,
CLM-002192,Structural,8120.78,,
CLM-002192,Roof,15834.34,,
CLM-002193,Contents,23302.47,,
CLM-002193,Water Mitigation,38482.81,,
CLM-002193,Roof,71822.41,,
CLM-002194,Exterior/Siding,54047.25,,
CLM-002195,Exterior/Siding,29422.47,,
CLM-002195,Contents,39376.76,,
CLM-002196,Contents,19701.31,,
CLM-002196,Water Mitigation,23348.38,,
CLM-002196,Structural,56620.98,,
CLM-002197,Water Mitigation,32045.54,,
CLM-002197,Structural,57671.09,,
CLM-002198,Exterior/Siding,123544.88,,
CLM-002199,Roof,50946.54,,
CLM-002200,Structural,20859.71,,
CLM-002200,Roof,19392.38,,
CLM-002200,Exterior/Siding,70252.18,,
CLM-002201,Contents,64587.1,,
CLM-002201,Water Mitigation,97007.22,,
CLM-002202,Contents,213635.0,,
CLM-002203,Structural,32766.29,,
CLM-002203,Exterior/Siding,101601.52,,
CLM-002204,Water Mitigation,42471.27,,
CLM-002205,Contents,1073144.8,,
CLM-002206,Roof,40555.31,,
CLM-002206,Contents,59359.14,,
CLM-002206,Water Mitigation,125596.13,,
CLM-002207,Contents,83995.37,,
CLM-002208,Exterior/Siding,103003.14,,
CLM-002209,Exterior/Siding,8223.61,,
CLM-002209,Roof,16659.73,,
CLM-002210,Water Mitigation,257887.69,,
CLM-002211,Exterior/Siding,62089.42,,
CLM-002212,Structural,37566.2,,
CLM-002212,Contents,55494.04,,
CLM-002213,Roof,1090.71,1137.03,2026-08-16
CLM-002213,Exterior/Siding,2289.46,2399.67,2026-08-16
CLM-002213,Contents,4730.72,4769.06,2026-08-16
CLM-002214,Water Mitigation,5157.66,,
CLM-002214,Roof,12465.12,,
CLM-002214,Exterior/Siding,16967.85,,
CLM-002215,Structural,12418.93,,
CLM-002215,Roof,26509.24,,
CLM-002216,Structural,21086.88,,
CLM-002217,Structural,54336.54,61241.65,2026-08-10
CLM-002218,Roof,16020.21,,
CLM-002219,Roof,41079.84,,
CLM-002219,Exterior/Siding,60104.33,,
CLM-002219,Contents,132497.99,,
CLM-002220,Structural,44637.84,,
CLM-002221,Contents,6370.9,,
CLM-002221,Roof,10409.11,,
CLM-002222,Water Mitigation,5900.8,,
CLM-002222,Structural,6765.67,,
CLM-002222,Roof,17804.63,,
CLM-002223,Roof,115736.38,,
CLM-002224,Exterior/Siding,27396.11,,
CLM-002224,Structural,42532.63,,
CLM-002224,Water Mitigation,124749.67,,
CLM-002225,Water Mitigation,23380.55,,
CLM-002226,Roof,61625.39,,
CLM-002227,Water Mitigation,33414.21,,
CLM-002228,Structural,64710.33,,
CLM-002228,Roof,169093.34,,
CLM-002229,Water Mitigation,77922.61,,
CLM-002229,Contents,131017.54,,
CLM-002230,Exterior/Siding,14256.55,,
CLM-002231,Contents,89988.95,,
CLM-002231,Water Mitigation,199368.75,,
CLM-002232,Roof,3659.33,,
CLM-002232,Structural,9996.37,,
CLM-002233,Exterior/Siding,121438.17,,
CLM-002234,Exterior/Siding,8201.52,,
CLM-002235,Roof,39951.39,,
CLM-002236,Water Mitigation,109212.04,,
CLM-002237,Contents,159102.01,,
CLM-002237,Water Mitigation,214188.18,,
CLM-002238,Water Mitigation,72050.05,,
CLM-002238,Roof,203277.45,,
CLM-002239,Roof,43562.75,,
CLM-002240,Water Mitigation,38489.42,,
CLM-002241,Water Mitigation,49251.92,,
CLM-002241,Structural,71819.83,,
CLM-002242,Contents,72063.28,,
CLM-002243,Structural,559905.73,,
CLM-002244,Structural,77093.47,,
CLM-002245,Contents,14885.38,,
CLM-002246,Roof,35751.45,,
CLM-002247,Roof,7005.59,,
CLM-002247,Structural,16673.17,,
CLM-002248,Contents,14623.94,,
CLM-002249,Structural,28017.9,,
CLM-002250,Water Mitigation,61191.98,,
CLM-002251,Exterior/Siding,79177.46,,
CLM-002252,Contents,399360.25,,
CLM-002253,Water Mitigation,30628.08,,
CLM-002254,Roof,13653.2,,
CLM-002255,Structural,11061.82,,
CLM-002255,Exterior/Siding,38478.3,,
CLM-002256,Roof,41240.52,,
CLM-002257,Roof,56282.82,,
CLM-002257,Contents,84694.4,,
CLM-002258,Contents,17636.1,,
CLM-002259,Water Mitigation,23250.34,,
CLM-002260,Contents,5218.45,,
CLM-002260,Structural,8410.0,,
CLM-002261,Exterior/Siding,6781.37,,
CLM-002261,Roof,16452.61,,
CLM-002261,Water Mitigation,22651.83,,
CLM-002262,Contents,6923.52,,
CLM-002262,Exterior/Siding,8088.33,,
CLM-002262,Roof,21959.91,,
CLM-002263,Roof,228568.78,,
CLM-002264,Roof,13993.78,,
CLM-002264,Exterior/Siding,18140.78,,
CLM-002265,Contents,68075.39,,
CLM-002266,Roof,66681.76,,
CLM-002267,Contents,7207.57,,
CLM-002267,Structural,13492.01,,
CLM-002268,Structural,4772.95,,
CLM-002268,Exterior/Siding,13366.92,,
CLM-002269,Exterior/Siding,13954.84,,
CLM-002270,Exterior/Siding,39009.56,,
CLM-002270,Contents,54024.29,,
CLM-002271,Structural,27436.25,,
CLM-002272,Water Mitigation,25439.07,,
CLM-002273,Exterior/Siding,37286.17,,
CLM-002274,Exterior/Siding,4492.67,,
CLM-002274,Roof,10880.54,,
CLM-002275,Structural,24039.0,23661.07,2026-08-12
CLM-002275,Contents,53507.91,52905.88,2026-08-12
CLM-002276,Contents,164159.28,,
CLM-002277,Contents,76569.86,,
CLM-002278,Contents,137196.68,,
CLM-002278,Roof,194217.87,,
CLM-002279,Structural,35366.05,,
CLM-002280,Water Mitigation,274964.24,,
CLM-002281,Roof,8958.56,,
CLM-002282,Roof,46395.74,52544.98,2026-08-17
CLM-002282,Water Mitigation,86740.22,99966.9,2026-08-17
CLM-002283,Contents,30758.3,,
CLM-002284,Contents,14844.89,,
CLM-002284,Exterior/Siding,21610.31,,
CLM-002284,Structural,46875.25,,
CLM-002285,Structural,25352.0,,
CLM-002286,Structural,21057.5,,
CLM-002286,Contents,50825.62,,
CLM-002287,Roof,71558.55,,
CLM-002288,Contents,11155.87,,
CLM-002288,Exterior/Siding,22752.38,,
CLM-002289,Contents,1257.15,,
CLM-002289,Roof,3066.32,,
CLM-002290,Structural,8059.97,,
CLM-002290,Roof,16655.97,,
CLM-002291,Structural,47781.04,,
CLM-002292,Exterior/Siding,13978.9,14733.09,2026-08-11
CLM-002292,Roof,26320.08,23618.32,2026-08-11
CLM-002293,Contents,163378.03,,
CLM-002293,Exterior/Siding,273740.51,,
CLM-002294,Roof,28498.45,,
CLM-002295,Roof,3197.86,,
CLM-002296,Contents,35028.98,,
CLM-002297,Contents,102229.61,,
CLM-002298,Water Mitigation,26255.94,,
CLM-002298,Contents,33449.73,,
CLM-002299,Roof,14875.6,,
CLM-002300,Exterior/Siding,5452.33,,
CLM-002300,Water Mitigation,12156.09,,
CLM-002301,Exterior/Siding,16508.95,,
CLM-002302,Structural,13375.84,,
CLM-002302,Exterior/Siding,23653.44,,
CLM-002302,Contents,42886.14,,
CLM-002303,Roof,62330.01,,
CLM-002304,Exterior/Siding,9441.5,,
CLM-002304,Structural,20041.5,,
CLM-002305,Exterior/Siding,22838.31,,
CLM-002306,Contents,18064.71,,
CLM-002306,Roof,34302.11,,
CLM-002306,Exterior/Siding,86743.05,,
CLM-002307,Roof,21054.6,,
CLM-002307,Contents,29566.7,,
CLM-002308,Contents,39139.51,,
CLM-002309,Exterior/Siding,182841.67,,
CLM-002310,Contents,8475.16,,
CLM-002310,Roof,15807.18,,
CLM-002311,Exterior/Siding,25290.94,,
CLM-002311,Contents,43254.97,,
CLM-002312,Contents,20786.41,,
CLM-002313,Structural,10445.07,,
CLM-002313,Roof,19434.55,,
CLM-002313,Water Mitigation,25589.58,,
CLM-002314,Structural,51246.13,,
CLM-002314,Water Mitigation,123232.62,,
CLM-002315,Structural,61928.09,,
CLM-002316,Structural,37823.67,,
CLM-002317,Structural,15918.08,,
CLM-002317,Water Mitigation,18178.09,,
CLM-002317,Roof,32131.82,,
CLM-002318,Structural,14322.76,,
CLM-002318,Water Mitigation,23206.85,,
CLM-002319,Exterior/Siding,53061.43,,
CLM-002320,Structural,19457.96,,
CLM-002321,Water Mitigation,3653.15,,
CLM-002321,Exterior/Siding,11389.86,,
CLM-002322,Contents,218472.03,,
CLM-002323,Water Mitigation,1714.42,,
CLM-002323,Contents,2986.73,,
CLM-002323,Roof,7243.34,,
CLM-002324,Water Mitigation,16114.51,18247.03,2026-07-21
CLM-002324,Roof,36722.63,43009.83,2026-07-21
CLM-002324,Structural,67682.61,78751.63,2026-07-21
CLM-002325,Exterior/Siding,24936.34,,
CLM-002326,Roof,3082.89,,
CLM-002326,Exterior/Siding,7262.64,,
CLM-002327,Roof,80127.65,,
CLM-002328,Roof,100591.77,,
CLM-002329,Structural,11474.68,,
CLM-002329,Roof,19473.85,,
CLM-002330,Water Mitigation,15930.53,,
CLM-002330,Roof,31560.07,,
CLM-002331,Water Mitigation,15651.45,,
CLM-002331,Exterior/Siding,25048.03,,
CLM-002332,Structural,38358.0,,
CLM-002333,Exterior/Siding,28507.97,,
CLM-002334,Water Mitigation,34779.14,,
CLM-002335,Contents,10490.22,,
CLM-002335,Roof,20078.02,,
CLM-002336,Roof,25887.34,27861.88,2026-08-16
CLM-002336,Exterior/Siding,82443.91,93553.19,2026-08-16
CLM-002337,Exterior/Siding,246038.15,,
CLM-002337,Structural,503740.45,,
CLM-002337,Contents,798010.73,,
CLM-002338,Water Mitigation,20869.42,21145.38,2026-08-14
CLM-002339,Structural,16561.76,,
CLM-002339,Roof,23662.62,,
CLM-002340,Contents,10054.08,,
CLM-002340,Structural,11848.78,,
CLM-002340,Exterior/Siding,31524.49,,
CLM-002341,Exterior/Siding,139136.22,,
CLM-002341,Roof,266544.49,,
CLM-002342,Exterior/Siding,102286.65,,
CLM-002343,Exterior/Siding,22536.97,,
CLM-002344,Roof,4511.41,,
CLM-002344,Contents,5169.77,,
CLM-002344,Water Mitigation,10282.46,,
CLM-002345,Contents,9678.21,10694.06,2026-08-03
CLM-002345,Water Mitigation,31872.89,32801.12,2026-08-03
CLM-002346,Contents,97788.84,,
CLM-002347,Contents,26973.5,,
CLM-002348,Structural,19219.23,,
CLM-002349,Structural,31696.4,,
CLM-002350,Water Mitigation,6011.85,,
CLM-002350,Exterior/Siding,14830.79,,
CLM-002350,Roof,24192.46,,
CLM-002351,Water Mitigation,5527.71,,
CLM-002351,Roof,7532.66,,
CLM-002351,Contents,15303.54,,
CLM-002352,Roof,45605.25,,
CLM-002352,Water Mitigation,66104.83,,
CLM-002352,Structural,158340.72,,
CLM-002353,Exterior/Siding,65115.1,,
CLM-002353,Roof,138078.75,,
CLM-002354,Exterior/Siding,4655.32,,
CLM-002355,Structural,251759.98,,
CLM-002356,Water Mitigation,66421.28,,
CLM-002357,Structural,33505.22,,
CLM-002357,Roof,62754.27,,
CLM-002358,Exterior/Siding,27843.72,,
CLM-002358,Contents,47908.8,,
CLM-002359,Structural,4869.73,,
CLM-002359,Contents,8009.11,,
CLM-002359,Water Mitigation,14803.56,,
CLM-002360,Water Mitigation,76111.4,,
CLM-002361,Exterior/Siding,25566.37,,
CLM-002362,Roof,4322.75,,
CLM-002362,Contents,15433.33,,
CLM-002363,Structural,56047.19,,
CLM-002364,Roof,40446.24,,
CLM-002364,Water Mitigation,92951.33,,
CLM-002365,Contents,773980.56,,
CLM-002366,Contents,11425.89,,
CLM-002367,Contents,4823.55,,
CLM-002367,Roof,11581.6,,
CLM-002367,Structural,16268.91,,
CLM-002368,Exterior/Siding,4340.75,,
CLM-002368,Structural,11522.94,,
CLM-002369,Contents,9808.77,,
CLM-002369,Exterior/Siding,24029.64,,
CLM-002370,Exterior/Siding,51883.05,,
CLM-002371,Contents,8037.77,,
CLM-002371,Structural,14791.55,,
CLM-002372,Contents,24641.74,,
CLM-002373,Contents,7495.96,,
CLM-002373,Structural,22563.45,,
CLM-002374,Exterior/Siding,8492.88,8814.76,2026-08-11
CLM-002374,Roof,20105.43,20425.26,2026-08-11
CLM-002375,Water Mitigation,20458.45,,
CLM-002375,Structural,32603.29,,
CLM-002375,Contents,58859.1,,
CLM-002376,Water Mitigation,75153.33,,
CLM-002377,Structural,5041.59,,
CLM-002377,Water Mitigation,7687.25,,
CLM-002378,Roof,9166.89,,
CLM-002378,Exterior/Siding,21711.84,,
CLM-002379,Contents,12027.95,,
CLM-002380,Exterior/Siding,35987.68,,
CLM-002381,Contents,4853.4,,
CLM-002381,Water Mitigation,8014.98,,
CLM-002382,Roof,21032.51,,
CLM-002383,Roof,56958.57,,
CLM-002384,Contents,34381.3,,
CLM-002384,Exterior/Siding,42388.92,,
CLM-002384,Roof,123680.4,,
CLM-002385,Water Mitigation,105853.41,,
CLM-002386,Structural,480332.22,,
CLM-002386,Roof,902785.64,,
CLM-002387,Structural,42805.9,,
CLM-002387,Roof,153448.24,,
CLM-002388,Contents,329798.9,,
CLM-002388,Exterior/Siding,426363.9,,
CLM-002389,Exterior/Siding,7871.59,,
CLM-002389,Water Mitigation,15160.9,,
CLM-002390,Roof,25104.58,,
CLM-002391,Contents,137181.88,,
CLM-002392,Exterior/Siding,10001.29,,
CLM-002393,Exterior/Siding,6847.48,,
CLM-002393,Structural,13638.3,,
CLM-002394,Exterior/Siding,239894.48,,
CLM-002395,Water Mitigation,260213.41,,
CLM-002396,Contents,25278.85,,
CLM-002396,Exterior/Siding,47850.26,,
CLM-002397,Exterior/Siding,22747.36,,
CLM-002397,Structural,53017.71,,
CLM-002398,Roof,56259.12,,
CLM-002399,Contents,47820.36,,
CLM-002400,Water Mitigation,21032.94,,
CLM-002401,Exterior/Siding,38142.01,,
CLM-002401,Water Mitigation,87015.41,,
CLM-002402,Water Mitigation,44084.53,,
CLM-002402,Roof,48883.28,,
CLM-002402,Structural,149616.53,,
CLM-002403,Structural,12708.95,,
CLM-002404,Structural,59953.96,56265.44,2026-07-30
CLM-002405,Contents,237189.67,,
CLM-002406,Exterior/Siding,26636.52,,
CLM-002406,Structural,30938.46,,
CLM-002406,Roof,73624.26,,
CLM-002407,Structural,82868.97,,
CLM-002408,Structural,11584.2,,
CLM-002409,Contents,57870.78,,
CLM-002409,Structural,148637.62,,
CLM-002410,Water Mitigation,11383.62,,
CLM-002411,Water Mitigation,24913.33,28498.1,2026-07-24
CLM-002411,Contents,84653.49,84372.06,2026-07-24
CLM-002412,Contents,15502.3,,
CLM-002412,Roof,19412.86,,
CLM-002412,Structural,60256.65,,
CLM-002413,Roof,14297.14,,
CLM-002413,Water Mitigation,29691.93,,
CLM-002414,Contents,17831.74,,
CLM-002414,Exterior/Siding,25921.76,,
CLM-002414,Water Mitigation,43453.34,,
CLM-002415,Roof,3681.3,,
CLM-002415,Water Mitigation,5344.9,,
CLM-002415,Contents,11215.3,,
CLM-002416,Water Mitigation,145974.34,,
CLM-002417,Contents,15016.42,,
CLM-002417,Exterior/Siding,33800.15,,
CLM-002418,Roof,26678.62,23768.98,2026-08-07
CLM-002418,Exterior/Siding,41065.61,43135.37,2026-08-07
CLM-002418,Contents,61722.52,68885.44,2026-08-07
CLM-002419,Water Mitigation,16835.98,,
CLM-002419,Roof,22351.84,,
CLM-002420,Structural,19144.3,,
CLM-002420,Water Mitigation,27210.24,,
CLM-002421,Structural,15761.24,,
CLM-002421,Roof,42016.95,,
CLM-002422,Structural,45162.07,,
CLM-002423,Water Mitigation,24731.91,,
CLM-002423,Roof,47263.22,,
CLM-002424,Water Mitigation,49298.42,,
CLM-002425,Exterior/Siding,4845.74,,
CLM-002425,Structural,7413.27,,
CLM-002425,Roof,16262.18,,
CLM-002426,Roof,13215.2,,
CLM-002426,Exterior/Siding,28689.21,,
CLM-002427,Water Mitigation,26275.85,,
CLM-002427,Exterior/Siding,46351.1,,
CLM-002428,Water Mitigation,7327.63,,
CLM-002428,Contents,10518.69,,
CLM-002428,Roof,23665.52,,
CLM-002429,Exterior/Siding,129223.96,,
CLM-002430,Exterior/Siding,10529.15,,
CLM-002430,Structural,29561.97,,
CLM-002431,Structural,5453.97,,
CLM-002431,Contents,7434.31,,
CLM-002431,Roof,15920.74,,
CLM-002432,Exterior/Siding,2127.88,,
CLM-002432,Water Mitigation,2926.15,,
CLM-002432,Roof,5705.3,,
CLM-002433,Exterior/Siding,2468.46,,
CLM-002433,Water Mitigation,4399.77,,
CLM-002433,Structural,11703.76,,
CLM-002434,Water Mitigation,70987.59,,
CLM-002435,Exterior/Siding,39827.98,,
CLM-002435,Water Mitigation,123728.02,,
CLM-002436,Water Mitigation,4355.43,,
CLM-002437,Exterior/Siding,694232.6,,
CLM-002437,Contents,1355499.43,,
CLM-002438,Water Mitigation,39027.71,,
CLM-002439,Structural,37910.71,,
CLM-002440,Water Mitigation,35039.92,,
CLM-002441,Contents,58829.92,,
CLM-002442,Roof,5992.15,,
CLM-002443,Roof,17964.44,,
CLM-002443,Structural,29293.65,,
CLM-002443,Contents,35490.7,,
CLM-002444,Roof,35076.02,,
CLM-002444,Structural,58330.96,,
CLM-002445,Structural,11005.11,,
CLM-002446,Water Mitigation,123178.71,,
CLM-002447,Water Mitigation,13836.97,,
CLM-002447,Structural,24584.79,,
CLM-002447,Roof,47993.04,,
CLM-002448,Contents,10189.28,,
CLM-002448,Roof,23633.77,,
CLM-002449,Roof,77922.66,,
CLM-002450,Roof,4122.78,,
CLM-002450,Structural,13627.83,,
CLM-002451,Contents,4375.79,,
CLM-002452,Roof,9647.87,,
CLM-002452,Water Mitigation,22039.22,,
CLM-002452,Exterior/Siding,39043.45,,
CLM-002453,Contents,32093.38,,
CLM-002454,Exterior/Siding,74420.74,,
CLM-002454,Water Mitigation,89493.57,,
CLM-002454,Structural,177277.46,,
CLM-002455,Water Mitigation,6439.94,,
CLM-002455,Roof,13406.55,,
CLM-002456,Contents,73698.51,,
CLM-002456,Roof,171118.15,,
CLM-002457,Water Mitigation,271692.46,,
CLM-002458,Water Mitigation,10733.31,,
CLM-002459,Roof,20309.86,,
CLM-002460,Water Mitigation,9458.27,,
CLM-002460,Structural,14728.44,,
CLM-002460,Roof,22945.2,,
CLM-002461,Structural,121736.76,,
CLM-002462,Roof,16415.24,,
CLM-002462,Contents,32193.27,,
CLM-002463,Roof,17072.15,,
CLM-002464,Contents,2608.78,,
CLM-002464,Roof,5030.76,,
CLM-002464,Structural,8918.18,,
CLM-002465,Exterior/Siding,6466.13,,
CLM-002466,Water Mitigation,16651.02,,
CLM-002467,Contents,86016.65,,
CLM-002468,Roof,22822.5,,
CLM-002469,Water Mitigation,10563.44,,
CLM-002469,Roof,24496.59,,
CLM-002470,Roof,22146.21,,
CLM-002471,Exterior/Siding,1199.68,,
CLM-002471,Structural,3144.21,,
CLM-002472,Roof,75939.78,,
CLM-002472,Structural,125932.89,,
CLM-002473,Structural,6227.59,,
CLM-002473,Contents,10103.1,,
CLM-002473,Exterior/Siding,21002.92,,
CLM-002474,Water Mitigation,3344.24,,
CLM-002474,Exterior/Siding,8104.68,,
CLM-002475,Roof,12733.88,,
CLM-002475,Exterior/Siding,28671.66,,
CLM-002475,Structural,58157.71,,
CLM-002476,Roof,37901.16,,
CLM-002477,Structural,6318.67,,
CLM-002477,Water Mitigation,11887.93,,
CLM-002478,Contents,88979.06,,
CLM-002479,Structural,32886.22,,
CLM-002480,Contents,140520.91,,
CLM-002481,Roof,18032.45,,
CLM-002481,Exterior/Siding,38528.28,,
CLM-002482,Water Mitigation,26672.57,,
CLM-002483,Structural,28338.4,,
CLM-002483,Contents,41102.67,,
CLM-002483,Water Mitigation,75170.2,,
CLM-002484,Roof,2305.1,,
CLM-002484,Exterior/Siding,5253.15,,
CLM-002485,Roof,18371.09,,
CLM-002486,Structural,19301.78,,
CLM-002487,Exterior/Siding,12336.56,,
CLM-002487,Structural,35481.97,,
CLM-002488,Roof,112299.29,,
CLM-002489,Structural,27262.39,,
CLM-002489,Contents,54617.91,,
CLM-002490,Structural,12135.12,,
CLM-002490,Roof,16905.53,,
CLM-002490,Contents,29973.36,,
CLM-002491,Structural,31293.79,,
CLM-002492,Water Mitigation,14366.27,,
CLM-002492,Contents,27538.18,,
CLM-002493,Structural,28673.22,,
CLM-002494,Water Mitigation,4711.75,,
CLM-002494,Exterior/Siding,14104.76,,
CLM-002495,Contents,245285.3,288791.67,2026-08-08
CLM-002496,Exterior/Siding,18137.13,,
CLM-002497,Structural,4272.98,,
CLM-002498,Contents,20784.55,,
CLM-002498,Structural,32711.41,,
CLM-002498,Exterior/Siding,87800.84,,
CLM-002499,Structural,13557.0,,
CLM-002499,Contents,22790.04,,
CLM-002499,Exterior/Siding,55335.94,,
CLM-002500,Exterior/Siding,8876.92,,
CLM-002501,Roof,76333.4,,
CLM-002501,Contents,166239.7,,
CLM-002502,Structural,51900.87,52763.11,2026-08-12
CLM-002503,Exterior/Siding,8280.12,,
CLM-002503,Structural,13542.24,,
CLM-002504,Structural,13775.21,,
CLM-002504,Exterior/Siding,21185.73,,
CLM-002505,Water Mitigation,38127.52,,
CLM-002505,Exterior/Siding,71074.71,,
CLM-002506,Structural,8754.67,,
CLM-002507,Structural,37232.22,,
CLM-002507,Exterior/Siding,92570.72,,
CLM-002508,Roof,37986.21,,
CLM-002508,Contents,84428.78,,
CLM-002509,Structural,14892.81,,
CLM-002509,Roof,35837.58,,
CLM-002509,Water Mitigation,63541.24,,
CLM-002510,Roof,50010.84,,
CLM-002511,Water Mitigation,114539.39,,
CLM-002511,Structural,193999.02,,
CLM-002511,Exterior/Siding,358418.66,,
CLM-002512,Structural,31516.58,,
CLM-002512,Roof,47783.73,,
CLM-002512,Exterior/Siding,98346.13,,
CLM-002513,Exterior/Siding,10051.55,,
CLM-002513,Structural,23568.89,,
CLM-002514,Water Mitigation,18468.38,,
CLM-002515,Roof,442004.79,,
CLM-002516,Exterior/Siding,113154.59,,
CLM-002517,Structural,17187.76,,
CLM-002517,Water Mitigation,42844.92,,
CLM-002517,Roof,82039.88,,
CLM-002518,Roof,46801.58,,
CLM-002519,Contents,155002.57,,
CLM-002519,Roof,199959.01,,
CLM-002520,Structural,48577.33,,
CLM-002520,Water Mitigation,87364.0,,
CLM-002521,Water Mitigation,48121.84,,
CLM-002521,Roof,79695.24,,
CLM-002522,Contents,460636.04,,
CLM-002523,Roof,20936.45,,
CLM-002523,Contents,33043.41,,
CLM-002523,Exterior/Siding,63122.21,,
CLM-002524,Exterior/Siding,21851.27,,
CLM-002525,Contents,58788.97,,
CLM-002526,Contents,148653.06,,
CLM-002526,Water Mitigation,335868.7,,
CLM-002527,Contents,15641.86,,
CLM-002527,Exterior/Siding,32468.68,,
CLM-002528,Roof,5917.72,,
CLM-002528,Exterior/Siding,8354.97,,
CLM-002528,Water Mitigation,11675.89,,
CLM-002529,Roof,18570.79,,
CLM-002529,Exterior/Siding,48601.61,,
CLM-002529,Water Mitigation,66939.11,,
CLM-002530,Exterior/Siding,79040.96,,
CLM-002530,Water Mitigation,191486.23,,
CLM-002531,Structural,10182.85,,
CLM-002531,Exterior/Siding,32293.06,,
CLM-002532,Exterior/Siding,72894.68,,
CLM-002533,Water Mitigation,131869.95,,
CLM-002534,Contents,590013.1,,
CLM-002534,Roof,1677609.91,,
CLM-002535,Exterior/Siding,13260.16,,
CLM-002536,Water Mitigation,14647.67,,
CLM-002536,Roof,36018.07,,
CLM-002537,Water Mitigation,7086.63,,
CLM-002537,Roof,16107.33,,
CLM-002538,Roof,13019.74,,
CLM-002538,Contents,29255.31,,
CLM-002539,Contents,256370.15,,
CLM-002540,Roof,59561.97,,
CLM-002541,Roof,34424.36,,
CLM-002542,Contents,24876.14,29221.22,2026-07-30
CLM-002543,Exterior/Siding,12641.07,,
CLM-002543,Water Mitigation,30108.02,,
CLM-002544,Exterior/Siding,68994.43,,
CLM-002545,Roof,9939.78,,
CLM-002546,Exterior/Siding,10141.67,,
CLM-002547,Water Mitigation,7689.85,7881.35,2026-07-31
CLM-002547,Roof,13408.43,11994.89,2026-07-31
CLM-002548,Water Mitigation,8089.75,,
CLM-002549,Contents,3410.8,,
CLM-002549,Structural,6842.73,,
CLM-002549,Exterior/Siding,15415.5,,
CLM-002550,Contents,12878.08,,
CLM-002551,Structural,2343.8,,
CLM-002552,Contents,10227.74,,
CLM-002552,Water Mitigation,9691.29,,
CLM-002552,Structural,25834.63,,
CLM-002553,Water Mitigation,156095.21,,
CLM-002554,Exterior/Siding,42577.7,,
CLM-002554,Structural,56231.04,,
CLM-002555,Exterior/Siding,37773.85,,
CLM-002556,Exterior/Siding,8654.75,,
CLM-002556,Structural,11904.28,,
CLM-002556,Contents,28275.07,,
CLM-002557,Roof,60176.25,,
CLM-002557,Water Mitigation,99069.29,,
CLM-002557,Exterior/Siding,194910.78,,
CLM-002558,Exterior/Siding,25171.53,,
CLM-002559,Roof,34773.58,,
CLM-002559,Structural,57924.59,,
CLM-002560,Exterior/Siding,14309.65,,
CLM-002560,Water Mitigation,28537.25,,
CLM-002561,Exterior/Siding,43782.65,,
CLM-002561,Roof,96916.71,,
CLM-002562,Contents,27275.39,,
CLM-002563,Roof,5140.83,,
CLM-002563,Contents,10396.58,,
CLM-002563,Structural,21306.91,,
CLM-002564,Roof,63407.71,,
CLM-002565,Contents,133894.32,,
CLM-002566,Water Mitigation,49378.85,,
CLM-002567,Roof,18889.97,,
CLM-002568,Contents,19620.77,,
CLM-002568,Roof,34402.08,,
CLM-002569,Exterior/Siding,39210.47,,
CLM-002570,Contents,10638.93,,
CLM-002571,Water Mitigation,76593.57,,
CLM-002571,Roof,119754.78,,
CLM-002571,Exterior/Siding,244459.44,,
CLM-002572,Water Mitigation,28782.21,,
CLM-002573,Roof,121240.4,,
CLM-002574,Water Mitigation,3366.73,,
CLM-002574,Structural,9076.71,,
CLM-002575,Contents,13029.63,,
CLM-002575,Exterior/Siding,23749.64,,
CLM-002575,Roof,35122.59,,
CLM-002576,Contents,45841.04,,
CLM-002577,Water Mitigation,6736.18,,
CLM-002578,Structural,84811.65,,
CLM-002579,Roof,29615.7,,
CLM-002580,Structural,75892.58,,
CLM-002580,Contents,180260.53,,
CLM-002581,Water Mitigation,52423.33,,
CLM-002581,Exterior/Siding,108906.4,,
CLM-002582,Roof,3134.05,,
CLM-002582,Structural,5117.45,,
CLM-002582,Water Mitigation,10382.92,,
CLM-002583,Contents,92111.03,,
CLM-002583,Roof,220924.93,,
CLM-002584,Exterior/Siding,214695.37,,
CLM-002585,Structural,63580.33,,
CLM-002586,Water Mitigation,36026.46,,
CLM-002587,Exterior/Siding,5628.44,,
CLM-002587,Roof,9058.1,,
CLM-002588,Water Mitigation,28303.42,,
CLM-002588,Roof,48641.51,,
CLM-002589,Exterior/Siding,19071.56,,
CLM-002589,Structural,31963.72,,
CLM-002590,Water Mitigation,7398.69,,
CLM-002591,Exterior/Siding,13450.13,,
CLM-002591,Water Mitigation,35391.94,,
CLM-002592,Water Mitigation,213789.81,,
CLM-002592,Roof,421463.69,,
CLM-002593,Water Mitigation,52569.32,,
CLM-002593,Exterior/Siding,140610.19,,
CLM-002594,Structural,23527.66,,
CLM-002594,Water Mitigation,43547.56,,
CLM-002595,Roof,1777.43,,
CLM-002595,Water Mitigation,3578.38,,
CLM-002596,Contents,14913.53,,
CLM-002596,Structural,46571.16,,
CLM-002597,Exterior/Siding,10682.23,,
CLM-002598,Exterior/Siding,12094.61,,
CLM-002598,Water Mitigation,27692.18,,
CLM-002599,Structural,926225.48,,
CLM-002600,Exterior/Siding,5287.01,,
CLM-002601,Roof,10349.36,,
CLM-002601,Exterior/Siding,30609.8,,
CLM-002602,Roof,27360.35,,
CLM-002602,Contents,56590.31,,
CLM-002602,Exterior/Siding,85521.44,,
CLM-002603,Roof,12078.95,,
CLM-002604,Structural,11991.79,,
CLM-002605,Water Mitigation,47169.55,,
CLM-002606,Water Mitigation,22275.15,,
CLM-002607,Water Mitigation,97057.55,,
CLM-002607,Contents,107320.92,,
CLM-002607,Roof,226057.43,,
CLM-002608,Exterior/Siding,13305.31,,
CLM-002608,Roof,26347.31,,
CLM-002608,Structural,42715.0,,
CLM-002609,Exterior/Siding,6572.51,,
CLM-002610,Exterior/Siding,50823.53,,
CLM-002610,Structural,160960.68,,
CLM-002611,Structural,45254.61,,
CLM-002612,Exterior/Siding,16969.15,,
CLM-002612,Water Mitigation,42376.48,,
CLM-002612,Structural,52647.21,,
CLM-002613,Exterior/Siding,2906.64,,
CLM-002613,Roof,6095.11,,
CLM-002613,Water Mitigation,9191.66,,
CLM-002614,Exterior/Siding,14368.91,,
CLM-002615,Structural,53644.77,,
CLM-002615,Roof,89790.39,,
CLM-002616,Water Mitigation,177116.56,,
CLM-002617,Contents,8850.87,,
CLM-002617,Exterior/Siding,23053.24,,
CLM-002617,Water Mitigation,37613.0,,
CLM-002618,Exterior/Siding,22599.37,,
CLM-002618,Roof,35350.17,,
CLM-002619,Exterior/Siding,19351.26,,
CLM-002620,Contents,58317.28,,
CLM-002621,Contents,13407.12,,
CLM-002621,Water Mitigation,46940.87,,
CLM-002622,Contents,56429.9,,
CLM-002623,Exterior/Siding,7408.27,,
CLM-002623,Structural,12433.24,,
CLM-002623,Contents,28775.14,,
CLM-002624,Roof,9762.41,,
CLM-002624,Structural,21137.48,,
CLM-002625,Contents,82145.61,,
CLM-002626,Exterior/Siding,29745.8,,
CLM-002627,Exterior/Siding,286650.45,,
CLM-002627,Contents,504457.37,,
CLM-002628,Structural,73201.28,,
CLM-002629,Contents,7764.57,,
CLM-002629,Structural,15437.97,,
CLM-002630,Structural,402542.48,,
CLM-002631,Contents,17235.94,,
CLM-002632,Water Mitigation,40615.21,,
CLM-002633,Exterior/Siding,10932.39,,
CLM-002634,Water Mitigation,88091.98,,
CLM-002634,Contents,140371.57,,
CLM-002634,Roof,282526.89,,
CLM-002635,Contents,23166.85,,
CLM-002636,Structural,17536.76,,
CLM-002637,Contents,36488.58,,
CLM-002638,Water Mitigation,38777.02,,
CLM-002639,Structural,3986.74,,
CLM-002639,Water Mitigation,6232.36,,
CLM-002639,Roof,12550.17,,
CLM-002640,Roof,24542.54,,
CLM-002640,Water Mitigation,24424.88,,
CLM-002640,Exterior/Siding,72908.03,,
CLM-002641,Structural,16510.02,,
CLM-002641,Water Mitigation,33965.33,,
CLM-002641,Exterior/Siding,85496.2,,
CLM-002642,Contents,15200.94,,
CLM-002642,Water Mitigation,20931.09,,
CLM-002643,Water Mitigation,23598.32,,
CLM-002644,Contents,35087.8,,
CLM-002645,Water Mitigation,27017.71,,
CLM-002645,Contents,44809.47,,
CLM-002645,Structural,91877.79,,
CLM-002646,Contents,147331.89,,
CLM-002647,Roof,6686.28,,
CLM-002647,Structural,7126.93,,
CLM-002647,Water Mitigation,22742.14,,
CLM-002648,Structural,114174.03,,
CLM-002649,Roof,48133.48,,
CLM-002650,Roof,45530.2,,
CLM-002650,Structural,117577.74,,
CLM-002651,Roof,21343.82,,
CLM-002651,Water Mitigation,34888.1,,
CLM-002652,Water Mitigation,4584.82,,
CLM-002652,Structural,9093.96,,
CLM-002652,Exterior/Siding,14322.55,,
CLM-002653,Water Mitigation,3447.71,,
CLM-002653,Exterior/Siding,7347.96,,
CLM-002654,Roof,240148.41,,
CLM-002655,Water Mitigation,31586.64,,
CLM-002656,Water Mitigation,135494.57,,
CLM-002657,Water Mitigation,20518.41,,
CLM-002657,Structural,31162.65,,
CLM-002658,Contents,11455.72,,
CLM-002658,Exterior/Siding,16540.13,,
CLM-002658,Water Mitigation,23513.39,,
CLM-002659,Structural,9018.28,,
CLM-002659,Water Mitigation,30570.85,,
CLM-002660,Structural,6737.37,,
CLM-002660,Roof,6679.93,,
CLM-002660,Water Mitigation,15461.9,,
CLM-002661,Exterior/Siding,21811.55,,
CLM-002662,Structural,29913.88,,
CLM-002662,Water Mitigation,53739.91,,
CLM-002663,Structural,7747.28,,
CLM-002663,Roof,18041.52,,
CLM-002664,Exterior/Siding,28612.2,,
CLM-002665,Water Mitigation,6215.95,,
CLM-002666,Water Mitigation,18814.11,,
CLM-002666,Exterior/Siding,45250.96,,
CLM-002666,Structural,71595.7,,
CLM-002667,Structural,28268.34,,
CLM-002668,Contents,17109.44,,
CLM-002668,Water Mitigation,30142.38,,
CLM-002669,Contents,15685.05,14120.78,2026-08-09
CLM-002669,Exterior/Siding,33253.92,33637.28,2026-08-09
CLM-002670,Roof,83629.69,,
CLM-002670,Water Mitigation,132976.56,,
CLM-002670,Contents,219093.79,,
CLM-002671,Contents,214858.8,,
CLM-002672,Water Mitigation,13688.52,,
CLM-002672,Exterior/Siding,22775.03,,
CLM-002672,Structural,58978.89,,
CLM-002673,Contents,30248.99,,
CLM-002673,Exterior/Siding,59018.93,,
CLM-002674,Roof,47589.58,,
CLM-002675,Exterior/Siding,100569.08,,
CLM-002676,Contents,93044.35,,
CLM-002677,Water Mitigation,10555.39,,
CLM-002677,Contents,18889.08,,
CLM-002678,Water Mitigation,22752.52,,
CLM-002678,Contents,29337.43,,
CLM-002678,Exterior/Siding,52416.58,,
CLM-002679,Structural,33541.02,,
CLM-002679,Water Mitigation,89072.27,,
CLM-002680,Structural,45219.24,,
CLM-002680,Exterior/Siding,133270.01,,
CLM-002681,Structural,221908.38,,
CLM-002681,Roof,504412.13,,
CLM-002682,Exterior/Siding,13060.22,,
CLM-002682,Water Mitigation,31397.58,,
CLM-002683,Exterior/Siding,94518.7,,
CLM-002683,Roof,175936.5,,
CLM-002684,Structural,15428.41,,
CLM-002684,Water Mitigation,23880.32,,
CLM-002685,Roof,59965.11,,
CLM-002685,Contents,135964.11,,
CLM-002686,Structural,4047.2,,
CLM-002686,Water Mitigation,10561.27,,
CLM-002687,Contents,18394.84,,
CLM-002688,Water Mitigation,21412.86,,
CLM-002689,Exterior/Siding,10080.84,11875.6,2026-08-10
CLM-002689,Water Mitigation,19780.39,23026.73,2026-08-10
CLM-002690,Exterior/Siding,22703.64,,
CLM-002691,Structural,74273.59,,
CLM-002692,Roof,11898.24,,
CLM-002692,Water Mitigation,21358.98,,
CLM-002693,Contents,13823.26,,
CLM-002693,Water Mitigation,35849.96,,
CLM-002694,Water Mitigation,10410.53,,
CLM-002694,Exterior/Siding,15509.52,,
CLM-002694,Contents,40455.56,,
CLM-002695,Exterior/Siding,19617.28,,
CLM-002696,Exterior/Siding,126147.92,,
CLM-002697,Structural,5933.64,,
CLM-002697,Roof,12054.29,,
CLM-002697,Exterior/Siding,30273.54,,
CLM-002698,Structural,13497.43,,
CLM-002699,Exterior/Siding,7674.09,,
CLM-002699,Structural,17439.6,,
CLM-002700,Water Mitigation,796505.14,,
CLM-002701,Water Mitigation,127352.32,,
CLM-002702,Roof,3925.71,,
CLM-002702,Structural,4964.52,,
CLM-002702,Contents,8281.5,,
CLM-002703,Roof,8769.4,,
CLM-002703,Structural,14221.15,,
CLM-002704,Water Mitigation,30918.03,,
CLM-002704,Structural,61633.38,,
CLM-002705,Exterior/Siding,25743.97,,
CLM-002705,Contents,62806.35,,
CLM-002706,Contents,9490.28,,
CLM-002707,Roof,8385.51,,
CLM-002707,Water Mitigation,13827.38,,
CLM-002708,Contents,48689.81,,
CLM-002709,Contents,6021.11,,
CLM-002710,Structural,30053.48,,
CLM-002710,Contents,86200.15,,
CLM-002711,Exterior/Siding,49075.42,,
CLM-002712,Contents,102697.53,,
CLM-002713,Roof,2477.61,,
CLM-002713,Structural,4234.23,,
CLM-002713,Exterior/Siding,7212.01,,
CLM-002714,Water Mitigation,3703.7,,
CLM-002714,Contents,7650.96,,
CLM-002715,Water Mitigation,36244.38,,
CLM-002716,Water Mitigation,11197.64,,
CLM-002716,Roof,22940.42,,
CLM-002717,Exterior/Siding,115558.97,,
CLM-002718,Roof,16927.93,,
CLM-002719,Structural,215480.96,,
CLM-002720,Structural,36756.09,,
CLM-002721,Structural,3582.52,,
CLM-002721,Exterior/Siding,5827.24,,
CLM-002722,Water Mitigation,119242.27,,
CLM-002723,Structural,218381.59,,
CLM-002723,Roof,319074.87,,
CLM-002724,Roof,6271.79,,
CLM-002725,Exterior/Siding,40934.73,,
CLM-002726,Exterior/Siding,106303.09,,
CLM-002726,Structural,124477.74,,
CLM-002726,Contents,354109.14,,
CLM-002727,Water Mitigation,26829.21,,
CLM-002728,Water Mitigation,6827.04,,
CLM-002728,Roof,16117.17,,
CLM-002729,Contents,8436.11,,
CLM-002729,Exterior/Siding,21526.47,,
CLM-002729,Roof,36627.38,,
CLM-002730,Water Mitigation,128001.77,,
CLM-002730,Exterior/Siding,239538.29,,
CLM-002731,Exterior/Siding,15446.5,,
CLM-002732,Contents,41501.21,,
CLM-002733,Contents,15113.57,,
CLM-002733,Exterior/Siding,45229.94,,
CLM-002734,Contents,13376.59,,
CLM-002735,Exterior/Siding,17035.4,,
CLM-002735,Roof,26940.3,,
CLM-002736,Water Mitigation,8322.19,,
CLM-002736,Exterior/Siding,13688.99,,
CLM-002737,Water Mitigation,58968.36,,
CLM-002737,Contents,147809.67,,
CLM-002738,Contents,19961.52,,
CLM-002739,Water Mitigation,106287.85,,
CLM-002739,Exterior/Siding,169954.59,,
CLM-002740,Structural,24804.14,,
CLM-002740,Exterior/Siding,40467.3,,
CLM-002741,Exterior/Siding,43555.39,43741.85,2026-08-09
CLM-002741,Water Mitigation,140101.76,148476.18,2026-08-09
CLM-002742,Exterior/Siding,116292.79,,
CLM-002743,Exterior/Siding,9511.93,,
CLM-002743,Water Mitigation,13623.6,,
CLM-002743,Roof,34216.17,,
CLM-002744,Contents,2822.26,,
CLM-002745,Structural,8552.58,,
CLM-002745,Water Mitigation,8444.04,,
CLM-002745,Exterior/Siding,20411.73,,
CLM-002746,Exterior/Siding,18829.29,,
CLM-002746,Water Mitigation,36493.94,,
CLM-002747,Roof,49432.54,,
CLM-002747,Structural,129224.31,,
CLM-002748,Exterior/Siding,62431.24,,
CLM-002749,Structural,11571.69,,
CLM-002749,Roof,28104.52,,
CLM-002749,Contents,48269.15,,
CLM-002750,Roof,14353.86,,
CLM-002750,Structural,33973.59,,
CLM-002751,Exterior/Siding,26362.74,,
CLM-002752,Structural,22969.38,,
CLM-002753,Water Mitigation,12369.6,,
CLM-002753,Roof,39784.61,,
CLM-002754,Exterior/Siding,246184.55,,
CLM-002754,Roof,418844.62,,
CLM-002755,Contents,37554.45,,
CLM-002756,Contents,68346.34,,
CLM-002756,Water Mitigation,77247.88,,
CLM-002757,Roof,12798.36,,
CLM-002757,Contents,17452.96,,
CLM-002758,Contents,38543.06,,
CLM-002759,Structural,715.56,,
CLM-002759,Roof,1428.53,,
CLM-002759,Water Mitigation,2081.88,,
CLM-002760,Roof,19368.31,,
CLM-002760,Water Mitigation,27997.69,,
CLM-002761,Water Mitigation,44631.18,,
CLM-002761,Contents,61779.86,,
CLM-002762,Exterior/Siding,7768.11,,
CLM-002762,Contents,15932.09,,
CLM-002762,Roof,23650.92,,
CLM-002763,Structural,14119.85,,
CLM-002763,Roof,25051.19,,
CLM-002764,Roof,18313.16,,
CLM-002764,Structural,33853.85,,
CLM-002764,Exterior/Siding,48712.8,,
CLM-002765,Structural,3136.31,,
CLM-002765,Exterior/Siding,5169.18,,
CLM-002765,Roof,7749.71,,
CLM-002766,Exterior/Siding,4793.67,,
CLM-002766,Contents,9877.87,,
CLM-002767,Water Mitigation,25183.43,,
CLM-002767,Exterior/Siding,55719.33,,
CLM-002768,Contents,34717.29,,
CLM-002769,Roof,17663.44,,
CLM-002770,Structural,475896.72,,
CLM-002771,Exterior/Siding,122958.95,,
CLM-002771,Water Mitigation,312594.83,,
CLM-002771,Structural,531347.33,,
CLM-002772,Contents,27679.51,,
CLM-002772,Roof,66772.17,,
CLM-002773,Roof,10539.31,,
CLM-002773,Exterior/Siding,19881.51,,
CLM-002773,Water Mitigation,25942.55,,
CLM-002774,Exterior/Siding,12113.06,,
CLM-002774,Structural,40492.38,,
CLM-002775,Exterior/Siding,7981.73,,
CLM-002775,Roof,20671.94,,
CLM-002776,Structural,12683.76,,
CLM-002777,Roof,57996.61,,
CLM-002777,Contents,127171.87,,
CLM-002778,Contents,8428.29,,
CLM-002779,Exterior/Siding,187682.73,,
CLM-002780,Structural,100746.83,,
CLM-002780,Water Mitigation,154089.56,,
CLM-002780,Contents,305527.24,,
CLM-002781,Water Mitigation,50478.83,,
CLM-002781,Roof,68535.09,,
CLM-002782,Water Mitigation,40004.75,,
CLM-002782,Structural,44420.94,,
CLM-002782,Roof,103685.75,,
CLM-002783,Structural,13091.46,,
CLM-002783,Contents,32318.33,,
CLM-002784,Water Mitigation,10785.07,,
CLM-002785,Roof,60087.2,66674.55,2026-07-31
CLM-002786,Structural,33816.33,30326.31,2026-08-08
CLM-002787,Exterior/Siding,9483.19,,
CLM-002788,Contents,43517.46,,
CLM-002788,Roof,64485.7,,
CLM-002788,Structural,125430.82,,
CLM-002789,Contents,43621.77,,
CLM-002790,Water Mitigation,40892.4,,
CLM-002791,Water Mitigation,20656.45,,
CLM-002791,Roof,34356.68,,
CLM-002791,Contents,96656.86,,
CLM-002792,Contents,4498.72,,
CLM-002792,Roof,5671.57,,
CLM-002792,Water Mitigation,7859.31,,
CLM-002793,Roof,10152.35,,
CLM-002794,Water Mitigation,48043.49,,
CLM-002795,Contents,79898.31,,
CLM-002796,Contents,4521.56,,
CLM-002796,Water Mitigation,8554.02,,
CLM-002797,Exterior/Siding,26947.22,,
CLM-002798,Water Mitigation,11158.07,,
CLM-002799,Exterior/Siding,2986.39,,
CLM-002800,Exterior/Siding,7630.05,6857.45,2026-07-26
CLM-002800,Contents,12351.77,13335.48,2026-07-26
CLM-002801,Contents,10134.07,,
CLM-002801,Water Mitigation,17936.21,,
CLM-002801,Roof,24957.92,,
CLM-002802,Exterior/Siding,35253.56,,
CLM-002802,Structural,94143.53,,
CLM-002803,Roof,5859.0,,
CLM-002803,Structural,16571.95,,
CLM-002804,Water Mitigation,37342.1,,
CLM-002805,Structural,202926.06,,
CLM-002806,Exterior/Siding,39297.28,,
CLM-002807,Roof,24559.8,,
CLM-002808,Exterior/Siding,13567.22,,
CLM-002809,Water Mitigation,7650.21,,
CLM-002810,Roof,86542.91,,
CLM-002810,Exterior/Siding,138567.56,,
CLM-002811,Exterior/Siding,51216.26,,
CLM-002812,Exterior/Siding,6861.65,,
CLM-002812,Roof,8806.06,,
CLM-002813,Water Mitigation,44448.61,,
CLM-002813,Roof,62931.44,,
CLM-002814,Water Mitigation,26770.23,,
CLM-002814,Exterior/Siding,43980.9,,
CLM-002815,Contents,24269.51,,
CLM-002816,Exterior/Siding,74784.48,,
CLM-002817,Exterior/Siding,9967.7,,
CLM-002817,Roof,16166.85,,
CLM-002818,Water Mitigation,12616.63,,
CLM-002819,Contents,3035.17,3212.59,2026-07-31
CLM-002819,Water Mitigation,4001.42,3938.11,2026-07-31
CLM-002819,Exterior/Siding,11110.31,10424.96,2026-07-31
CLM-002820,Structural,97122.55,,
CLM-002820,Water Mitigation,210753.85,,
CLM-002821,Contents,3899.72,,
CLM-002822,Contents,44965.48,,
CLM-002823,Roof,19869.56,,
CLM-002823,Water Mitigation,31524.48,,
CLM-002823,Exterior/Siding,61715.84,,
CLM-002824,Roof,40534.48,,
CLM-002824,Exterior/Siding,113270.3,,
CLM-002825,Contents,42200.7,,
CLM-002826,Roof,85409.62,,
CLM-002826,Structural,254034.46,,
CLM-002827,Roof,10765.22,,
CLM-002827,Water Mitigation,16459.35,,
CLM-002828,Roof,16884.33,,
CLM-002828,Structural,39448.5,,
CLM-002829,Contents,14648.85,,
CLM-002830,Water Mitigation,5837.82,,
CLM-002830,Exterior/Siding,10786.87,,
CLM-002831,Roof,8084.15,,
CLM-002832,Water Mitigation,10169.61,,
CLM-002833,Structural,13224.05,,
CLM-002834,Water Mitigation,30760.41,,
CLM-002834,Exterior/Siding,85958.34,,
CLM-002835,Water Mitigation,180072.07,,
CLM-002836,Contents,29726.09,,
CLM-002836,Water Mitigation,58354.29,,
CLM-002837,Structural,127606.54,,
CLM-002838,Exterior/Siding,6386.17,,
CLM-002838,Water Mitigation,10607.12,,
CLM-002838,Contents,19073.06,,
CLM-002839,Roof,26185.95,,
CLM-002840,Water Mitigation,3497.57,,
CLM-002840,Contents,11422.08,,
CLM-002841,Contents,34286.16,,
CLM-002842,Structural,86359.0,,
CLM-002843,Water Mitigation,8277.62,,
CLM-002843,Roof,21199.25,,
CLM-002844,Water Mitigation,6703.81,,
CLM-002844,Exterior/Siding,11210.77,,
CLM-002845,Contents,44272.98,,
CLM-002845,Roof,40403.79,,
CLM-002845,Water Mitigation,117618.59,,
CLM-002846,Exterior/Siding,36792.92,,
CLM-002846,Roof,40481.26,,
CLM-002846,Structural,110072.45,,
CLM-002847,Exterior/Siding,38116.85,,
CLM-002848,Contents,43555.44,,
CLM-002849,Roof,79705.63,,
CLM-002850,Exterior/Siding,10937.09,,
CLM-002850,Water Mitigation,20056.05,,
CLM-002851,Structural,50319.42,,
CLM-002852,Contents,4485.47,,
CLM-002852,Exterior/Siding,7962.77,,
CLM-002852,Roof,22434.89,,
CLM-002853,Water Mitigation,90714.45,,
CLM-002854,Contents,48039.6,,
CLM-002855,Exterior/Siding,35131.07,,
CLM-002855,Water Mitigation,53729.32,,
CLM-002856,Exterior/Siding,62491.59,,
CLM-002856,Water Mitigation,133095.96,,
CLM-002857,Roof,5145.34,,
CLM-002857,Exterior/Siding,11260.25,,
CLM-002858,Exterior/Siding,53959.61,,
CLM-002859,Exterior/Siding,13373.96,,
CLM-002860,Contents,443056.38,,
CLM-002861,Roof,25812.86,,
CLM-002861,Exterior/Siding,57782.13,,
CLM-002862,Water Mitigation,19240.72,17793.03,2026-08-14
CLM-002862,Roof,59990.43,61823.2,2026-08-14
CLM-002863,Contents,245917.62,,
CLM-002864,Exterior/Siding,6356.66,,
CLM-002864,Contents,13805.94,,
CLM-002865,Water Mitigation,11686.39,,
CLM-002866,Water Mitigation,20771.87,,
CLM-002867,Water Mitigation,14188.31,,
CLM-002868,Structural,25443.69,,
CLM-002868,Water Mitigation,62117.11,,
CLM-002869,Exterior/Siding,7173.16,,
CLM-002869,Structural,15687.76,,
CLM-002869,Contents,35100.22,,
CLM-002870,Water Mitigation,315670.37,,
CLM-002871,Exterior/Siding,19724.04,,
CLM-002871,Water Mitigation,33042.35,,
CLM-002872,Contents,32440.13,,
CLM-002873,Contents,74118.6,,
CLM-002873,Exterior/Siding,80990.26,,
CLM-002873,Roof,164289.24,,
CLM-002874,Contents,50717.25,,
CLM-002875,Roof,62779.5,,
CLM-002876,Structural,21930.93,,
CLM-002876,Contents,45842.11,,
CLM-002877,Exterior/Siding,84354.46,,
CLM-002877,Roof,110083.73,,
CLM-002877,Contents,216274.89,,
CLM-002878,Contents,422346.8,,
CLM-002879,Contents,16897.16,,
CLM-002879,Roof,23867.01,,
CLM-002880,Roof,23658.11,,
CLM-002881,Water Mitigation,12686.7,,
CLM-002881,Exterior/Siding,19249.82,,
CLM-002881,Structural,32522.62,,
CLM-002882,Contents,15534.5,,
CLM-002882,Exterior/Siding,32229.46,,
CLM-002882,Water Mitigation,71627.84,,
CLM-002883,Exterior/Siding,12433.83,,
